position,SYM_05,SYM_06,SYM_07,SYM_08,SYM_09,SYM_10,SYM_11,SYM_12,SYM_14,SYM_15,SYM_16,SYM_17,SYM_18,SYM_19,SYM_20,SYM_21,SYM_22,SYM_23,SYM_24,SYM_25,SYM_26,SYM_27,SYM_28,SYM_29,SYM_30,SYM_31,SYM_32,SYM_33,SYM_34,SYM_35,SYM_36,SYM_37,SYM_38,SYM_39,SYM_40,SYM_41,SYM_42,SYM_43,SYM_44,SYM_45,SYM_46
-480,-0.726470,6.018554,-4.775265,-0.896689,5.152862,-1.448256,-4.253551,-0.578608,6.782848,-4.398903,5.985443,0.000000,0.000000,0.000000,0.000000,0.000000,0.000000,0.000000,0.000000,0.000000,0.000000,0.000000,0.000000,0.000000,0.000000,0.000000,0.000000,0.000000,0.000000,0.000000,0.000000,0.000000,0.000000,0.000000,0.000000,0.000000,0.000000,0.000000,0.000000,0.000000,0.000000
-476,-0.645262,6.537995,-4.918198,-1.163796,4.768288,-1.287629,-3.435495,-0.702703,6.198364,-5.405628,6.234786,0.000000,0.000000,0.000000,0.000000,0.000000,0.000000,0.000000,0.000000,0.000000,0.000000,0.000000,0.000000,0.000000,0.000000,0.000000,0.000000,0.000000,0.000000,0.000000,0.000000,0.000000,0.000000,0.000000,0.000000,0.000000,0.000000,0.000000,0.000000,0.000000,0.000000
-473,-0.587006,6.929098,-5.020838,-1.343650,4.474859,-1.169114,-2.827603,-0.799365,5.768412,-6.140683,6.414690,0.000000,0.000000,0.000000,0.000000,0.000000,0.000000,0.000000,0.000000,0.000000,0.000000,0.000000,0.000000,0.000000,0.000000,0.000000,0.000000,0.000000,0.000000,0.000000,0.000000,0.000000,0.000000,0.000000,0.000000,0.000000,0.000000,0.000000,0.000000,0.000000,0.000000
-469,-0.510876,7.424741,-5.148406,-1.553150,4.061892,-1.007491,-2.040953,-0.928362,5.212934,-7.059597,6.630096,0.000000,0.000000,0.000000,0.000000,0.000000,0.000000,0.000000,0.000000,0.000000,0.000000,0.000000,0.000000,0.000000,0.000000,0.000000,0.000000,0.000000,0.000000,0.000000,0.000000,0.000000,0.000000,0.000000,0.000000,0.000000,0.000000,0.000000,0.000000,0.000000,0.000000
-465,-0.443349,7.883387,-5.253762,-1.711440,3.619930,-0.853956,-1.291182,-1.060058,4.691133,-7.873249,6.806042,0.000000,0.000000,0.000000,0.000000,0.000000,0.000000,0.000000,0.000000,0.000000,0.000000,0.000000,0.000000,0.000000,0.000000,0.000000,0.000000,0.000000,0.000000,0.000000,0.000000,0.000000,0.000000,0.000000,0.000000,0.000000,0.000000,0.000000,0.000000,0.000000,0.000000
-461,-0.393948,8.290262,-5.324495,-1.803039,3.151034,-0.711375,-0.590009,-1.192484,4.214052,-8.545001,6.928954,0.000000,0.000000,0.000000,0.000000,0.000000,0.000000,0.000000,0.000000,0.000000,0.000000,0.000000,0.000000,0.000000,0.000000,0.000000,0.000000,0.000000,0.000000,0.000000,0.000000,0.000000,0.000000,0.000000,0.000000,0.000000,0.000000,0.000000,0.000000,0.000000,0.000000
-458,-0.371594,8.560716,-5.347911,-1.814089,2.781351,-0.618967,-0.102501,-1.295010,3.895634,-8.931067,6.975284,0.000000,0.000000,0.000000,0.000000,0.000000,0.000000,0.000000,0.000000,0.000000,0.000000,0.000000,0.000000,0.000000,0.000000,0.000000,0.000000,0.000000,0.000000,0.000000,0.000000,0.000000,0.000000,0.000000,0.000000,0.000000,0.000000,0.000000,0.000000,0.000000,0.000000
-454,-0.362592,8.866905,-5.321052,-1.737385,2.253098,-0.529618,0.468257,-1.436949,3.534769,-9.259695,6.970554,0.000000,0.000000,0.000000,0.000000,0.000000,0.000000,0.000000,0.000000,0.000000,0.000000,0.000000,0.000000,0.000000,0.000000,0.000000,0.000000,0.000000,0.000000,0.000000,0.000000,0.000000,0.000000,0.000000,0.000000,0.000000,0.000000,0.000000,0.000000,0.000000,0.000000
-450,-0.391737,9.107090,-5.216486,-1.532191,1.709758,-0.470912,0.948994,-1.584607,3.252896,-9.349080,6.871736,0.000000,0.000000,0.000000,0.000000,0.000000,0.000000,0.000000,0.000000,0.000000,0.000000,0.000000,0.000000,0.000000,0.000000,0.000000,0.000000,0.000000,0.000000,0.000000,0.000000,0.000000,0.000000,0.000000,0.000000,0.000000,0.000000,0.000000,0.000000,0.000000,0.000000
-446,-0.436678,9.257576,-5.017569,-1.198931,1.138493,-0.474303,1.328037,-1.749809,3.050544,-9.165870,6.669155,-0.334253,0.223418,0.000000,0.000000,0.000000,0.000000,0.000000,0.000000,0.000000,0.000000,0.000000,0.000000,0.000000,0.000000,0.000000,0.000000,0.000000,0.000000,0.000000,0.000000,0.000000,0.000000,0.000000,0.000000,0.000000,0.000000,0.000000,0.000000,0.000000,0.000000
-443,-0.488007,9.326429,-4.801892,-0.855858,0.701464,-0.498563,1.551665,-1.879660,2.930190,-8.889734,6.461554,-0.632962,0.442486,0.000000,0.000000,0.000000,0.000000,0.000000,0.000000,0.000000,0.000000,0.000000,0.000000,0.000000,0.000000,0.000000,0.000000,0.000000,0.000000,0.000000,0.000000,0.000000,0.000000,0.000000,0.000000,0.000000,0.000000,0.000000,0.000000,0.000000,0.000000
-439,-0.572639,9.345469,-4.429234,-0.283298,0.115294,-0.544057,1.795600,-2.043156,2.787929,-8.394958,6.140054,-1.065867,0.819414,0.000000,0.000000,0.000000,0.000000,0.000000,0.000000,0.000000,0.000000,0.000000,0.000000,0.000000,0.000000,0.000000,0.000000,0.000000,0.000000,0.000000,0.000000,0.000000,0.000000,0.000000,0.000000,0.000000,0.000000,0.000000,0.000000,0.000000,0.000000
-435,-0.620252,9.308969,-3.952983,0.404916,-0.471821,-0.578234,2.027251,-2.140764,2.633056,-7.796328,5.820832,-1.446203,1.328730,0.000000,0.000000,0.000000,0.000000,0.000000,0.000000,0.000000,0.000000,0.000000,0.000000,0.000000,0.000000,0.000000,0.000000,0.000000,0.000000,0.000000,0.000000,0.000000,0.000000,0.000000,0.000000,0.000000,0.000000,0.000000,0.000000,0.000000,0.000000
-431,-0.756876,9.078368,-3.424220,1.172648,-1.098455,-0.598239,2.208212,-2.259707,2.398569,-7.232481,5.446569,-1.873294,1.895258,0.000000,0.000000,0.000000,0.000000,0.000000,0.000000,0.000000,0.000000,0.000000,0.000000,0.000000,0.000000,0.000000,0.000000,0.000000,0.000000,0.000000,0.000000,0.000000,0.000000,0.000000,0.000000,0.000000,0.000000,0.000000,0.000000,0.000000,0.000000
-428,-0.814426,8.851926,-2.968449,1.797147,-1.587710,-0.587960,2.361928,-2.286879,2.167672,-6.819070,5.211675,-2.093655,2.425309,0.000000,0.000000,0.000000,0.000000,0.000000,0.000000,0.000000,0.000000,0.000000,0.000000,0.000000,0.000000,0.000000,0.000000,0.000000,0.000000,0.000000,0.000000,0.000000,0.000000,0.000000,0.000000,0.000000,0.000000,0.000000,0.000000,0.000000,0.000000
-424,-0.865918,8.407051,-2.313394,2.647083,-2.290106,-0.519691,2.620499,-2.220304,1.751324,-6.314896,4.971800,-2.254423,3.233817,0.000000,0.000000,0.000000,0.000000,0.000000,0.000000,0.000000,0.000000,0.000000,0.000000,0.000000,0.000000,0.000000,0.000000,0.000000,0.000000,0.000000,0.000000,0.000000,0.000000,0.000000,0.000000,0.000000,0.000000,0.000000,0.000000,0.000000,0.000000
-420,-0.894262,7.752035,-1.645711,3.481492,-3.103691,-0.439604,2.931020,-2.043504,1.157523,-6.024379,4.783913,-2.235664,4.224374,0.000000,0.000000,0.000000,0.000000,0.000000,0.000000,0.000000,0.000000,0.000000,0.000000,0.000000,0.000000,0.000000,0.000000,0.000000,0.000000,0.000000,0.000000,0.000000,0.000000,0.000000,0.000000,0.000000,0.000000,0.000000,0.000000,0.000000,0.000000
-416,-0.870985,6.890136,-0.958620,4.270004,-4.023189,-0.307603,3.314981,-1.718411,0.391295,-5.870253,4.723798,-1.982162,5.340901,0.000000,0.000000,0.000000,0.000000,0.000000,0.000000,0.000000,0.000000,0.000000,0.000000,0.000000,0.000000,0.000000,0.000000,0.000000,0.000000,0.000000,0.000000,0.000000,0.000000,0.000000,0.000000,0.000000,0.000000,0.000000,0.000000,0.000000,0.000000
-413,-0.825469,6.123043,-0.451587,4.825429,-4.785063,-0.185352,3.617795,-1.411836,-0.260239,-5.809436,4.724465,-1.678274,6.248603,0.000000,0.000000,0.000000,0.000000,0.000000,0.000000,0.000000,0.000000,0.000000,0.000000,0.000000,0.000000,0.000000,0.000000,0.000000,0.000000,0.000000,0.000000,0.000000,0.000000,0.000000,0.000000,0.000000,0.000000,0.000000,0.000000,0.000000,0.000000
-409,-0.726781,4.994730,0.179457,5.514607,-5.849318,0.001915,4.018865,-0.962228,-1.162385,-5.822114,4.745539,-1.165462,7.467723,0.000000,0.000000,0.000000,0.000000,0.000000,0.000000,0.000000,0.000000,0.000000,0.000000,0.000000,0.000000,0.000000,0.000000,0.000000,0.000000,0.000000,0.000000,0.000000,0.000000,0.000000,0.000000,0.000000,0.000000,0.000000,0.000000,0.000000,0.000000
-405,-0.595817,3.791776,0.745105,6.173233,-6.926717,0.239153,4.377133,-0.517395,-2.024248,-5.820835,4.718444,-0.636321,8.652518,0.000000,0.000000,0.000000,0.000000,0.000000,0.000000,0.000000,0.000000,0.000000,0.000000,0.000000,0.000000,0.000000,0.000000,0.000000,0.000000,0.000000,0.000000,0.000000,0.000000,0.000000,0.000000,0.000000,0.000000,0.000000,0.000000,0.000000,0.000000
-401,-0.440344,2.637850,1.212635,6.764666,-7.975710,0.546416,4.654692,-0.160737,-2.762651,-5.782267,4.571893,-0.185044,9.726030,0.000000,0.000000,0.000000,0.000000,0.000000,0.000000,0.000000,0.000000,0.000000,0.000000,0.000000,0.000000,0.000000,0.000000,0.000000,0.000000,0.000000,0.000000,0.000000,0.000000,0.000000,0.000000,0.000000,0.000000,0.000000,0.000000,0.000000,0.000000
-398,-0.307869,1.759985,1.519307,7.288522,-8.686968,0.797526,4.815213,0.038251,-3.152974,-5.668578,4.398061,0.065576,10.400360,0.000000,0.000000,0.000000,0.000000,0.000000,0.000000,0.000000,0.000000,0.000000,0.000000,0.000000,0.000000,0.000000,0.000000,0.000000,0.000000,0.000000,0.000000,0.000000,0.000000,0.000000,0.000000,0.000000,0.000000,0.000000,0.000000,0.000000,0.000000
-394,-0.140144,0.769678,1.804021,7.960788,-9.491600,1.288245,4.936586,0.092553,-3.427509,-5.412270,3.953930,0.179550,11.102587,0.000000,0.000000,0.000000,0.000000,0.000000,0.000000,0.000000,0.000000,0.000000,0.000000,0.000000,0.000000,0.000000,0.000000,0.000000,0.000000,0.000000,0.000000,0.000000,0.000000,0.000000,0.000000,0.000000,0.000000,0.000000,0.000000,0.000000,0.000000
-390,0.000000,0.000000,1.934825,8.696042,-10.083946,1.912363,4.954687,-0.136549,-3.330227,-4.974670,3.270776,-0.043176,11.503467,0.000000,0.000000,0.000000,0.000000,0.000000,0.000000,0.000000,0.000000,0.000000,0.000000,0.000000,0.000000,0.000000,0.000000,0.000000,0.000000,0.000000,0.000000,0.000000,0.000000,0.000000,0.000000,0.000000,0.000000,0.000000,0.000000,0.000000,0.000000
-386,0.000000,0.000000,1.958423,9.447402,-10.361426,2.624261,4.783611,-0.731175,-2.863473,-4.298920,2.221181,-0.618633,11.493967,-0.175217,1.014210,0.000000,0.000000,0.000000,0.000000,0.000000,0.000000,0.000000,0.000000,0.000000,0.000000,0.000000,0.000000,0.000000,0.000000,0.000000,0.000000,0.000000,0.000000,0.000000,0.000000,0.000000,0.000000,0.000000,0.000000,0.000000,0.000000
-383,0.000000,0.000000,1.865929,10.026230,-10.401102,3.268857,4.653496,-1.342140,-2.284825,-3.680219,1.332655,-1.280906,11.292366,-0.355821,1.977747,0.000000,0.000000,0.000000,0.000000,0.000000,0.000000,0.000000,0.000000,0.000000,0.000000,0.000000,0.000000,0.000000,0.000000,0.000000,0.000000,0.000000,0.000000,0.000000,0.000000,0.000000,0.000000,0.000000,0.000000,0.000000,0.000000
-379,0.000000,0.000000,1.627835,10.791267,-10.260990,4.238049,4.390944,-2.323697,-1.343340,-2.706745,0.088372,-2.413661,10.822700,-0.622508,3.453655,0.000000,0.000000,0.000000,0.000000,0.000000,0.000000,0.000000,0.000000,0.000000,0.000000,0.000000,0.000000,0.000000,0.000000,0.000000,0.000000,0.000000,0.000000,0.000000,0.000000,0.000000,0.000000,0.000000,0.000000,0.000000,0.000000
-375,0.000000,0.000000,1.288628,11.419938,-9.924388,5.302426,4.046040,-3.335127,-0.352097,-1.598717,-1.129185,-3.709882,10.222349,-0.871180,5.044956,0.000000,0.000000,0.000000,0.000000,0.000000,0.000000,0.000000,0.000000,0.000000,0.000000,0.000000,0.000000,0.000000,0.000000,0.000000,0.000000,0.000000,0.000000,0.000000,0.000000,0.000000,0.000000,0.000000,0.000000,0.000000,0.000000
-371,0.000000,0.000000,0.895579,11.850512,-9.401198,6.384426,3.589006,-4.278473,0.578963,-0.412278,-2.198422,-5.063324,9.482267,-1.124971,6.633589,0.000000,0.000000,0.000000,0.000000,0.000000,0.000000,0.000000,0.000000,0.000000,0.000000,0.000000,0.000000,0.000000,0.000000,0.000000,0.000000,0.000000,0.000000,0.000000,0.000000,0.000000,0.000000,0.000000,0.000000,0.000000,0.000000
-368,0.000000,0.000000,0.579066,11.991821,-8.899733,7.199821,3.174097,-4.851120,1.151920,0.507396,-2.866936,-6.074539,8.894628,-1.255775,7.757027,0.000000,0.000000,0.000000,0.000000,0.000000,0.000000,0.000000,0.000000,0.000000,0.000000,0.000000,0.000000,0.000000,0.000000,0.000000,0.000000,0.000000,0.000000,0.000000,0.000000,0.000000,0.000000,0.000000,0.000000,0.000000,0.000000
-364,0.000000,0.000000,0.195356,11.845951,-8.078179,8.214744,2.437748,-5.333935,1.697189,1.686600,-3.528185,-7.308995,8.064649,-1.318758,9.049025,0.000000,0.000000,0.000000,0.000000,0.000000,0.000000,0.000000,0.000000,0.000000,0.000000,0.000000,0.000000,0.000000,0.000000,0.000000,0.000000,0.000000,0.000000,0.000000,0.000000,0.000000,0.000000,0.000000,0.000000,0.000000,0.000000
-360,0.000000,0.000000,-0.113758,11.257921,-7.083876,9.120718,1.525051,-5.381506,1.872812,2.738714,-3.845018,-8.351750,7.228556,-1.234181,9.998149,0.000000,0.000000,0.000000,0.000000,0.000000,0.000000,0.000000,0.000000,0.000000,0.000000,0.000000,0.000000,0.000000,0.000000,0.000000,0.000000,0.000000,0.000000,0.000000,0.000000,0.000000,0.000000,0.000000,0.000000,0.000000,0.000000
-356,0.000000,0.000000,-0.308625,10.184726,-5.919056,9.890004,0.475031,-4.914126,1.615624,3.582972,-3.757086,-9.135553,6.407848,-0.983417,10.512805,0.000000,0.000000,0.000000,0.000000,0.000000,0.000000,0.000000,0.000000,0.000000,0.000000,0.000000,0.000000,0.000000,0.000000,0.000000,0.000000,0.000000,0.000000,0.000000,0.000000,0.000000,0.000000,0.000000,0.000000,0.000000,0.000000
-353,0.000000,0.000000,-0.376724,9.118048,-4.952591,10.375629,-0.377448,-4.271863,1.182433,4.046584,-3.461707,-9.555891,5.793128,-0.705406,10.639489,0.000000,0.000000,0.000000,0.000000,0.000000,0.000000,0.000000,0.000000,0.000000,0.000000,0.000000,0.000000,0.000000,0.000000,0.000000,0.000000,0.000000,0.000000,0.000000,0.000000,0.000000,0.000000,0.000000,0.000000,0.000000,0.000000
-349,0.000000,0.000000,-0.380742,7.481638,-3.577270,10.934359,-1.483320,-3.084882,0.354174,4.514427,-2.789283,-9.919785,4.974529,-0.249982,10.546382,0.000000,0.000000,0.000000,0.000000,0.000000,0.000000,0.000000,0.000000,0.000000,0.000000,0.000000,0.000000,0.000000,0.000000,0.000000,0.000000,0.000000,0.000000,0.000000,0.000000,0.000000,0.000000,0.000000,0.000000,0.000000,0.000000
-345,0.000000,0.000000,-0.377886,5.694900,-2.235234,11.379239,-2.606481,-1.705719,-0.671380,4.751668,-2.051987,-10.121350,4.173837,0.143749,10.268065,0.000000,0.000000,0.000000,0.000000,0.000000,0.000000,0.000000,0.000000,0.000000,0.000000,0.000000,0.000000,0.000000,0.000000,0.000000,0.000000,0.000000,0.000000,0.000000,0.000000,0.000000,0.000000,0.000000,0.000000,0.000000,0.000000
-341,0.000000,0.000000,-0.257195,3.891422,-0.934669,11.751901,-3.633299,-0.153553,-1.785454,4.892251,-1.171125,-10.148501,3.340501,0.522310,9.827392,0.000000,0.000000,0.000000,0.000000,0.000000,0.000000,0.000000,0.000000,0.000000,0.000000,0.000000,0.000000,0.000000,0.000000,0.000000,0.000000,0.000000,0.000000,0.000000,0.000000,0.000000,0.000000,0.000000,0.000000,0.000000,0.000000
-338,0.000000,0.000000,-0.140934,2.612780,-0.017388,11.955917,-4.319270,1.054044,-2.608827,4.922050,-0.516808,-10.061327,2.716789,0.761185,9.526800,0.000000,0.000000,0.000000,0.000000,0.000000,0.000000,0.000000,0.000000,0.000000,0.000000,0.000000,0.000000,0.000000,0.000000,0.000000,0.000000,0.000000,0.000000,0.000000,0.000000,0.000000,0.000000,0.000000,0.000000,0.000000,0.000000
-334,0.000000,0.000000,-0.075409,1.143931,0.988584,12.183471,-5.140865,2.526761,-3.572057,4.945994,0.238773,-9.818787,1.888574,0.885611,9.132567,0.000000,0.000000,0.000000,0.000000,0.000000,0.000000,0.000000,0.000000,0.000000,0.000000,0.000000,0.000000,0.000000,0.000000,0.000000,0.000000,0.000000,0.000000,0.000000,0.000000,0.000000,0.000000,0.000000,0.000000,0.000000,0.000000
-330,0.000000,0.000000,0.000000,0.000000,1.742622,12.279510,-5.840480,3.799662,-4.261090,4.961664,0.835018,-9.410995,1.044431,0.845877,8.926491,0.000000,0.000000,0.000000,0.000000,0.000000,0.000000,0.000000,0.000000,0.000000,0.000000,0.000000,0.000000,0.000000,0.000000,0.000000,0.000000,0.000000,0.000000,0.000000,0.000000,0.000000,0.000000,0.000000,0.000000,0.000000,0.000000
-326,0.000000,0.000000,0.000000,0.000000,2.214675,12.181183,-6.395751,4.641348,-4.603595,4.901918,1.194101,-8.816244,0.102075,0.632789,8.883318,0.016728,1.044142,0.000000,0.000000,0.000000,0.000000,0.000000,0.000000,0.000000,0.000000,0.000000,0.000000,0.000000,0.000000,0.000000,0.000000,0.000000,0.000000,0.000000,0.000000,0.000000,0.000000,0.000000,0.000000,0.000000,0.000000
-323,0.000000,0.000000,0.000000,0.000000,2.380357,12.022037,-6.731602,5.081081,-4.638981,4.826364,1.312011,-8.261502,-0.580745,0.348913,8.975464,0.039041,2.032966,0.000000,0.000000,0.000000,0.000000,0.000000,0.000000,0.000000,0.000000,0.000000,0.000000,0.000000,0.000000,0.000000,0.000000,0.000000,0.000000,0.000000,0.000000,0.000000,0.000000,0.000000,0.000000,0.000000,0.000000
-319,0.000000,0.000000,0.000000,0.000000,2.386633,11.661401,-7.091822,5.433785,-4.428171,4.666610,1.328174,-7.410216,-1.464946,-0.197303,9.160798,0.085106,3.502331,0.000000,0.000000,0.000000,0.000000,0.000000,0.000000,0.000000,0.000000,0.000000,0.000000,0.000000,0.000000,0.000000,0.000000,0.000000,0.000000,0.000000,0.000000,0.000000,0.000000,0.000000,0.000000,0.000000,0.000000
-315,0.000000,0.000000,0.000000,0.000000,2.233491,11.150869,-7.336020,5.607564,-3.977377,4.436621,1.218427,-6.428630,-2.254197,-0.854928,9.354759,0.148945,5.108993,0.000000,0.000000,0.000000,0.000000,0.000000,0.000000,0.000000,0.000000,0.000000,0.000000,0.000000,0.000000,0.000000,0.000000,0.000000,0.000000,0.000000,0.000000,0.000000,0.000000,0.000000,0.000000,0.000000,0.000000
-311,0.000000,0.000000,0.000000,0.000000,1.946001,10.481258,-7.489079,5.689735,-3.378579,4.103813,0.988914,-5.337960,-2.901286,-1.646738,9.470991,0.235235,6.678995,0.000000,0.000000,0.000000,0.000000,0.000000,0.000000,0.000000,0.000000,0.000000,0.000000,0.000000,0.000000,0.000000,0.000000,0.000000,0.000000,0.000000,0.000000,0.000000,0.000000,0.000000,0.000000,0.000000,0.000000
-308,0.000000,0.000000,0.000000,0.000000,1.676472,9.877953,-7.551287,5.745592,-2.865424,3.797028,0.753976,-4.454758,-3.258340,-2.302227,9.464645,0.313221,7.783884,0.000000,0.000000,0.000000,0.000000,0.000000,0.000000,0.000000,0.000000,0.000000,0.000000,0.000000,0.000000,0.000000,0.000000,0.000000,0.000000,0.000000,0.000000,0.000000,0.000000,0.000000,0.000000,0.000000,0.000000
-304,0.000000,0.000000,0.000000,0.000000,1.308718,8.953277,-7.533619,5.904028,-2.145453,3.291290,0.363010,-3.238513,-3.543112,-3.262942,9.241929,0.425721,9.057992,0.000000,0.000000,0.000000,0.000000,0.000000,0.000000,0.000000,0.000000,0.000000,0.000000,0.000000,0.000000,0.000000,0.000000,0.000000,0.000000,0.000000,0.000000,0.000000,0.000000,0.000000,0.000000,0.000000,0.000000
-300,0.000000,0.000000,0.000000,0.000000,0.968808,7.900555,-7.424327,6.255924,-1.430800,2.699707,-0.117959,-1.974481,-3.540993,-4.300100,8.722115,0.543723,10.016364,0.000000,0.000000,0.000000,0.000000,0.000000,0.000000,0.000000,0.000000,0.000000,0.000000,0.000000,0.000000,0.000000,0.000000,0.000000,0.000000,0.000000,0.000000,0.000000,0.000000,0.000000,0.000000,0.000000,0.000000
-296,0.000000,0.000000,0.000000,0.000000,0.696356,6.738589,-7.234300,6.877681,-0.758068,2.037472,-0.687055,-0.679654,-3.218689,-5.392065,7.864713,0.659212,10.584165,0.000000,0.000000,0.000000,0.000000,0.000000,0.000000,0.000000,0.000000,0.000000,0.000000,0.000000,0.000000,0.000000,0.000000,0.000000,0.000000,0.000000,0.000000,0.000000,0.000000,0.000000,0.000000,0.000000,0.000000
-293,0.000000,0.000000,0.000000,0.000000,0.540132,5.825074,-7.036674,7.495945,-0.274003,1.516019,-1.149894,0.283811,-2.809956,-6.231046,7.031512,0.732324,10.769774,0.000000,0.000000,0.000000,0.000000,0.000000,0.000000,0.000000,0.000000,0.000000,0.000000,0.000000,0.000000,0.000000,0.000000,0.000000,0.000000,0.000000,0.000000,0.000000,0.000000,0.000000,0.000000,0.000000,0.000000
-289,0.000000,0.000000,0.000000,0.000000,0.396257,4.575853,-6.699591,8.475524,0.348388,0.803104,-1.787973,1.567466,-2.086876,-7.313277,5.775985,0.817840,10.787056,0.000000,0.000000,0.000000,0.000000,0.000000,0.000000,0.000000,0.000000,0.000000,0.000000,0.000000,0.000000,0.000000,0.000000,0.000000,0.000000,0.000000,0.000000,0.000000,0.000000,0.000000,0.000000,0.000000,0.000000
-285,0.000000,0.000000,0.000000,0.000000,0.273389,3.431787,-6.335333,9.514812,0.927485,0.091786,-2.434048,2.770631,-1.279587,-8.318586,4.475764,0.870647,10.563251,0.000000,0.000000,0.000000,0.000000,0.000000,0.000000,0.000000,0.000000,0.000000,0.000000,0.000000,0.000000,0.000000,0.000000,0.000000,0.000000,0.000000,0.000000,0.000000,0.000000,0.000000,0.000000,0.000000,0.000000
-281,0.000000,0.000000,0.000000,0.000000,0.196384,2.280204,-5.967853,10.588745,1.609781,-0.645428,-3.048530,3.959781,-0.432536,-9.122933,3.103730,0.892576,10.190279,0.000000,0.000000,0.000000,0.000000,0.000000,0.000000,0.000000,0.000000,0.000000,0.000000,0.000000,0.000000,0.000000,0.000000,0.000000,0.000000,0.000000,0.000000,0.000000,0.000000,0.000000,0.000000,0.000000,0.000000
-278,0.000000,0.000000,0.000000,0.000000,0.120128,1.520231,-5.638881,11.194028,2.048209,-1.189812,-3.483695,4.729019,0.109148,-9.698432,2.259061,0.809153,9.815199,0.000000,0.000000,0.000000,0.000000,0.000000,0.000000,0.000000,0.000000,0.000000,0.000000,0.000000,0.000000,0.000000,0.000000,0.000000,0.000000,0.000000,0.000000,0.000000,0.000000,0.000000,0.000000,0.000000,0.000000
-274,0.000000,0.000000,0.000000,0.000000,0.056919,0.659477,-5.209309,11.939392,2.651368,-1.896789,-3.906381,5.687528,0.727651,-10.150891,1.271395,0.720624,9.339673,0.000000,0.000000,0.000000,0.000000,0.000000,0.000000,0.000000,0.000000,0.000000,0.000000,0.000000,0.000000,0.000000,0.000000,0.000000,0.000000,0.000000,0.000000,0.000000,0.000000,0.000000,0.000000,0.000000,0.000000
-270,0.000000,0.000000,0.000000,0.000000,0.000000,0.000000,-4.765091,12.394058,3.243144,-2.584843,-4.135033,6.471518,1.087295,-10.296321,0.578481,0.572490,8.892253,0.000000,0.000000,0.000000,0.000000,0.000000,0.000000,0.000000,0.000000,0.000000,0.000000,0.000000,0.000000,0.000000,0.000000,0.000000,0.000000,0.000000,0.000000,0.000000,0.000000,0.000000,0.000000,0.000000,0.000000
-266,0.000000,0.000000,0.000000,0.000000,0.000000,0.000000,-4.282793,12.454946,3.777350,-3.244987,-4.132925,7.022089,1.116566,-10.111927,0.167118,0.371529,8.476168,0.038726,0.572791,0.000000,0.000000,0.000000,0.000000,0.000000,0.000000,0.000000,0.000000,0.000000,0.000000,0.000000,0.000000,0.000000,0.000000,0.000000,0.000000,0.000000,0.000000,0.000000,0.000000,0.000000,0.000000
-263,0.000000,0.000000,0.000000,0.000000,0.000000,0.000000,-3.913551,12.290006,4.190181,-3.731947,-4.007005,7.259905,0.911055,-9.773786,0.051189,0.163885,8.212255,0.071854,1.095376,0.000000,0.000000,0.000000,0.000000,0.000000,0.000000,0.000000,0.000000,0.000000,0.000000,0.000000,0.000000,0.000000,0.000000,0.000000,0.000000,0.000000,0.000000,0.000000,0.000000,0.000000,0.000000
-259,0.000000,0.000000,0.000000,0.000000,0.000000,0.000000,-3.401397,11.804526,4.709448,-4.287836,-3.633398,7.402285,0.472106,-9.132189,0.071301,-0.183552,7.848528,0.105685,1.882532,0.000000,0.000000,0.000000,0.000000,0.000000,0.000000,0.000000,0.000000,0.000000,0.000000,0.000000,0.000000,0.000000,0.000000,0.000000,0.000000,0.000000,0.000000,0.000000,0.000000,0.000000,0.000000
-255,0.000000,0.000000,0.000000,0.000000,0.000000,0.000000,-2.912000,11.062448,5.250255,-4.765668,-3.157432,7.336243,-0.072737,-8.329250,0.110692,-0.639519,7.589737,0.209921,2.742384,0.000000,0.000000,0.000000,0.000000,0.000000,0.000000,0.000000,0.000000,0.000000,0.000000,0.000000,0.000000,0.000000,0.000000,0.000000,0.000000,0.000000,0.000000,0.000000,0.000000,0.000000,0.000000
-251,0.000000,0.000000,0.000000,0.000000,0.000000,0.000000,-2.402189,10.128667,5.811131,-5.193344,-2.498886,7.130653,-0.800725,-7.368576,0.373245,-1.185748,7.136405,0.242593,3.648625,0.000000,0.000000,0.000000,0.000000,0.000000,0.000000,0.000000,0.000000,0.000000,0.000000,0.000000,0.000000,0.000000,0.000000,0.000000,0.000000,0.000000,0.000000,0.000000,0.000000,0.000000,0.000000
-248,0.000000,0.000000,0.000000,0.000000,0.000000,0.000000,-1.990617,9.355345,6.272030,-5.478483,-1.985308,6.905500,-1.313655,-6.610882,0.523969,-1.588521,6.826842,0.285505,4.315087,0.000000,0.000000,0.000000,0.000000,0.000000,0.000000,0.000000,0.000000,0.000000,0.000000,0.000000,0.000000,0.000000,0.000000,0.000000,0.000000,0.000000,0.000000,0.000000,0.000000,0.000000,0.000000
-244,0.000000,0.000000,0.000000,0.000000,0.000000,0.000000,-1.522532,8.215879,6.899242,-5.763292,-1.284721,6.513740,-1.957069,-5.549762,0.678665,-2.273097,6.388414,0.347596,5.132602,0.000000,0.000000,0.000000,0.000000,0.000000,0.000000,0.000000,0.000000,0.000000,0.000000,0.000000,0.000000,0.000000,0.000000,0.000000,0.000000,0.000000,0.000000,0.000000,0.000000,0.000000,0.000000
-240,0.000000,0.000000,0.000000,0.000000,0.000000,0.000000,-1.110500,7.027089,7.577031,-5.990864,-0.613226,6.065257,-2.499748,-4.455774,0.759213,-3.036415,5.915047,0.414710,5.855914,0.000000,0.000000,0.000000,0.000000,0.000000,0.000000,0.000000,0.000000,0.000000,0.000000,0.000000,0.000000,0.000000,0.000000,0.000000,0.000000,0.000000,0.000000,0.000000,0.000000,0.000000,0.000000
-236,0.000000,0.000000,0.000000,0.000000,0.000000,0.000000,-0.774673,5.834035,8.297275,-6.181809,-0.010192,5.590303,-2.892390,-3.343397,0.739872,-3.858883,5.414796,0.488219,6.459279,0.000000,0.000000,0.000000,0.000000,0.000000,0.000000,0.000000,0.000000,0.000000,0.000000,0.000000,0.000000,0.000000,0.000000,0.000000,0.000000,0.000000,0.000000,0.000000,0.000000,0.000000,0.000000
-233,0.000000,0.000000,0.000000,0.000000,0.000000,0.000000,-0.569525,4.962883,8.844829,-6.289752,0.403324,5.214721,-3.093286,-2.500182,0.666803,-4.496694,5.036059,0.539641,6.848564,0.000000,0.000000,0.000000,0.000000,0.000000,0.000000,0.000000,0.000000,0.000000,0.000000,0.000000,0.000000,0.000000,0.000000,0.000000,0.000000,0.000000,0.000000,0.000000,0.000000,0.000000,0.000000
-229,0.000000,0.000000,0.000000,0.000000,0.000000,0.000000,-0.400873,3.847021,9.494081,-6.392855,0.931595,4.668148,-3.260689,-1.376819,0.502502,-5.345338,4.532752,0.617171,7.311312,0.000000,0.000000,0.000000,0.000000,0.000000,0.000000,0.000000,0.000000,0.000000,0.000000,0.000000,0.000000,0.000000,0.000000,0.000000,0.000000,0.000000,0.000000,0.000000,0.000000,0.000000,0.000000
-225,0.000000,0.000000,0.000000,0.000000,0.000000,0.000000,-0.211454,2.790035,10.060874,-6.460775,1.416068,4.075227,-3.302164,-0.253845,0.280001,-6.158007,4.061649,0.682050,7.664519,0.000000,0.000000,0.000000,0.000000,0.000000,0.000000,0.000000,0.000000,0.000000,0.000000,0.000000,0.000000,0.000000,0.000000,0.000000,0.000000,0.000000,0.000000,0.000000,0.000000,0.000000,0.000000
-221,0.000000,0.000000,0.000000,0.000000,0.000000,0.000000,-0.110717,1.845987,10.421418,-6.447115,1.912746,3.409099,-3.247885,0.846537,0.000479,-6.899208,3.617669,0.731575,8.002964,0.000000,0.000000,0.000000,0.000000,0.000000,0.000000,0.000000,0.000000,0.000000,0.000000,0.000000,0.000000,0.000000,0.000000,0.000000,0.000000,0.000000,0.000000,0.000000,0.000000,0.000000,0.000000
-218,0.000000,0.000000,0.000000,0.000000,0.000000,0.000000,-0.065106,1.224732,10.534134,-6.379197,2.308116,2.861793,-3.148253,1.652441,-0.244191,-7.393670,3.312854,0.751883,8.240969,0.000000,0.000000,0.000000,0.000000,0.000000,0.000000,0.000000,0.000000,0.000000,0.000000,0.000000,0.000000,0.000000,0.000000,0.000000,0.000000,0.000000,0.000000,0.000000,0.000000,0.000000,0.000000
-214,0.000000,0.000000,0.000000,0.000000,0.000000,0.000000,-0.021320,0.524003,10.407390,-6.203712,2.855682,2.054761,-2.933369,2.676343,-0.602567,-7.938238,2.941046,0.754285,8.556527,0.000000,0.000000,0.000000,0.000000,0.000000,0.000000,0.000000,0.000000,0.000000,0.000000,0.000000,0.000000,0.000000,0.000000,0.000000,0.000000,0.000000,0.000000,0.000000,0.000000,0.000000,0.000000
-210,0.000000,0.000000,0.000000,0.000000,0.000000,0.000000,0.000000,0.000000,9.909297,-5.908939,3.464306,1.162707,-2.628867,3.632211,-1.000812,-8.334237,2.611694,0.717002,8.876647,0.000000,0.000000,0.000000,0.000000,0.000000,0.000000,0.000000,0.000000,0.000000,0.000000,0.000000,0.000000,0.000000,0.000000,0.000000,0.000000,0.000000,0.000000,0.000000,0.000000,0.000000,0.000000
-206,0.000000,0.000000,0.000000,0.000000,0.000000,0.000000,0.000000,0.000000,8.990593,-5.481611,4.124916,0.180743,-2.250766,4.499267,-1.425956,-8.549948,2.310573,0.638323,9.199465,0.000000,0.000000,0.000000,0.000000,0.000000,0.000000,0.000000,0.000000,0.000000,0.000000,0.000000,0.000000,0.000000,0.000000,0.000000,0.000000,0.000000,0.000000,0.000000,0.000000,0.000000,0.000000
-203,0.000000,0.000000,0.000000,0.000000,0.000000,0.000000,0.000000,0.000000,8.081708,-5.080959,4.668134,-0.598911,-1.922033,5.071922,-1.755640,-8.598311,2.106581,0.539082,9.428373,0.000000,0.000000,0.000000,0.000000,0.000000,0.000000,0.000000,0.000000,0.000000,0.000000,0.000000,0.000000,0.000000,0.000000,0.000000,0.000000,0.000000,0.000000,0.000000,0.000000,0.000000,0.000000
-199,0.000000,0.000000,0.000000,0.000000,0.000000,0.000000,0.000000,0.000000,6.664019,-4.461197,5.445498,-1.658415,-1.440799,5.733659,-2.183679,-8.517151,1.860906,0.336931,9.680199,0.000000,0.000000,0.000000,0.000000,0.000000,0.000000,0.000000,0.000000,0.000000,0.000000,0.000000,0.000000,0.000000,0.000000,0.000000,0.000000,0.000000,0.000000,0.000000,0.000000,0.000000,0.000000
-195,0.000000,0.000000,0.000000,0.000000,0.000000,0.000000,0.000000,0.000000,5.109218,-3.769033,6.269546,-2.724124,-0.938824,6.265590,-2.581013,-8.263057,1.641489,0.046627,9.830626,0.000000,0.000000,0.000000,0.000000,0.000000,0.000000,0.000000,0.000000,0.000000,0.000000,0.000000,0.000000,0.000000,0.000000,0.000000,0.000000,0.000000,0.000000,0.000000,0.000000,0.000000,0.000000
-191,0.000000,0.000000,0.000000,0.000000,0.000000,0.000000,0.000000,0.000000,3.532162,-3.027744,7.137068,-3.770875,-0.449441,6.651550,-2.939694,-7.829531,1.455746,-0.342942,9.844254,0.000000,0.000000,0.000000,0.000000,0.000000,0.000000,0.000000,0.000000,0.000000,0.000000,0.000000,0.000000,0.000000,0.000000,0.000000,0.000000,0.000000,0.000000,0.000000,0.000000,0.000000,0.000000
-188,0.000000,0.000000,0.000000,0.000000,0.000000,0.000000,0.000000,0.000000,2.397961,-2.456554,7.805480,-4.531123,-0.109255,6.834074,-3.169937,-7.383748,1.336032,-0.704511,9.737202,0.000000,0.000000,0.000000,0.000000,0.000000,0.000000,0.000000,0.000000,0.000000,0.000000,0.000000,0.000000,0.000000,0.000000,0.000000,0.000000,0.000000,0.000000,0.000000,0.000000,0.000000,0.000000
-184,0.000000,0.000000,0.000000,0.000000,0.000000,0.000000,0.000000,0.000000,1.052772,-1.697172,8.735074,-5.477558,0.292670,6.949105,-3.424936,-6.624724,1.223526,-1.300854,9.424395,0.000000,0.000000,0.000000,0.000000,0.000000,0.000000,0.000000,0.000000,0.000000,0.000000,0.000000,0.000000,0.000000,0.000000,0.000000,0.000000,0.000000,0.000000,0.000000,0.000000,0.000000,0.000000
-180,0.000000,0.000000,0.000000,0.000000,0.000000,0.000000,0.000000,0.000000,0.000000,-0.964879,9.701631,-6.336132,0.610576,6.890012,-3.621258,-5.664084,1.169424,-2.030632,8.888281,0.000000,0.000000,0.000000,0.000000,0.000000,0.000000,0.000000,0.000000,0.000000,0.000000,0.000000,0.000000,0.000000,0.000000,0.000000,0.000000,0.000000,0.000000,0.000000,0.000000,0.000000,0.000000
-176,0.000000,0.000000,0.000000,0.000000,0.000000,0.000000,0.000000,0.000000,0.000000,-0.218582,10.621773,-7.047005,0.766487,6.582134,-3.768943,-4.533543,1.064223,-2.869952,8.013053,0.178627,1.021717,0.000000,0.000000,0.000000,0.000000,0.000000,0.000000,0.000000,0.000000,0.000000,0.000000,0.000000,0.000000,0.000000,0.000000,0.000000,0.000000,0.000000,0.000000,0.000000,0.000000
-173,0.000000,0.000000,0.000000,0.000000,0.000000,0.000000,0.000000,0.000000,0.000000,0.312353,11.315026,-7.462981,0.869949,6.250520,-3.842638,-3.608464,0.999921,-3.587268,7.226283,0.324203,1.993732,0.000000,0.000000,0.000000,0.000000,0.000000,0.000000,0.000000,0.000000,0.000000,0.000000,0.000000,0.000000,0.000000,0.000000,0.000000,0.000000,0.000000,0.000000,0.000000,0.000000
-169,0.000000,0.000000,0.000000,0.000000,0.000000,0.000000,0.000000,0.000000,0.000000,0.963537,12.157857,-7.869935,1.004740,5.672210,-3.881574,-2.301150,0.914968,-4.603777,6.061534,0.525885,3.474501,0.000000,0.000000,0.000000,0.000000,0.000000,0.000000,0.000000,0.000000,0.000000,0.000000,0.000000,0.000000,0.000000,0.000000,0.000000,0.000000,0.000000,0.000000,0.000000,0.000000
-165,0.000000,0.000000,0.000000,0.000000,0.000000,0.000000,0.000000,0.000000,0.000000,1.532051,12.842210,-8.099951,1.179938,4.953692,-3.864028,-0.947595,0.811979,-5.635018,4.844396,0.717250,5.072784,0.000000,0.000000,0.000000,0.000000,0.000000,0.000000,0.000000,0.000000,0.000000,0.000000,0.000000,0.000000,0.000000,0.000000,0.000000,0.000000,0.000000,0.000000,0.000000,0.000000
-161,0.000000,0.000000,0.000000,0.000000,0.000000,0.000000,0.000000,0.000000,0.000000,1.992635,13.278905,-8.151063,1.425277,4.112898,-3.778705,0.411237,0.671810,-6.617658,3.651255,0.882925,6.679804,0.000000,0.000000,0.000000,0.000000,0.000000,0.000000,0.000000,0.000000,0.000000,0.000000,0.000000,0.000000,0.000000,0.000000,0.000000,0.000000,0.000000,0.000000,0.000000,0.000000
-158,0.000000,0.000000,0.000000,0.000000,0.000000,0.000000,0.000000,0.000000,0.000000,2.254484,13.401929,-8.065967,1.685426,3.416752,-3.673805,1.411321,0.530631,-7.290843,2.823395,0.975062,7.828807,0.000000,0.000000,0.000000,0.000000,0.000000,0.000000,0.000000,0.000000,0.000000,0.000000,0.000000,0.000000,0.000000,0.000000,0.000000,0.000000,0.000000,0.000000,0.000000,0.000000
-154,0.000000,0.000000,0.000000,0.000000,0.000000,0.000000,0.000000,0.000000,0.000000,2.476968,13.206193,-7.791749,2.134230,2.387273,-3.468810,2.670985,0.280124,-8.042220,1.859736,1.053880,9.191107,0.000000,0.000000,0.000000,0.000000,0.000000,0.000000,0.000000,0.000000,0.000000,0.000000,0.000000,0.000000,0.000000,0.000000,0.000000,0.000000,0.000000,0.000000,0.000000,0.000000
-150,0.000000,0.000000,0.000000,0.000000,0.000000,0.000000,0.000000,0.000000,0.000000,2.534685,12.538432,-7.318503,2.748504,1.279232,-3.190283,3.808410,-0.057096,-8.582631,1.131399,1.057332,10.263410,0.000000,0.000000,0.000000,0.000000,0.000000,0.000000,0.000000,0.000000,0.000000,0.000000,0.000000,0.000000,0.000000,0.000000,0.000000,0.000000,0.000000,0.000000,0.000000,0.000000
-146,0.000000,0.000000,0.000000,0.000000,0.000000,0.000000,0.000000,0.000000,0.000000,2.417038,11.355257,-6.646028,3.549057,0.123694,-2.832720,4.789265,-0.484256,-8.874214,0.685668,0.965036,10.958269,0.000000,0.000000,0.000000,0.000000,0.000000,0.000000,0.000000,0.000000,0.000000,0.000000,0.000000,0.000000,0.000000,0.000000,0.000000,0.000000,0.000000,0.000000,0.000000,0.000000
-143,0.000000,0.000000,0.000000,0.000000,0.000000,0.000000,0.000000,0.000000,0.000000,2.236537,10.192148,-6.030475,4.251955,-0.771481,-2.528018,5.398264,-0.862267,-8.926430,0.517107,0.837393,11.244960,0.000000,0.000000,0.000000,0.000000,0.000000,0.000000,0.000000,0.000000,0.000000,0.000000,0.000000,0.000000,0.000000,0.000000,0.000000,0.000000,0.000000,0.000000,0.000000,0.000000
-139,0.000000,0.000000,0.000000,0.000000,0.000000,0.000000,0.000000,0.000000,0.000000,1.900322,8.383935,-5.106035,5.277843,-1.949681,-2.069835,6.063952,-1.394492,-8.806548,0.455730,0.575941,11.343120,0.000000,0.000000,0.000000,0.000000,0.000000,0.000000,0.000000,0.000000,0.000000,0.000000,0.000000,0.000000,0.000000,0.000000,0.000000,0.000000,0.000000,0.000000,0.000000,0.000000
-135,0.000000,0.000000,0.000000,0.000000,0.000000,0.000000,0.000000,0.000000,0.000000,1.494686,6.412301,-4.109059,6.357930,-3.089838,-1.571630,6.557062,-1.932864,-8.480820,0.530112,0.214200,11.162323,0.000000,0.000000,0.000000,0.000000,0.000000,0.000000,0.000000,0.000000,0.000000,0.000000,0.000000,0.000000,0.000000,0.000000,0.000000,0.000000,0.000000,0.000000,0.000000,0.000000
-131,0.000000,0.000000,0.000000,0.000000,0.000000,0.000000,0.000000,0.000000,0.000000,1.056775,4.420091,-3.095797,7.440837,-4.161867,-1.051196,6.885443,-2.446404,-7.967482,0.685540,-0.251216,10.751852,0.000000,0.000000,0.000000,0.000000,0.000000,0.000000,0.000000,0.000000,0.000000,0.000000,0.000000,0.000000,0.000000,0.000000,0.000000,0.000000,0.000000,0.000000,0.000000,0.000000
-128,0.000000,0.000000,0.000000,0.000000,0.000000,0.000000,0.000000,0.000000,0.000000,0.733364,2.996963,-2.355108,8.222348,-4.908230,-0.658503,7.011301,-2.803539,-7.465010,0.823313,-0.661642,10.325129,0.000000,0.000000,0.000000,0.000000,0.000000,0.000000,0.000000,0.000000,0.000000,0.000000,0.000000,0.000000,0.000000,0.000000,0.000000,0.000000,0.000000,0.000000,0.000000,0.000000
-124,0.000000,0.000000,0.000000,0.000000,0.000000,0.000000,0.000000,0.000000,0.000000,0.331491,1.313257,-1.446394,9.191079,-5.791535,-0.134825,7.060655,-3.210949,-6.650531,1.002922,-1.303806,9.647338,0.000000,0.000000,0.000000,0.000000,0.000000,0.000000,0.000000,0.000000,0.000000,0.000000,0.000000,0.000000,0.000000,0.000000,0.000000,0.000000,0.000000,0.000000,0.000000,0.000000
-120,0.000000,0.000000,0.000000,0.000000,0.000000,0.000000,0.000000,0.000000,0.000000,0.000000,0.000000,-0.679778,10.019641,-6.537259,0.370362,6.954432,-3.522489,-5.673063,1.129910,-2.042129,8.897518,0.000000,0.000000,0.000000,0.000000,0.000000,0.000000,0.000000,0.000000,0.000000,0.000000,0.000000,0.000000,0.000000,0.000000,0.000000,0.000000,0.000000,0.000000,0.000000,0.000000
-116,0.000000,0.000000,0.000000,0.000000,0.000000,0.000000,0.000000,0.000000,0.000000,0.000000,0.000000,-0.071701,10.581053,-7.140217,0.755900,6.635341,-3.728589,-4.530070,1.103497,-2.815840,8.057300,0.039036,0.733399,0.000000,0.000000,0.000000,0.000000,0.000000,0.000000,0.000000,0.000000,0.000000,0.000000,0.000000,0.000000,0.000000,0.000000,0.000000,0.000000,0.000000,0.000000
-113,0.000000,0.000000,0.000000,0.000000,0.000000,0.000000,0.000000,0.000000,0.000000,0.000000,0.000000,0.283263,10.895538,-7.455863,1.061327,6.303607,-3.817116,-3.621909,1.010054,-3.456241,7.419342,0.057940,1.438280,0.000000,0.000000,0.000000,0.000000,0.000000,0.000000,0.000000,0.000000,0.000000,0.000000,0.000000,0.000000,0.000000,0.000000,0.000000,0.000000,0.000000,0.000000
-109,0.000000,0.000000,0.000000,0.000000,0.000000,0.000000,0.000000,0.000000,0.000000,0.000000,0.000000,0.636859,11.139040,-7.717563,1.484003,5.738798,-3.839787,-2.363565,0.803888,-4.344757,6.560949,0.076678,2.524702,0.000000,0.000000,0.000000,0.000000,0.000000,0.000000,0.000000,0.000000,0.000000,0.000000,0.000000,0.000000,0.000000,0.000000,0.000000,0.000000,0.000000,0.000000
-105,0.000000,0.000000,0.000000,0.000000,0.000000,0.000000,0.000000,0.000000,0.000000,0.000000,0.000000,0.863827,11.174349,-7.800123,1.936677,5.038480,-3.775388,-1.078635,0.511028,-5.240462,5.727150,0.084973,3.726776,0.000000,0.000000,0.000000,0.000000,0.000000,0.000000,0.000000,0.000000,0.000000,0.000000,0.000000,0.000000,0.000000,0.000000,0.000000,0.000000,0.000000,0.000000
-101,0.000000,0.000000,0.000000,0.000000,0.000000,0.000000,0.000000,0.000000,0.000000,0.000000,0.000000,0.987583,10.984892,-7.717205,2.426525,4.219333,-3.624414,0.205413,0.160780,-6.095328,4.922126,0.089487,4.972169,0.000000,0.000000,0.000000,0.000000,0.000000,0.000000,0.000000,0.000000,0.000000,0.000000,0.000000,0.000000,0.000000,0.000000,0.000000,0.000000,0.000000,0.000000
-98,0.000000,0.000000,0.000000,0.000000,0.000000,0.000000,0.000000,0.000000,0.000000,0.000000,0.000000,1.023178,10.695715,-7.547387,2.834214,3.536267,-3.467925,1.152026,-0.131177,-6.688474,4.354836,0.086717,5.900671,0.000000,0.000000,0.000000,0.000000,0.000000,0.000000,0.000000,0.000000,0.000000,0.000000,0.000000,0.000000,0.000000,0.000000,0.000000,0.000000,0.000000,0.000000
-94,0.000000,0.000000,0.000000,0.000000,0.000000,0.000000,0.000000,0.000000,0.000000,0.000000,0.000000,1.013762,10.086077,-7.185949,3.414366,2.524328,-3.202475,2.350324,-0.542844,-7.375967,3.650745,0.085760,7.065444,0.000000,0.000000,0.000000,0.000000,0.000000,0.000000,0.000000,0.000000,0.000000,0.000000,0.000000,0.000000,0.000000,0.000000,0.000000,0.000000,0.000000,0.000000
-90,0.000000,0.000000,0.000000,0.000000,0.000000,0.000000,0.000000,0.000000,0.000000,0.000000,0.000000,0.953348,9.224308,-6.670081,4.066730,1.427267,-2.886469,3.457106,-0.962449,-7.916823,3.026264,0.079178,8.094390,0.000000,0.000000,0.000000,0.000000,0.000000,0.000000,0.000000,0.000000,0.000000,0.000000,0.000000,0.000000,0.000000,0.000000,0.000000,0.000000,0.000000,0.000000
-86,0.000000,0.000000,0.000000,0.000000,0.000000,0.000000,0.000000,0.000000,0.000000,0.000000,0.000000,0.859605,8.117187,-6.010358,4.800124,0.272810,-2.528195,4.449127,-1.367587,-8.281541,2.493594,0.059558,8.929050,0.000000,0.000000,0.000000,0.000000,0.000000,0.000000,0.000000,0.000000,0.000000,0.000000,0.000000,0.000000,0.000000,0.000000,0.000000,0.000000,0.000000,0.000000
-83,0.000000,0.000000,0.000000,0.000000,0.000000,0.000000,0.000000,0.000000,0.000000,0.000000,0.000000,0.776063,7.162824,-5.435632,5.395728,-0.626212,-2.243527,5.095692,-1.666470,-8.428913,2.152226,0.030407,9.418441,0.000000,0.000000,0.000000,0.000000,0.000000,0.000000,0.000000,0.000000,0.000000,0.000000,0.000000,0.000000,0.000000,0.000000,0.000000,0.000000,0.000000,0.000000
-79,0.000000,0.000000,0.000000,0.000000,0.000000,0.000000,0.000000,0.000000,0.000000,0.000000,0.000000,0.647905,5.789577,-4.592531,6.237604,-1.823623,-1.842393,5.837957,-2.037636,-8.460380,1.770560,-0.056582,9.882545,0.000000,0.000000,0.000000,0.000000,0.000000,0.000000,0.000000,0.000000,0.000000,0.000000,0.000000,0.000000,0.000000,0.000000,0.000000,0.000000,0.000000,0.000000
-75,0.000000,0.000000,0.000000,0.000000,0.000000,0.000000,0.000000,0.000000,0.000000,0.000000,0.000000,0.504538,4.365341,-3.701011,7.117804,-2.993088,-1.428577,6.421562,-2.376055,-8.294197,1.461773,-0.214177,10.126620,0.000000,0.000000,0.000000,0.000000,0.000000,0.000000,0.000000,0.000000,0.000000,0.000000,0.000000,0.000000,0.000000,0.000000,0.000000,0.000000,0.000000,0.000000
-71,0.000000,0.000000,0.000000,0.000000,0.000000,0.000000,0.000000,0.000000,0.000000,0.000000,0.000000,0.365127,2.979420,-2.790207,8.008508,-4.120086,-1.013502,6.848679,-2.678324,-7.930617,1.222707,-0.470314,10.149558,0.000000,0.000000,0.000000,0.000000,0.000000,0.000000,0.000000,0.000000,0.000000,0.000000,0.000000,0.000000,0.000000,0.000000,0.000000,0.000000,0.000000,0.000000
-68,0.000000,0.000000,0.000000,0.000000,0.000000,0.000000,0.000000,0.000000,0.000000,0.000000,0.000000,0.260898,2.009515,-2.115668,8.682750,-4.913694,-0.713877,7.039272,-2.885545,-7.515974,1.092163,-0.734944,10.017764,0.000000,0.000000,0.000000,0.000000,0.000000,0.000000,0.000000,0.000000,0.000000,0.000000,0.000000,0.000000,0.000000,0.000000,0.000000,0.000000,0.000000,0.000000
-64,0.000000,0.000000,0.000000,0.000000,0.000000,0.000000,0.000000,0.000000,0.000000,0.000000,0.000000,0.123949,0.876871,-1.260382,9.583645,-5.869384,-0.322865,7.146778,-3.128621,-6.775164,0.984480,-1.215755,9.654743,0.000000,0.000000,0.000000,0.000000,0.000000,0.000000,0.000000,0.000000,0.000000,0.000000,0.000000,0.000000,0.000000,0.000000,0.000000,0.000000,0.000000,0.000000
-60,0.000000,0.000000,0.000000,0.000000,0.000000,0.000000,0.000000,0.000000,0.000000,0.000000,0.000000,0.000000,0.000000,-0.485624,10.469150,-6.691667,0.044833,7.051396,-3.344535,-5.806098,0.949872,-1.855467,9.076527,0.000000,0.000000,0.000000,0.000000,0.000000,0.000000,0.000000,0.000000,0.000000,0.000000,0.000000,0.000000,0.000000,0.000000,0.000000,0.000000,0.000000,0.000000
-56,0.000000,0.000000,0.000000,0.000000,0.000000,0.000000,0.000000,0.000000,0.000000,0.000000,0.000000,0.000000,0.000000,0.233167,11.259091,-7.325501,0.329990,6.692978,-3.541650,-4.637210,0.889049,-2.644398,8.207749,0.147460,0.970485,0.000000,0.000000,0.000000,0.000000,0.000000,0.000000,0.000000,0.000000,0.000000,0.000000,0.000000,0.000000,0.000000,0.000000,0.000000,0.000000
-53,0.000000,0.000000,0.000000,0.000000,0.000000,0.000000,0.000000,0.000000,0.000000,0.000000,0.000000,0.000000,0.000000,0.715891,11.821473,-7.660941,0.560936,6.303791,-3.671872,-3.672182,0.854858,-3.344403,7.440509,0.269075,1.893282,0.000000,0.000000,0.000000,0.000000,0.000000,0.000000,0.000000,0.000000,0.000000,0.000000,0.000000,0.000000,0.000000,0.000000,0.000000,0.000000
-49,0.000000,0.000000,0.000000,0.000000,0.000000,0.000000,0.000000,0.000000,0.000000,0.000000,0.000000,0.000000,0.000000,1.277020,12.463693,-7.944389,0.885311,5.639650,-3.798901,-2.306749,0.805711,-4.365932,6.310338,0.443598,3.305774,0.000000,0.000000,0.000000,0.000000,0.000000,0.000000,0.000000,0.000000,0.000000,0.000000,0.000000,0.000000,0.000000,0.000000,0.000000,0.000000
-45,0.000000,0.000000,0.000000,0.000000,0.000000,0.000000,0.000000,0.000000,0.000000,0.000000,0.000000,0.000000,0.000000,1.739868,12.933339,-8.047855,1.246761,4.838104,-3.865458,-0.898393,0.729363,-5.434388,5.123338,0.618704,4.845801,0.000000,0.000000,0.000000,0.000000,0.000000,0.000000,0.000000,0.000000,0.000000,0.000000,0.000000,0.000000,0.000000,0.000000,0.000000,0.000000
-41,0.000000,0.000000,0.000000,0.000000,0.000000,0.000000,0.000000,0.000000,0.000000,0.000000,0.000000,0.000000,0.000000,2.097803,13.164098,-7.996057,1.647378,3.941179,-3.846587,0.499316,0.612714,-6.480743,3.941046,0.791417,6.416773,0.000000,0.000000,0.000000,0.000000,0.000000,0.000000,0.000000,0.000000,0.000000,0.000000,0.000000,0.000000,0.000000,0.000000,0.000000,0.000000
-38,0.000000,0.000000,0.000000,0.000000,0.000000,0.000000,0.000000,0.000000,0.000000,0.000000,0.000000,0.000000,0.000000,2.278355,13.150499,-7.854131,1.988185,3.224539,-3.769267,1.516123,0.478264,-7.221328,3.101653,0.907066,7.567275,0.000000,0.000000,0.000000,0.000000,0.000000,0.000000,0.000000,0.000000,0.000000,0.000000,0.000000,0.000000,0.000000,0.000000,0.000000,0.000000
-34,0.000000,0.000000,0.000000,0.000000,0.000000,0.000000,0.000000,0.000000,0.000000,0.000000,0.000000,0.000000,0.000000,2.413832,12.805944,-7.571098,2.467855,2.211173,-3.563444,2.783391,0.227132,-8.083914,2.092553,1.045305,8.978382,0.000000,0.000000,0.000000,0.000000,0.000000,0.000000,0.000000,0.000000,0.000000,0.000000,0.000000,0.000000,0.000000,0.000000,0.000000,0.000000
-30,0.000000,0.000000,0.000000,0.000000,0.000000,0.000000,0.000000,0.000000,0.000000,0.000000,0.000000,0.000000,0.000000,2.412919,12.047047,-7.178231,3.000959,1.191181,-3.219076,3.904595,-0.115511,-8.750113,1.271941,1.155688,10.171011,0.000000,0.000000,0.000000,0.000000,0.000000,0.000000,0.000000,0.000000,0.000000,0.000000,0.000000,0.000000,0.000000,0.000000,0.000000,0.000000
-26,0.000000,0.000000,0.000000,0.000000,0.000000,0.000000,0.000000,0.000000,0.000000,0.000000,0.000000,0.000000,0.000000,2.269000,10.839610,-6.698806,3.586937,0.199000,-2.721412,4.851399,-0.552796,-9.178569,0.680947,1.218539,11.064713,0.000000,0.000000,0.000000,0.000000,0.000000,0.000000,0.000000,0.000000,0.000000,0.000000,0.000000,0.000000,0.000000,0.000000,0.000000,0.000000
-23,0.000000,0.000000,0.000000,0.000000,0.000000,0.000000,0.000000,0.000000,0.000000,0.000000,0.000000,0.000000,0.000000,2.085947,9.693909,-6.287804,4.058876,-0.538810,-2.276337,5.429506,-0.936697,-9.329311,0.381893,1.232746,11.538313,0.000000,0.000000,0.000000,0.000000,0.000000,0.000000,0.000000,0.000000,0.000000,0.000000,0.000000,0.000000,0.000000,0.000000,0.000000,0.000000
-19,0.000000,0.000000,0.000000,0.000000,0.000000,0.000000,0.000000,0.000000,0.000000,0.000000,0.000000,0.000000,0.000000,1.763514,7.945318,-5.682555,4.726469,-1.486290,-1.608265,6.050929,-1.473573,-9.329812,0.133619,1.173983,11.906899,0.000000,0.000000,0.000000,0.000000,0.000000,0.000000,0.000000,0.000000,0.000000,0.000000,0.000000,0.000000,0.000000,0.000000,0.000000,0.000000
-15,0.000000,0.000000,0.000000,0.000000,0.000000,0.000000,0.000000,0.000000,0.000000,0.000000,0.000000,0.000000,0.000000,1.383250,6.061921,-5.020503,5.439417,-2.399268,-0.901081,6.502021,-2.014955,-9.101997,0.028300,1.008851,11.990313,0.000000,0.000000,0.000000,0.000000,0.000000,0.000000,0.000000,0.000000,0.000000,0.000000,0.000000,0.000000,0.000000,0.000000,0.000000,0.000000
-11,0.000000,0.000000,0.000000,0.000000,0.000000,0.000000,0.000000,0.000000,0.000000,0.000000,0.000000,0.000000,0.000000,0.972192,4.172859,-4.310355,6.205020,-3.292290,-0.194010,6.802247,-2.527442,-8.651761,0.017400,0.716200,11.800458,0.000000,0.000000,0.000000,0.000000,0.000000,0.000000,0.000000,0.000000,0.000000,0.000000,0.000000,0.000000,0.000000,0.000000,0.000000,0.000000
-8,0.000000,0.000000,0.000000,0.000000,0.000000,0.000000,0.000000,0.000000,0.000000,0.000000,0.000000,0.000000,0.000000,0.678874,2.824546,-3.754721,6.797570,-3.912892,0.289279,6.901330,-2.872754,-8.170207,0.089902,0.399523,11.490746,0.000000,0.000000,0.000000,0.000000,0.000000,0.000000,0.000000,0.000000,0.000000,0.000000,0.000000,0.000000,0.000000,0.000000,0.000000,0.000000
-4,0.000000,0.000000,0.000000,0.000000,0.000000,0.000000,0.000000,0.000000,0.000000,0.000000,0.000000,0.000000,0.000000,0.308372,1.237429,-2.986369,7.656565,-4.716476,0.875133,6.925199,-3.275993,-7.345089,0.220149,-0.180195,10.875393,0.000000,0.000000,0.000000,0.000000,0.000000,0.000000,0.000000,0.000000,0.000000,0.000000,0.000000,0.000000,0.000000,0.000000,0.000000,0.000000
0,0.000000,0.000000,0.000000,0.000000,0.000000,0.000000,0.000000,0.000000,0.000000,0.000000,0.000000,0.000000,0.000000,0.000000,0.000000,-2.201718,8.576883,-5.484180,1.337823,6.797239,-3.592503,-6.302871,0.386562,-0.948442,10.049288,0.000000,0.000000,0.000000,0.000000,0.000000,0.000000,0.000000,0.000000,0.000000,0.000000,0.000000,0.000000,0.000000,0.000000,0.000000,0.000000
4,0.000000,0.000000,0.000000,0.000000,0.000000,0.000000,0.000000,0.000000,0.000000,0.000000,0.000000,0.000000,0.000000,0.000000,0.000000,-1.369433,9.473802,-6.196517,1.576926,6.461187,-3.812305,-5.064839,0.475605,-1.877469,8.955882,0.193645,1.004247,0.000000,0.000000,0.000000,0.000000,0.000000,0.000000,0.000000,0.000000,0.000000,0.000000,0.000000,0.000000,0.000000,0.000000
8,0.000000,0.000000,0.000000,0.000000,0.000000,0.000000,0.000000,0.000000,0.000000,0.000000,0.000000,0.000000,0.000000,0.000000,0.000000,-0.531282,10.386528,-6.793329,1.741112,5.987115,-3.933821,-3.713445,0.527843,-2.980835,7.718155,0.416318,2.301407,0.000000,0.000000,0.000000,0.000000,0.000000,0.000000,0.000000,0.000000,0.000000,0.000000,0.000000,0.000000,0.000000,0.000000
11,0.000000,0.000000,0.000000,0.000000,0.000000,0.000000,0.000000,0.000000,0.000000,0.000000,0.000000,0.000000,0.000000,0.000000,0.000000,0.077553,11.043789,-7.147464,1.840380,5.557102,-3.967469,-2.667658,0.529595,-3.866561,6.743436,0.576785,3.419040,0.000000,0.000000,0.000000,0.000000,0.000000,0.000000,0.000000,0.000000,0.000000,0.000000,0.000000,0.000000,0.000000,0.000000
15,0.000000,0.000000,0.000000,0.000000,0.000000,0.000000,0.000000,0.000000,0.000000,0.000000,0.000000,0.000000,0.000000,0.000000,0.000000,0.833033,11.763236,-7.515010,1.973545,4.863990,-3.938123,-1.216639,0.493622,-5.093910,5.418857,0.787467,4.977581,0.000000,0.000000,0.000000,0.000000,0.000000,0.000000,0.000000,0.000000,0.000000,0.000000,0.000000,0.000000,0.000000,0.000000
19,0.000000,0.000000,0.000000,0.000000,0.000000,0.000000,0.000000,0.000000,0.000000,0.000000,0.000000,0.000000,0.000000,0.000000,0.000000,1.488469,12.263352,-7.727290,2.129606,4.060629,-3.821814,0.215264,0.386269,-6.263418,4.150431,0.978242,6.562909,0.000000,0.000000,0.000000,0.000000,0.000000,0.000000,0.000000,0.000000,0.000000,0.000000,0.000000,0.000000,0.000000,0.000000
23,0.000000,0.000000,0.000000,0.000000,0.000000,0.000000,0.000000,0.000000,0.000000,0.000000,0.000000,0.000000,0.000000,0.000000,0.000000,2.007805,12.448893,-7.772301,2.349883,3.161839,-3.617662,1.595125,0.208544,-7.313963,2.997685,1.123820,8.059584,0.000000,0.000000,0.000000,0.000000,0.000000,0.000000,0.000000,0.000000,0.000000,0.000000,0.000000,0.000000,0.000000,0.000000
26,0.000000,0.000000,0.000000,0.000000,0.000000,0.000000,0.000000,0.000000,0.000000,0.000000,0.000000,0.000000,0.000000,0.000000,0.000000,2.287216,12.336436,-7.682786,2.588126,2.434424,-3.411775,2.564068,0.017575,-7.980120,2.252385,1.190366,9.063948,0.000000,0.000000,0.000000,0.000000,0.000000,0.000000,0.000000,0.000000,0.000000,0.000000,0.000000,0.000000,0.000000,0.000000
30,0.000000,0.000000,0.000000,0.000000,0.000000,0.000000,0.000000,0.000000,0.000000,0.000000,0.000000,0.000000,0.000000,0.000000,0.000000,2.483512,11.771364,-7.390042,3.016462,1.400801,-3.061258,3.726926,-0.310967,-8.642391,1.463930,1.212026,10.157747,0.000000,0.000000,0.000000,0.000000,0.000000,0.000000,0.000000,0.000000,0.000000,0.000000,0.000000,0.000000,0.000000,0.000000
34,0.000000,0.000000,0.000000,0.000000,0.000000,0.000000,0.000000,0.000000,0.000000,0.000000,0.000000,0.000000,0.000000,0.000000,0.000000,2.460873,10.702727,-6.884839,3.610017,0.329244,-2.625384,4.714611,-0.723507,-9.012280,0.945994,1.128664,10.895860,0.000000,0.000000,0.000000,0.000000,0.000000,0.000000,0.000000,0.000000,0.000000,0.000000,0.000000,0.000000,0.000000,0.000000
38,0.000000,0.000000,0.000000,0.000000,0.000000,0.000000,0.000000,0.000000,0.000000,0.000000,0.000000,0.000000,0.000000,0.000000,0.000000,2.257408,9.233429,-6.194691,4.355819,-0.766689,-2.131268,5.511495,-1.204931,-9.094862,0.669467,0.938224,11.291374,0.000000,0.000000,0.000000,0.000000,0.000000,0.000000,0.000000,0.000000,0.000000,0.000000,0.000000,0.000000,0.000000,0.000000
41,0.000000,0.000000,0.000000,0.000000,0.000000,0.000000,0.000000,0.000000,0.000000,0.000000,0.000000,0.000000,0.000000,0.000000,0.000000,2.016414,7.943635,-5.583063,4.987294,-1.600516,-1.739079,5.975717,-1.590974,-8.979850,0.584132,0.730082,11.378378,0.000000,0.000000,0.000000,0.000000,0.000000,0.000000,0.000000,0.000000,0.000000,0.000000,0.000000,0.000000,0.000000,0.000000
45,0.000000,0.000000,0.000000,0.000000,0.000000,0.000000,0.000000,0.000000,0.000000,0.000000,0.000000,0.000000,0.000000,0.000000,0.000000,1.611080,6.089952,-4.676737,5.913120,-2.678049,-1.194911,6.453759,-2.098174,-8.628357,0.592119,0.343609,11.240629,0.000000,0.000000,0.000000,0.000000,0.000000,0.000000,0.000000,0.000000,0.000000,0.000000,0.000000,0.000000,0.000000,0.000000
49,0.000000,0.000000,0.000000,0.000000,0.000000,0.000000,0.000000,0.000000,0.000000,0.000000,0.000000,0.000000,0.000000,0.000000,0.000000,1.153633,4.206956,-3.708036,6.906400,-3.713793,-0.660439,6.763581,-2.579198,-8.061164,0.700423,-0.160383,10.848037,0.000000,0.000000,0.000000,0.000000,0.000000,0.000000,0.000000,0.000000,0.000000,0.000000,0.000000,0.000000,0.000000,0.000000
53,0.000000,0.000000,0.000000,0.000000,0.000000,0.000000,0.000000,0.000000,0.000000,0.000000,0.000000,0.000000,0.000000,0.000000,0.000000,0.691171,2.433539,-2.720798,7.943962,-4.687042,-0.161248,6.903416,-3.017817,-7.295199,0.869876,-0.779684,10.244777,0.000000,0.000000,0.000000,0.000000,0.000000,0.000000,0.000000,0.000000,0.000000,0.000000,0.000000,0.000000,0.000000,0.000000
56,0.000000,0.000000,0.000000,0.000000,0.000000,0.000000,0.000000,0.000000,0.000000,0.000000,0.000000,0.000000,0.000000,0.000000,0.000000,0.368257,1.254625,-1.999682,8.729178,-5.369258,0.172456,6.901693,-3.297418,-6.601012,1.009568,-1.318721,9.672354,0.000000,0.000000,0.000000,0.000000,0.000000,0.000000,0.000000,0.000000,0.000000,0.000000,0.000000,0.000000,0.000000,0.000000
60,0.000000,0.000000,0.000000,0.000000,0.000000,0.000000,0.000000,0.000000,0.000000,0.000000,0.000000,0.000000,0.000000,0.000000,0.000000,0.000000,0.000000,-1.101631,9.774147,-6.192787,0.551561,6.771905,-3.597100,-5.524936,1.188640,-2.142474,8.805222,0.000000,0.000000,0.000000,0.000000,0.000000,0.000000,0.000000,0.000000,0.000000,0.000000,0.000000,0.000000,0.000000,0.000000
64,0.000000,0.000000,0.000000,0.000000,0.000000,0.000000,0.000000,0.000000,0.000000,0.000000,0.000000,0.000000,0.000000,0.000000,0.000000,0.000000,0.000000,-0.270259,10.706525,-6.900896,0.762346,6.429912,-3.803656,-4.303503,1.243300,-3.035490,7.762783,0.201004,1.004075,0.000000,0.000000,0.000000,0.000000,0.000000,0.000000,0.000000,0.000000,0.000000,0.000000,0.000000,0.000000
68,0.000000,0.000000,0.000000,0.000000,0.000000,0.000000,0.000000,0.000000,0.000000,0.000000,0.000000,0.000000,0.000000,0.000000,0.000000,0.000000,0.000000,0.472039,11.577319,-7.436749,0.948480,5.941661,-3.922828,-3.018422,1.213443,-4.026031,6.653369,0.429351,2.303222,0.000000,0.000000,0.000000,0.000000,0.000000,0.000000,0.000000,0.000000,0.000000,0.000000,0.000000,0.000000
71,0.000000,0.000000,0.000000,0.000000,0.000000,0.000000,0.000000,0.000000,0.000000,0.000000,0.000000,0.000000,0.000000,0.000000,0.000000,0.000000,0.000000,0.964603,12.154853,-7.719417,1.101514,5.498161,-3.959584,-2.030949,1.139361,-4.804336,5.807614,0.603453,3.411840,0.000000,0.000000,0.000000,0.000000,0.000000,0.000000,0.000000,0.000000,0.000000,0.000000,0.000000,0.000000
75,0.000000,0.000000,0.000000,0.000000,0.000000,0.000000,0.000000,0.000000,0.000000,0.000000,0.000000,0.000000,0.000000,0.000000,0.000000,0.000000,0.000000,1.520845,12.744145,-7.952368,1.317879,4.799812,-3.920438,-0.706167,0.974120,-5.827947,4.688909,0.828316,4.984127,0.000000,0.000000,0.000000,0.000000,0.000000,0.000000,0.000000,0.000000,0.000000,0.000000,0.000000,0.000000
79,0.000000,0.000000,0.000000,0.000000,0.000000,0.000000,0.000000,0.000000,0.000000,0.000000,0.000000,0.000000,0.000000,0.000000,0.000000,0.000000,0.000000,1.951668,13.075723,-8.018426,1.586957,3.987403,-3.800210,0.603026,0.728815,-6.808671,3.632974,1.038289,6.567268,0.000000,0.000000,0.000000,0.000000,0.000000,0.000000,0.000000,0.000000,0.000000,0.000000,0.000000,0.000000
83,0.000000,0.000000,0.000000,0.000000,0.000000,0.000000,0.000000,0.000000,0.000000,0.000000,0.000000,0.000000,0.000000,0.000000,0.000000,0.000000,0.000000,2.248670,13.083576,-7.909159,1.936594,3.082857,-3.595426,1.858416,0.419193,-7.674728,2.681030,1.199966,8.065815,0.000000,0.000000,0.000000,0.000000,0.000000,0.000000,0.000000,0.000000,0.000000,0.000000,0.000000,0.000000
86,0.000000,0.000000,0.000000,0.000000,0.000000,0.000000,0.000000,0.000000,0.000000,0.000000,0.000000,0.000000,0.000000,0.000000,0.000000,0.000000,0.000000,2.377959,12.842633,-7.708414,2.276320,2.349493,-3.393999,2.743783,0.140960,-8.220152,2.067807,1.280108,9.074389,0.000000,0.000000,0.000000,0.000000,0.000000,0.000000,0.000000,0.000000,0.000000,0.000000,0.000000,0.000000
90,0.000000,0.000000,0.000000,0.000000,0.000000,0.000000,0.000000,0.000000,0.000000,0.000000,0.000000,0.000000,0.000000,0.000000,0.000000,0.000000,0.000000,2.414825,12.124612,-7.286616,2.835241,1.308601,-3.053254,3.819539,-0.276996,-8.766973,1.407867,1.319122,10.174154,0.000000,0.000000,0.000000,0.000000,0.000000,0.000000,0.000000,0.000000,0.000000,0.000000,0.000000,0.000000
94,0.000000,0.000000,0.000000,0.000000,0.000000,0.000000,0.000000,0.000000,0.000000,0.000000,0.000000,0.000000,0.000000,0.000000,0.000000,0.000000,0.000000,2.294701,10.937338,-6.686742,3.546266,0.225796,-2.637258,4.758883,-0.738166,-9.078148,0.959125,1.256788,10.924672,0.000000,0.000000,0.000000,0.000000,0.000000,0.000000,0.000000,0.000000,0.000000,0.000000,0.000000,0.000000
98,0.000000,0.000000,0.000000,0.000000,0.000000,0.000000,0.000000,0.000000,0.000000,0.000000,0.000000,0.000000,0.000000,0.000000,0.000000,0.000000,0.000000,2.048970,9.380584,-5.937181,4.390102,-0.884930,-2.169917,5.541251,-1.232353,-9.149803,0.700136,1.089831,11.336886,0.000000,0.000000,0.000000,0.000000,0.000000,0.000000,0.000000,0.000000,0.000000,0.000000,0.000000,0.000000
101,0.000000,0.000000,0.000000,0.000000,0.000000,0.000000,0.000000,0.000000,0.000000,0.000000,0.000000,0.000000,0.000000,0.000000,0.000000,0.000000,0.000000,1.804608,8.041730,-5.304355,5.079173,-1.729421,-1.798903,6.014707,-1.607043,-9.051298,0.601917,0.897422,11.436432,0.000000,0.000000,0.000000,0.000000,0.000000,0.000000,0.000000,0.000000,0.000000,0.000000,0.000000,0.000000
105,0.000000,0.000000,0.000000,0.000000,0.000000,0.000000,0.000000,0.000000,0.000000,0.000000,0.000000,0.000000,0.000000,0.000000,0.000000,0.000000,0.000000,1.422786,6.143985,-4.391573,6.066612,-2.825214,-1.285848,6.512241,-2.092817,-8.732795,0.576363,0.536392,11.323941,0.000000,0.000000,0.000000,0.000000,0.000000,0.000000,0.000000,0.000000,0.000000,0.000000,0.000000,0.000000
109,0.000000,0.000000,0.000000,0.000000,0.000000,0.000000,0.000000,0.000000,0.000000,0.000000,0.000000,0.000000,0.000000,0.000000,0.000000,0.000000,0.000000,1.010363,4.232732,-3.443483,7.093959,-3.874448,-0.775904,6.853745,-2.539730,-8.206698,0.640241,0.053893,10.955837,0.000000,0.000000,0.000000,0.000000,0.000000,0.000000,0.000000,0.000000,0.000000,0.000000,0.000000,0.000000
113,0.000000,0.000000,0.000000,0.000000,0.000000,0.000000,0.000000,0.000000,0.000000,0.000000,0.000000,0.000000,0.000000,0.000000,0.000000,0.000000,0.000000,0.602681,2.444584,-2.496359,8.141440,-4.854976,-0.290814,7.020442,-2.951588,-7.476198,0.768755,-0.549650,10.377585,0.000000,0.000000,0.000000,0.000000,0.000000,0.000000,0.000000,0.000000,0.000000,0.000000,0.000000,0.000000
116,0.000000,0.000000,0.000000,0.000000,0.000000,0.000000,0.000000,0.000000,0.000000,0.000000,0.000000,0.000000,0.000000,0.000000,0.000000,0.000000,0.000000,0.320658,1.259267,-1.813619,8.915739,-5.534078,0.044168,7.030323,-3.218764,-6.798522,0.884591,-1.083435,9.822623,0.000000,0.000000,0.000000,0.000000,0.000000,0.000000,0.000000,0.000000,0.000000,0.000000,0.000000,0.000000
120,0.000000,0.000000,0.000000,0.000000,0.000000,0.000000,0.000000,0.000000,0.000000,0.000000,0.000000,0.000000,0.000000,0.000000,0.000000,0.000000,0.000000,0.000000,0.000000,-0.974707,9.922881,-6.339050,0.444997,6.900921,-3.517392,-5.724351,1.052233,-1.913101,8.964785,0.000000,0.000000,0.000000,0.000000,0.000000,0.000000,0.000000,0.000000,0.000000,0.000000,0.000000,0.000000
124,0.000000,0.000000,0.000000,0.000000,0.000000,0.000000,0.000000,0.000000,0.000000,0.000000,0.000000,0.000000,0.000000,0.000000,0.000000,0.000000,0.000000,0.000000,0.000000,-0.202198,10.794327,-7.005067,0.707317,6.531085,-3.753484,-4.474754,1.123810,-2.829826,7.924429,0.189554,0.956214,0.000000,0.000000,0.000000,0.000000,0.000000,0.000000,0.000000,0.000000,0.000000,0.000000
128,0.000000,0.000000,0.000000,0.000000,0.000000,0.000000,0.000000,0.000000,0.000000,0.000000,0.000000,0.000000,0.000000,0.000000,0.000000,0.000000,0.000000,0.000000,0.000000,0.482677,11.583701,-7.480307,0.968051,5.999318,-3.917861,-3.139309,1.137743,-3.860637,6.805900,0.404164,2.192041,0.000000,0.000000,0.000000,0.000000,0.000000,0.000000,0.000000,0.000000,0.000000,0.000000
131,0.000000,0.000000,0.000000,0.000000,0.000000,0.000000,0.000000,0.000000,0.000000,0.000000,0.000000,0.000000,0.000000,0.000000,0.000000,0.000000,0.000000,0.000000,0.000000,0.936083,12.098617,-7.711604,1.186667,5.509415,-4.000079,-2.103280,1.101255,-4.675063,5.949118,0.558526,3.248631,0.000000,0.000000,0.000000,0.000000,0.000000,0.000000,0.000000,0.000000,0.000000,0.000000
135,0.000000,0.000000,0.000000,0.000000,0.000000,0.000000,0.000000,0.000000,0.000000,0.000000,0.000000,0.000000,0.000000,0.000000,0.000000,0.000000,0.000000,0.000000,0.000000,1.443277,12.600629,-7.872324,1.495767,4.746039,-4.026943,-0.707508,0.993850,-5.760194,4.812327,0.762121,4.745172,0.000000,0.000000,0.000000,0.000000,0.000000,0.000000,0.000000,0.000000,0.000000,0.000000
139,0.000000,0.000000,0.000000,0.000000,0.000000,0.000000,0.000000,0.000000,0.000000,0.000000,0.000000,0.000000,0.000000,0.000000,0.000000,0.000000,0.000000,0.000000,0.000000,1.837144,12.849553,-7.866353,1.854434,3.874333,-3.967885,0.666209,0.810135,-6.787852,3.734336,0.941701,6.260983,0.000000,0.000000,0.000000,0.000000,0.000000,0.000000,0.000000,0.000000,0.000000,0.000000
143,0.000000,0.000000,0.000000,0.000000,0.000000,0.000000,0.000000,0.000000,0.000000,0.000000,0.000000,0.000000,0.000000,0.000000,0.000000,0.000000,0.000000,0.000000,0.000000,2.104925,12.787822,-7.697271,2.278502,2.918284,-3.815292,1.979552,0.553078,-7.700784,2.762839,1.078093,7.698282,0.000000,0.000000,0.000000,0.000000,0.000000,0.000000,0.000000,0.000000,0.000000,0.000000
146,0.000000,0.000000,0.000000,0.000000,0.000000,0.000000,0.000000,0.000000,0.000000,0.000000,0.000000,0.000000,0.000000,0.000000,0.000000,0.000000,0.000000,0.000000,0.000000,2.220973,12.508952,-7.464091,2.659944,2.155373,-3.643469,2.896920,0.301743,-8.271634,2.139595,1.139246,8.671786,0.000000,0.000000,0.000000,0.000000,0.000000,0.000000,0.000000,0.000000,0.000000,0.000000
150,0.000000,0.000000,0.000000,0.000000,0.000000,0.000000,0.000000,0.000000,0.000000,0.000000,0.000000,0.000000,0.000000,0.000000,0.000000,0.000000,0.000000,0.000000,0.000000,2.248466,11.761520,-7.025590,3.241433,1.098325,-3.318044,3.996457,-0.096633,-8.835237,1.473033,1.158470,9.742749,0.000000,0.000000,0.000000,0.000000,0.000000,0.000000,0.000000,0.000000,0.000000,0.000000
154,0.000000,0.000000,0.000000,0.000000,0.000000,0.000000,0.000000,0.000000,0.000000,0.000000,0.000000,0.000000,0.000000,0.000000,0.000000,0.000000,0.000000,0.000000,0.000000,2.131528,10.575932,-6.442505,3.934133,0.027412,-2.888017,4.931784,-0.564601,-9.139078,1.028687,1.082502,10.490050,0.000000,0.000000,0.000000,0.000000,0.000000,0.000000,0.000000,0.000000,0.000000,0.000000
158,0.000000,0.000000,0.000000,0.000000,0.000000,0.000000,0.000000,0.000000,0.000000,0.000000,0.000000,0.000000,0.000000,0.000000,0.000000,0.000000,0.000000,0.000000,0.000000,1.898521,9.047088,-5.737581,4.725441,-1.048962,-2.382639,5.688568,-1.086491,-9.185495,0.781571,0.907456,10.921339,0.000000,0.000000,0.000000,0.000000,0.000000,0.000000,0.000000,0.000000,0.000000,0.000000
161,0.000000,0.000000,0.000000,0.000000,0.000000,0.000000,0.000000,0.000000,0.000000,0.000000,0.000000,0.000000,0.000000,0.000000,0.000000,0.000000,0.000000,0.000000,0.000000,1.669909,7.743648,-5.146722,5.361977,-1.860654,-1.974265,6.128418,-1.494940,-9.056753,0.696543,0.716015,11.049665,0.000000,0.000000,0.000000,0.000000,0.000000,0.000000,0.000000,0.000000,0.000000,0.000000
165,0.000000,0.000000,0.000000,0.000000,0.000000,0.000000,0.000000,0.000000,0.000000,0.000000,0.000000,0.000000,0.000000,0.000000,0.000000,0.000000,0.000000,0.000000,0.000000,1.313795,5.903755,-4.298830,6.264873,-2.902522,-1.401215,6.579493,-2.026456,-8.699548,0.686005,0.356685,10.983093,0.000000,0.000000,0.000000,0.000000,0.000000,0.000000,0.000000,0.000000,0.000000,0.000000
169,0.000000,0.000000,0.000000,0.000000,0.000000,0.000000,0.000000,0.000000,0.000000,0.000000,0.000000,0.000000,0.000000,0.000000,0.000000,0.000000,0.000000,0.000000,0.000000,0.932131,4.060545,-3.411625,7.204468,-3.897405,-0.830893,6.871747,-2.520218,-8.138011,0.761724,-0.117826,10.669820,0.000000,0.000000,0.000000,0.000000,0.000000,0.000000,0.000000,0.000000,0.000000,0.000000
173,0.000000,0.000000,0.000000,0.000000,0.000000,0.000000,0.000000,0.000000,0.000000,0.000000,0.000000,0.000000,0.000000,0.000000,0.000000,0.000000,0.000000,0.000000,0.000000,0.555580,2.341102,-2.512703,8.172826,-4.833876,-0.293003,6.997066,-2.971624,-7.382074,0.892228,-0.709091,10.150055,0.000000,0.000000,0.000000,0.000000,0.000000,0.000000,0.000000,0.000000,0.000000,0.000000
176,0.000000,0.000000,0.000000,0.000000,0.000000,0.000000,0.000000,0.000000,0.000000,0.000000,0.000000,0.000000,0.000000,0.000000,0.000000,0.000000,0.000000,0.000000,0.000000,0.295247,1.204541,-1.852340,8.899709,-5.492539,0.070304,6.984729,-3.261239,-6.695843,1.002381,-1.230146,9.639638,0.000000,0.000000,0.000000,0.000000,0.000000,0.000000,0.000000,0.000000,0.000000,0.000000
180,0.000000,0.000000,0.000000,0.000000,0.000000,0.000000,0.000000,0.000000,0.000000,0.000000,0.000000,0.000000,0.000000,0.000000,0.000000,0.000000,0.000000,0.000000,0.000000,0.000000,0.000000,-1.016345,9.867079,-6.292830,0.487889,6.846174,-3.570045,-5.628555,1.150240,-2.037384,8.837852,0.000000,0.000000,0.000000,0.000000,0.000000,0.000000,0.000000,0.000000,0.000000,0.000000
184,0.000000,0.000000,0.000000,0.000000,0.000000,0.000000,0.000000,0.000000,0.000000,0.000000,0.000000,0.000000,0.000000,0.000000,0.000000,0.000000,0.000000,0.000000,0.000000,0.000000,0.000000,-0.211528,10.730126,-6.986452,0.736116,6.496284,-3.788939,-4.409513,1.185501,-2.925069,7.845378,0.172522,0.968942,0.000000,0.000000,0.000000,0.000000,0.000000,0.000000,0.000000,0.000000
188,0.000000,0.000000,0.000000,0.000000,0.000000,0.000000,0.000000,0.000000,0.000000,0.000000,0.000000,0.000000,0.000000,0.000000,0.000000,0.000000,0.000000,0.000000,0.000000,0.000000,0.000000,0.530940,11.537957,-7.520155,0.955985,6.003456,-3.919875,-3.117377,1.152275,-3.917015,6.770951,0.363549,2.222590,0.000000,0.000000,0.000000,0.000000,0.000000,0.000000,0.000000,0.000000
191,0.000000,0.000000,0.000000,0.000000,0.000000,0.000000,0.000000,0.000000,0.000000,0.000000,0.000000,0.000000,0.000000,0.000000,0.000000,0.000000,0.000000,0.000000,0.000000,0.000000,0.000000,1.036512,12.074549,-7.807677,1.131396,5.553925,-3.967889,-2.120494,1.080785,-4.698078,5.944426,0.505583,3.293330,0.000000,0.000000,0.000000,0.000000,0.000000,0.000000,0.000000,0.000000
195,0.000000,0.000000,0.000000,0.000000,0.000000,0.000000,0.000000,0.000000,0.000000,0.000000,0.000000,0.000000,0.000000,0.000000,0.000000,0.000000,0.000000,0.000000,0.000000,0.000000,0.000000,1.619375,12.613128,-8.053663,1.375128,4.850988,-3.940211,-0.775442,0.926786,-5.733292,4.841923,0.688177,4.808394,0.000000,0.000000,0.000000,0.000000,0.000000,0.000000,0.000000,0.000000
199,0.000000,0.000000,0.000000,0.000000,0.000000,0.000000,0.000000,0.000000,0.000000,0.000000,0.000000,0.000000,0.000000,0.000000,0.000000,0.000000,0.000000,0.000000,0.000000,0.000000,0.000000,2.085368,12.905111,-8.130384,1.673061,4.033899,-3.834549,0.550673,0.701137,-6.706938,3.796113,0.846800,6.340845,0.000000,0.000000,0.000000,0.000000,0.000000,0.000000,0.000000,0.000000
203,0.000000,0.000000,0.000000,0.000000,0.000000,0.000000,0.000000,0.000000,0.000000,0.000000,0.000000,0.000000,0.000000,0.000000,0.000000,0.000000,0.000000,0.000000,0.000000,0.000000,0.000000,2.414726,12.881835,-8.030712,2.052325,3.121422,-3.646222,1.824823,0.411006,-7.566408,2.851279,0.962525,7.789700,0.000000,0.000000,0.000000,0.000000,0.000000,0.000000,0.000000,0.000000
206,0.000000,0.000000,0.000000,0.000000,0.000000,0.000000,0.000000,0.000000,0.000000,0.000000,0.000000,0.000000,0.000000,0.000000,0.000000,0.000000,0.000000,0.000000,0.000000,0.000000,0.000000,2.562813,12.623664,-7.832670,2.415912,2.380179,-3.458852,2.720911,0.145803,-8.100646,2.242488,1.010687,8.765429,0.000000,0.000000,0.000000,0.000000,0.000000,0.000000,0.000000,0.000000
210,0.000000,0.000000,0.000000,0.000000,0.000000,0.000000,0.000000,0.000000,0.000000,0.000000,0.000000,0.000000,0.000000,0.000000,0.000000,0.000000,0.000000,0.000000,0.000000,0.000000,0.000000,2.611871,11.895041,-7.403024,3.014703,1.325816,-3.141820,3.802852,-0.261021,-8.621405,1.593317,1.012493,9.832953,0.000000,0.000000,0.000000,0.000000,0.000000,0.000000,0.000000,0.000000
214,0.000000,0.000000,0.000000,0.000000,0.000000,0.000000,0.000000,0.000000,0.000000,0.000000,0.000000,0.000000,0.000000,0.000000,0.000000,0.000000,0.000000,0.000000,0.000000,0.000000,0.000000,2.484709,10.709999,-6.780009,3.772735,0.228501,-2.751076,4.737670,-0.719562,-8.895619,1.157990,0.919920,10.564739,0.000000,0.000000,0.000000,0.000000,0.000000,0.000000,0.000000,0.000000
218,0.000000,0.000000,0.000000,0.000000,0.000000,0.000000,0.000000,0.000000,0.000000,0.000000,0.000000,0.000000,0.000000,0.000000,0.000000,0.000000,0.000000,0.000000,0.000000,0.000000,0.000000,2.216653,9.168548,-5.995420,4.663877,-0.897273,-2.308751,5.504882,-1.220463,-8.927022,0.911438,0.732612,10.976079,0.000000,0.000000,0.000000,0.000000,0.000000,0.000000,0.000000,0.000000
221,0.000000,0.000000,0.000000,0.000000,0.000000,0.000000,0.000000,0.000000,0.000000,0.000000,0.000000,0.000000,0.000000,0.000000,0.000000,0.000000,0.000000,0.000000,0.000000,0.000000,0.000000,1.949960,7.850590,-5.328961,5.384524,-1.750392,-1.952047,5.959658,-1.606993,-8.800902,0.818486,0.534379,11.090149,0.000000,0.000000,0.000000,0.000000,0.000000,0.000000,0.000000,0.000000
225,0.000000,0.000000,0.000000,0.000000,0.000000,0.000000,0.000000,0.000000,0.000000,0.000000,0.000000,0.000000,0.000000,0.000000,0.000000,0.000000,0.000000,0.000000,0.000000,0.000000,0.000000,1.533826,5.987384,-4.374885,6.390682,-2.850508,-1.446232,6.435334,-2.106447,-8.461025,0.788380,0.177169,11.014323,0.000000,0.000000,0.000000,0.000000,0.000000,0.000000,0.000000,0.000000
229,0.000000,0.000000,0.000000,0.000000,0.000000,0.000000,0.000000,0.000000,0.000000,0.000000,0.000000,0.000000,0.000000,0.000000,0.000000,0.000000,0.000000,0.000000,0.000000,0.000000,0.000000,1.084606,4.116875,-3.394415,7.401203,-3.896547,-0.925340,6.761267,-2.563937,-7.935742,0.826525,-0.283296,10.708662,0.000000,0.000000,0.000000,0.000000,0.000000,0.000000,0.000000,0.000000
233,0.000000,0.000000,0.000000,0.000000,0.000000,0.000000,0.000000,0.000000,0.000000,0.000000,0.000000,0.000000,0.000000,0.000000,0.000000,0.000000,0.000000,0.000000,0.000000,0.000000,0.000000,0.643814,2.373179,-2.431588,8.382105,-4.867134,-0.408185,6.921405,-2.981335,-7.234590,0.904107,-0.840947,10.222517,0.000000,0.000000,0.000000,0.000000,0.000000,0.000000,0.000000,0.000000
236,0.000000,0.000000,0.000000,0.000000,0.000000,0.000000,0.000000,0.000000,0.000000,0.000000,0.000000,0.000000,0.000000,0.000000,0.000000,0.000000,0.000000,0.000000,0.000000,0.000000,0.000000,0.340343,1.220228,-1.756281,9.062239,-5.533361,-0.031948,6.942564,-3.239811,-6.603194,0.959733,-1.324144,9.755706,0.000000,0.000000,0.000000,0.000000,0.000000,0.000000,0.000000,0.000000
240,0.000000,0.000000,0.000000,0.000000,0.000000,0.000000,0.000000,0.000000,0.000000,0.000000,0.000000,0.000000,0.000000,0.000000,0.000000,0.000000,0.000000,0.000000,0.000000,0.000000,0.000000,0.000000,0.000000,-0.959317,9.872865,-6.316038,0.448161,6.850955,-3.508124,-5.624066,1.016726,-2.056872,9.046941,0.000000,0.000000,0.000000,0.000000,0.000000,0.000000,0.000000,0.000000
244,0.000000,0.000000,0.000000,0.000000,0.000000,0.000000,0.000000,0.000000,0.000000,0.000000,0.000000,0.000000,0.000000,0.000000,0.000000,0.000000,0.000000,0.000000,0.000000,0.000000,0.000000,0.000000,0.000000,-0.284332,10.451131,-6.972852,0.806106,6.553046,-3.686117,-4.492577,0.954476,-2.832736,8.199809,0.053542,0.815774,0.000000,0.000000,0.000000,0.000000,0.000000,0.000000
248,0.000000,0.000000,0.000000,0.000000,0.000000,0.000000,0.000000,0.000000,0.000000,0.000000,0.000000,0.000000,0.000000,0.000000,0.000000,0.000000,0.000000,0.000000,0.000000,0.000000,0.000000,0.000000,0.000000,0.265912,10.881306,-7.446172,1.171548,6.114160,-3.771586,-3.294870,0.812220,-3.689474,7.298805,0.100077,1.876940,0.000000,0.000000,0.000000,0.000000,0.000000,0.000000
251,0.000000,0.000000,0.000000,0.000000,0.000000,0.000000,0.000000,0.000000,0.000000,0.000000,0.000000,0.000000,0.000000,0.000000,0.000000,0.000000,0.000000,0.000000,0.000000,0.000000,0.000000,0.000000,0.000000,0.600678,11.097186,-7.681689,1.467243,5.703599,-3.783603,-2.365672,0.657281,-4.360517,6.613581,0.124272,2.787939,0.000000,0.000000,0.000000,0.000000,0.000000,0.000000
255,0.000000,0.000000,0.000000,0.000000,0.000000,0.000000,0.000000,0.000000,0.000000,0.000000,0.000000,0.000000,0.000000,0.000000,0.000000,0.000000,0.000000,0.000000,0.000000,0.000000,0.000000,0.000000,0.000000,0.942760,11.198015,-7.856108,1.876100,5.049058,-3.710917,-1.107660,0.394772,-5.252073,5.695364,0.152949,4.084497,0.000000,0.000000,0.000000,0.000000,0.000000,0.000000
259,0.000000,0.000000,0.000000,0.000000,0.000000,0.000000,0.000000,0.000000,0.000000,0.000000,0.000000,0.000000,0.000000,0.000000,0.000000,0.000000,0.000000,0.000000,0.000000,0.000000,0.000000,0.000000,0.000000,1.176136,11.077490,-7.868204,2.321291,4.278037,-3.557555,0.144864,0.075188,-6.097740,4.814056,0.170458,5.408575,0.000000,0.000000,0.000000,0.000000,0.000000,0.000000
263,0.000000,0.000000,0.000000,0.000000,0.000000,0.000000,0.000000,0.000000,0.000000,0.000000,0.000000,0.000000,0.000000,0.000000,0.000000,0.000000,0.000000,0.000000,0.000000,0.000000,0.000000,0.000000,0.000000,1.311121,10.716778,-7.717119,2.818880,3.399575,-3.330966,1.360408,-0.290826,-6.853881,4.003030,0.177684,6.682130,0.000000,0.000000,0.000000,0.000000,0.000000,0.000000
266,0.000000,0.000000,0.000000,0.000000,0.000000,0.000000,0.000000,0.000000,0.000000,0.000000,0.000000,0.000000,0.000000,0.000000,0.000000,0.000000,0.000000,0.000000,0.000000,0.000000,0.000000,0.000000,0.000000,1.351054,10.276996,-7.499016,3.235993,2.680295,-3.114877,2.229461,-0.591892,-7.339025,3.458288,0.172398,7.555911,0.000000,0.000000,0.000000,0.000000,0.000000,0.000000
270,0.000000,0.000000,0.000000,0.000000,0.000000,0.000000,0.000000,0.000000,0.000000,0.000000,0.000000,0.000000,0.000000,0.000000,0.000000,0.000000,0.000000,0.000000,0.000000,0.000000,0.000000,0.000000,0.000000,1.332005,9.443668,-7.067779,3.853301,1.645652,-2.769033,3.299695,-1.014728,-7.840242,2.838609,0.153715,8.545861,0.000000,0.000000,0.000000,0.000000,0.000000,0.000000
274,0.000000,0.000000,0.000000,0.000000,0.000000,0.000000,0.000000,0.000000,0.000000,0.000000,0.000000,0.000000,0.000000,0.000000,0.000000,0.000000,0.000000,0.000000,0.000000,0.000000,0.000000,0.000000,0.000000,1.238415,8.337561,-6.479222,4.559857,0.553122,-2.364767,4.251500,-1.452263,-8.151887,2.363096,0.109720,9.281984,0.000000,0.000000,0.000000,0.000000,0.000000,0.000000
278,0.000000,0.000000,0.000000,0.000000,0.000000,0.000000,0.000000,0.000000,0.000000,0.000000,0.000000,0.000000,0.000000,0.000000,0.000000,0.000000,0.000000,0.000000,0.000000,0.000000,0.000000,0.000000,0.000000,1.088477,7.028355,-5.761905,5.338316,-0.577215,-1.919709,5.064150,-1.895751,-8.270438,2.013709,0.026211,9.767914,0.000000,0.000000,0.000000,0.000000,0.000000,0.000000
281,0.000000,0.000000,0.000000,0.000000,0.000000,0.000000,0.000000,0.000000,0.000000,0.000000,0.000000,0.000000,0.000000,0.000000,0.000000,0.000000,0.000000,0.000000,0.000000,0.000000,0.000000,0.000000,0.000000,0.951726,5.959943,-5.161112,5.946350,-1.439258,-1.568553,5.566981,-2.220296,-8.234766,1.810849,-0.069159,9.974377,0.000000,0.000000,0.000000,0.000000,0.000000,0.000000
285,0.000000,0.000000,0.000000,0.000000,0.000000,0.000000,0.000000,0.000000,0.000000,0.000000,0.000000,0.000000,0.000000,0.000000,0.000000,0.000000,0.000000,0.000000,0.000000,0.000000,0.000000,0.000000,0.000000,0.745604,4.497574,-4.306765,6.781128,-2.560479,-1.084089,6.115433,-2.624115,-8.030360,1.609893,-0.265274,10.063976,0.000000,0.000000,0.000000,0.000000,0.000000,0.000000
289,0.000000,0.000000,0.000000,0.000000,0.000000,0.000000,0.000000,0.000000,0.000000,0.000000,0.000000,0.000000,0.000000,0.000000,0.000000,0.000000,0.000000,0.000000,0.000000,0.000000,0.000000,0.000000,0.000000,0.528970,3.068273,-3.428552,7.612455,-3.633586,-0.599159,6.516723,-2.976686,-7.646853,1.462088,-0.554276,9.956637,0.000000,0.000000,0.000000,0.000000,0.000000,0.000000
293,0.000000,0.000000,0.000000,0.000000,0.000000,0.000000,0.000000,0.000000,0.000000,0.000000,0.000000,0.000000,0.000000,0.000000,0.000000,0.000000,0.000000,0.000000,0.000000,0.000000,0.000000,0.000000,0.000000,0.315700,1.754166,-2.566106,8.419110,-4.632849,-0.125050,6.759724,-3.273525,-7.081876,1.344191,-0.949316,9.680015,0.000000,0.000000,0.000000,0.000000,0.000000,0.000000
296,0.000000,0.000000,0.000000,0.000000,0.000000,0.000000,0.000000,0.000000,0.000000,0.000000,0.000000,0.000000,0.000000,0.000000,0.000000,0.000000,0.000000,0.000000,0.000000,0.000000,0.000000,0.000000,0.000000,0.169074,0.897754,-1.953603,8.988100,-5.321195,0.209569,6.833845,-3.447428,-6.539853,1.261408,-1.326546,9.373104,0.000000,0.000000,0.000000,0.000000,0.000000,0.000000
300,0.000000,0.000000,0.000000,0.000000,0.000000,0.000000,0.000000,0.000000,0.000000,0.000000,0.000000,0.000000,0.000000,0.000000,0.000000,0.000000,0.000000,0.000000,0.000000,0.000000,0.000000,0.000000,0.000000,0.000000,0.000000,-1.217446,9.686890,-6.131340,0.623900,6.799801,-3.608684,-5.652233,1.151479,-1.953298,8.864572,0.000000,0.000000,0.000000,0.000000,0.000000,0.000000
304,0.000000,0.000000,0.000000,0.000000,0.000000,0.000000,0.000000,0.000000,0.000000,0.000000,0.000000,0.000000,0.000000,0.000000,0.000000,0.000000,0.000000,0.000000,0.000000,0.000000,0.000000,0.000000,0.000000,0.000000,0.000000,-0.566476,10.220100,-6.800145,0.921420,6.546595,-3.689317,-4.580606,0.953916,-2.685192,8.192365,0.011154,0.717555,0.000000,0.000000,0.000000,0.000000
308,0.000000,0.000000,0.000000,0.000000,0.000000,0.000000,0.000000,0.000000,0.000000,0.000000,0.000000,0.000000,0.000000,0.000000,0.000000,0.000000,0.000000,0.000000,0.000000,0.000000,0.000000,0.000000,0.000000,0.000000,0.000000,-0.019028,10.641459,-7.291050,1.216663,6.129609,-3.696157,-3.392951,0.716367,-3.540533,7.432289,0.011533,1.660835,0.000000,0.000000,0.000000,0.000000
311,0.000000,0.000000,0.000000,0.000000,0.000000,0.000000,0.000000,0.000000,0.000000,0.000000,0.000000,0.000000,0.000000,0.000000,0.000000,0.000000,0.000000,0.000000,0.000000,0.000000,0.000000,0.000000,0.000000,0.000000,0.000000,0.324864,10.868675,-7.539721,1.459832,5.721237,-3.662427,-2.443604,0.518565,-4.232384,6.823341,0.007709,2.484863,0.000000,0.000000,0.000000,0.000000
315,0.000000,0.000000,0.000000,0.000000,0.000000,0.000000,0.000000,0.000000,0.000000,0.000000,0.000000,0.000000,0.000000,0.000000,0.000000,0.000000,0.000000,0.000000,0.000000,0.000000,0.000000,0.000000,0.000000,0.000000,0.000000,0.696196,11.006531,-7.719155,1.813877,5.042125,-3.562303,-1.132423,0.237201,-5.173627,5.968809,0.009662,3.686271,0.000000,0.000000,0.000000,0.000000
319,0.000000,0.000000,0.000000,0.000000,0.000000,0.000000,0.000000,0.000000,0.000000,0.000000,0.000000,0.000000,0.000000,0.000000,0.000000,0.000000,0.000000,0.000000,0.000000,0.000000,0.000000,0.000000,0.000000,0.000000,0.000000,0.968114,10.936924,-7.720413,2.236431,4.222312,-3.423769,0.196509,-0.055102,-6.091421,5.096491,0.023558,4.958206,0.000000,0.000000,0.000000,0.000000
323,0.000000,0.000000,0.000000,0.000000,0.000000,0.000000,0.000000,0.000000,0.000000,0.000000,0.000000,0.000000,0.000000,0.000000,0.000000,0.000000,0.000000,0.000000,0.000000,0.000000,0.000000,0.000000,0.000000,0.000000,0.000000,1.146655,10.631374,-7.535412,2.758198,3.269527,-3.262872,1.500843,-0.348596,-6.935873,4.230965,0.056467,6.243632,0.000000,0.000000,0.000000,0.000000
326,0.000000,0.000000,0.000000,0.000000,0.000000,0.000000,0.000000,0.000000,0.000000,0.000000,0.000000,0.000000,0.000000,0.000000,0.000000,0.000000,0.000000,0.000000,0.000000,0.000000,0.000000,0.000000,0.000000,0.000000,0.000000,1.220930,10.231074,-7.270894,3.235701,2.477167,-3.137116,2.437654,-0.565536,-7.493062,3.600866,0.094912,7.182136,0.000000,0.000000,0.000000,0.000000
330,0.000000,0.000000,0.000000,0.000000,0.000000,0.000000,0.000000,0.000000,0.000000,0.000000,0.000000,0.000000,0.000000,0.000000,0.000000,0.000000,0.000000,0.000000,0.000000,0.000000,0.000000,0.000000,0.000000,0.000000,0.000000,1.242811,9.441785,-6.744374,4.003687,1.333866,-2.966185,3.597118,-0.833367,-8.097904,2.801645,0.171184,8.350672,0.000000,0.000000,0.000000,0.000000
334,0.000000,0.000000,0.000000,0.000000,0.000000,0.000000,0.000000,0.000000,0.000000,0.000000,0.000000,0.000000,0.000000,0.000000,0.000000,0.000000,0.000000,0.000000,0.000000,0.000000,0.000000,0.000000,0.000000,0.000000,0.000000,1.182084,8.363575,-6.018660,4.951071,0.119916,-2.803214,4.629266,-1.072623,-8.515566,2.071533,0.266094,9.379664,0.000000,0.000000,0.000000,0.000000
338,0.000000,0.000000,0.000000,0.000000,0.000000,0.000000,0.000000,0.000000,0.000000,0.000000,0.000000,0.000000,0.000000,0.000000,0.000000,0.000000,0.000000,0.000000,0.000000,0.000000,0.000000,0.000000,0.000000,0.000000,0.000000,1.056416,7.069553,-5.130775,6.048049,-1.138649,-2.649747,5.511603,-1.294758,-8.736869,1.420496,0.349030,10.238207,0.000000,0.000000,0.000000,0.000000
341,0.000000,0.000000,0.000000,0.000000,0.000000,0.000000,0.000000,0.000000,0.000000,0.000000,0.000000,0.000000,0.000000,0.000000,0.000000,0.000000,0.000000,0.000000,0.000000,0.000000,0.000000,0.000000,0.000000,0.000000,0.000000,0.933125,6.005662,-4.386807,6.931531,-2.095034,-2.535013,6.062112,-1.447221,-8.772102,0.980421,0.384369,10.747477,0.000000,0.000000,0.000000,0.000000
345,0.000000,0.000000,0.000000,0.000000,0.000000,0.000000,0.000000,0.000000,0.000000,0.000000,0.000000,0.000000,0.000000,0.000000,0.000000,0.000000,0.000000,0.000000,0.000000,0.000000,0.000000,0.000000,0.000000,0.000000,0.000000,0.739829,4.542684,-3.331724,8.164942,-3.342085,-2.373737,6.660864,-1.636188,-8.646935,0.475764,0.356396,11.235040,0.000000,0.000000,0.000000,0.000000
349,0.000000,0.000000,0.000000,0.000000,0.000000,0.000000,0.000000,0.000000,0.000000,0.000000,0.000000,0.000000,0.000000,0.000000,0.000000,0.000000,0.000000,0.000000,0.000000,0.000000,0.000000,0.000000,0.000000,0.000000,0.000000,0.527868,3.103290,-2.257356,9.404616,-4.534966,-2.197906,7.104035,-1.799471,-8.321538,0.063555,0.208047,11.471310,0.000000,0.000000,0.000000,0.000000
353,0.000000,0.000000,0.000000,0.000000,0.000000,0.000000,0.000000,0.000000,0.000000,0.000000,0.000000,0.000000,0.000000,0.000000,0.000000,0.000000,0.000000,0.000000,0.000000,0.000000,0.000000,0.000000,0.000000,0.000000,0.000000,0.317239,1.778495,-1.210418,10.605373,-5.644693,-2.004608,7.374325,-1.951215,-7.785935,-0.240908,-0.092966,11.436614,0.000000,0.000000,0.000000,0.000000
356,0.000000,0.000000,0.000000,0.000000,0.000000,0.000000,0.000000,0.000000,0.000000,0.000000,0.000000,0.000000,0.000000,0.000000,0.000000,0.000000,0.000000,0.000000,0.000000,0.000000,0.000000,0.000000,0.000000,0.000000,0.000000,0.170928,0.912379,-0.474462,11.448801,-6.407474,-1.846443,7.454063,-2.061347,-7.240086,-0.392784,-0.437786,11.217911,0.000000,0.000000,0.000000,0.000000
360,0.000000,0.000000,0.000000,0.000000,0.000000,0.000000,0.000000,0.000000,0.000000,0.000000,0.000000,0.000000,0.000000,0.000000,0.000000,0.000000,0.000000,0.000000,0.000000,0.000000,0.000000,0.000000,0.000000,0.000000,0.000000,0.000000,0.000000,0.393363,12.459424,-7.305978,-1.609787,7.410336,-2.203256,-6.312355,-0.478506,-1.092762,10.657066,0.000000,0.000000,0.000000,0.000000
364,0.000000,0.000000,0.000000,0.000000,0.000000,0.000000,0.000000,0.000000,0.000000,0.000000,0.000000,0.000000,0.000000,0.000000,0.000000,0.000000,0.000000,0.000000,0.000000,0.000000,0.000000,0.000000,0.000000,0.000000,0.000000,0.000000,0.000000,1.145096,13.235135,-8.024816,-1.398341,7.123804,-2.357118,-5.176042,-0.515755,-1.955710,9.702946,0.152724,0.943227,0.000000,0.000000
368,0.000000,0.000000,0.000000,0.000000,0.000000,0.000000,0.000000,0.000000,0.000000,0.000000,0.000000,0.000000,0.000000,0.000000,0.000000,0.000000,0.000000,0.000000,0.000000,0.000000,0.000000,0.000000,0.000000,0.000000,0.000000,0.000000,0.000000,1.754400,13.823390,-8.531595,-1.104095,6.654985,-2.513925,-3.890897,-0.468559,-3.014423,8.485434,0.329973,2.171490,0.000000,0.000000
371,0.000000,0.000000,0.000000,0.000000,0.000000,0.000000,0.000000,0.000000,0.000000,0.000000,0.000000,0.000000,0.000000,0.000000,0.000000,0.000000,0.000000,0.000000,0.000000,0.000000,0.000000,0.000000,0.000000,0.000000,0.000000,0.000000,0.000000,2.116876,14.127211,-8.769755,-0.809362,6.198087,-2.634514,-2.852529,-0.396228,-3.891853,7.457361,0.466950,3.233075,0.000000,0.000000
375,0.000000,0.000000,0.000000,0.000000,0.000000,0.000000,0.000000,0.000000,0.000000,0.000000,0.000000,0.000000,0.000000,0.000000,0.000000,0.000000,0.000000,0.000000,0.000000,0.000000,0.000000,0.000000,0.000000,0.000000,0.000000,0.000000,0.000000,2.474879,14.300868,-8.903438,-0.320080,5.442050,-2.786843,-1.408004,-0.270092,-5.096825,5.996469,0.652973,4.760979,0.000000,0.000000
379,0.000000,0.000000,0.000000,0.000000,0.000000,0.000000,0.000000,0.000000,0.000000,0.000000,0.000000,0.000000,0.000000,0.000000,0.000000,0.000000,0.000000,0.000000,0.000000,0.000000,0.000000,0.000000,0.000000,0.000000,0.000000,0.000000,0.000000,2.691420,14.189719,-8.821442,0.308004,4.531006,-2.929794,0.067116,-0.142080,-6.270404,4.519760,0.827602,6.347032,0.000000,0.000000
383,0.000000,0.000000,0.000000,0.000000,0.000000,0.000000,0.000000,0.000000,0.000000,0.000000,0.000000,0.000000,0.000000,0.000000,0.000000,0.000000,0.000000,0.000000,0.000000,0.000000,0.000000,0.000000,0.000000,0.000000,0.000000,0.000000,0.000000,2.773708,13.765906,-8.512162,1.101638,3.468995,-3.065020,1.519651,-0.043006,-7.331039,3.117029,0.977108,7.907985,0.000000,0.000000
386,0.000000,0.000000,0.000000,0.000000,0.000000,0.000000,0.000000,0.000000,0.000000,0.000000,0.000000,0.000000,0.000000,0.000000,0.000000,0.000000,0.000000,0.000000,0.000000,0.000000,0.000000,0.000000,0.000000,0.000000,0.000000,0.000000,0.000000,2.750356,13.227291,-8.123216,1.825487,2.582615,-3.157817,2.561696,-0.010488,-8.006401,2.167105,1.063188,9.012788,0.000000,0.000000
390,0.000000,0.000000,0.000000,0.000000,0.000000,0.000000,0.000000,0.000000,0.000000,0.000000,0.000000,0.000000,0.000000,0.000000,0.000000,0.000000,0.000000,0.000000,0.000000,0.000000,0.000000,0.000000,0.000000,0.000000,0.000000,0.000000,0.000000,2.610126,12.179186,-7.390031,2.966898,1.290023,-3.253571,3.838916,-0.041541,-8.688834,1.089942,1.131464,10.319263,0.000000,0.000000
394,0.000000,0.000000,0.000000,0.000000,0.000000,0.000000,0.000000,0.000000,0.000000,0.000000,0.000000,0.000000,0.000000,0.000000,0.000000,0.000000,0.000000,0.000000,0.000000,0.000000,0.000000,0.000000,0.000000,0.000000,0.000000,0.000000,0.000000,2.358124,10.762893,-6.406781,4.330230,-0.095636,-3.310561,4.947055,-0.180371,-9.082154,0.284962,1.126440,11.369242,0.000000,0.000000
398,0.000000,0.000000,0.000000,0.000000,0.000000,0.000000,0.000000,0.000000,0.000000,0.000000,0.000000,0.000000,0.000000,0.000000,0.000000,0.000000,0.000000,0.000000,0.000000,0.000000,0.000000,0.000000,0.000000,0.000000,0.000000,0.000000,0.000000,2.027581,9.074238,-5.233054,5.848921,-1.524001,-3.317697,5.857894,-0.417395,-9.206047,-0.271846,1.045580,12.137128,0.000000,0.000000
401,0.000000,0.000000,0.000000,0.000000,0.000000,0.000000,0.000000,0.000000,0.000000,0.000000,0.000000,0.000000,0.000000,0.000000,0.000000,0.000000,0.000000,0.000000,0.000000,0.000000,0.000000,0.000000,0.000000,0.000000,0.000000,0.000000,0.000000,1.753931,7.703765,-4.272539,7.040086,-2.593167,-3.277054,6.392840,-0.645337,-9.134908,-0.561392,0.950553,12.518195,0.000000,0.000000
405,0.000000,0.000000,0.000000,0.000000,0.000000,0.000000,0.000000,0.000000,0.000000,0.000000,0.000000,0.000000,0.000000,0.000000,0.000000,0.000000,0.000000,0.000000,0.000000,0.000000,0.000000,0.000000,0.000000,0.000000,0.000000,0.000000,0.000000,1.352030,5.804143,-2.983087,8.589256,-3.939181,-3.158120,6.952490,-0.980889,-8.893638,-0.794847,0.716240,12.752400,0.000000,0.000000
409,0.000000,0.000000,0.000000,0.000000,0.000000,0.000000,0.000000,0.000000,0.000000,0.000000,0.000000,0.000000,0.000000,0.000000,0.000000,0.000000,0.000000,0.000000,0.000000,0.000000,0.000000,0.000000,0.000000,0.000000,0.000000,0.000000,0.000000,0.949212,3.952548,-1.750545,10.036470,-5.152159,-2.939163,7.333761,-1.317335,-8.469337,-0.894075,0.412315,12.674503,0.000000,0.000000
413,0.000000,0.000000,0.000000,0.000000,0.000000,0.000000,0.000000,0.000000,0.000000,0.000000,0.000000,0.000000,0.000000,0.000000,0.000000,0.000000,0.000000,0.000000,0.000000,0.000000,0.000000,0.000000,0.000000,0.000000,0.000000,0.000000,0.000000,0.564887,2.256534,-0.680963,11.277762,-6.185312,-2.616959,7.543015,-1.638799,-7.892085,-0.884369,0.029754,12.283467,0.000000,0.000000
416,0.000000,0.000000,0.000000,0.000000,0.000000,0.000000,0.000000,0.000000,0.000000,0.000000,0.000000,0.000000,0.000000,0.000000,0.000000,0.000000,0.000000,0.000000,0.000000,0.000000,0.000000,0.000000,0.000000,0.000000,0.000000,0.000000,0.000000,0.303458,1.153806,-0.044700,12.012893,-6.814584,-2.301653,7.588827,-1.853455,-7.368005,-0.821807,-0.302374,11.784944,0.000000,0.000000
420,0.000000,0.000000,0.000000,0.000000,0.000000,0.000000,0.000000,0.000000,0.000000,0.000000,0.000000,0.000000,0.000000,0.000000,0.000000,0.000000,0.000000,0.000000,0.000000,0.000000,0.000000,0.000000,0.000000,0.000000,0.000000,0.000000,0.000000,0.000000,0.000000,0.487540,12.652565,-7.426739,-1.769700,7.542088,-2.075085,-6.547951,-0.674209,-0.805631,10.861946,0.000000,0.000000
424,0.000000,0.000000,0.000000,0.000000,0.000000,0.000000,0.000000,0.000000,0.000000,0.000000,0.000000,0.000000,0.000000,0.000000,0.000000,0.000000,0.000000,0.000000,0.000000,0.000000,0.000000,0.000000,0.000000,0.000000,0.000000,0.000000,0.000000,0.000000,0.000000,0.679584,12.731883,-7.737983,-1.224958,7.253467,-2.238184,-5.621450,-0.618108,-1.311285,9.527966,-0.014521,0.919834
428,0.000000,0.000000,0.000000,0.000000,0.000000,0.000000,0.000000,0.000000,0.000000,0.000000,0.000000,0.000000,0.000000,0.000000,0.000000,0.000000,0.000000,0.000000,0.000000,0.000000,0.000000,0.000000,0.000000,0.000000,0.000000,0.000000,0.000000,0.000000,0.000000,0.551440,12.401799,-7.765006,-0.571617,6.832638,-2.322580,-4.642410,-0.576740,-1.865831,7.944568,-0.074087,2.104998
431,0.000000,0.000000,0.000000,0.000000,0.000000,0.000000,0.000000,0.000000,0.000000,0.000000,0.000000,0.000000,0.000000,0.000000,0.000000,0.000000,0.000000,0.000000,0.000000,0.000000,0.000000,0.000000,0.000000,0.000000,0.000000,0.000000,0.000000,0.000000,0.000000,0.288428,11.934572,-7.638553,-0.021185,6.449581,-2.343870,-3.872782,-0.552648,-2.300149,6.651519,-0.144291,3.115030
435,0.000000,0.000000,0.000000,0.000000,0.000000,0.000000,0.000000,0.000000,0.000000,0.000000,0.000000,0.000000,0.000000,0.000000,0.000000,0.000000,0.000000,0.000000,0.000000,0.000000,0.000000,0.000000,0.000000,0.000000,0.000000,0.000000,0.000000,0.000000,0.000000,-0.204519,11.069270,-7.329710,0.756507,5.840325,-2.315896,-2.839946,-0.539790,-2.874554,4.864625,-0.239941,4.534871
439,0.000000,0.000000,0.000000,0.000000,0.000000,0.000000,0.000000,0.000000,0.000000,0.000000,0.000000,0.000000,0.000000,0.000000,0.000000,0.000000,0.000000,0.000000,0.000000,0.000000,0.000000,0.000000,0.000000,0.000000,0.000000,0.000000,0.000000,0.000000,0.000000,-0.787589,10.003779,-6.914687,1.570506,5.145138,-2.238025,-1.809271,-0.545446,-3.427929,3.095236,-0.333623,5.950880
443,0.000000,0.000000,0.000000,0.000000,0.000000,0.000000,0.000000,0.000000,0.000000,0.000000,0.000000,0.000000,0.000000,0.000000,0.000000,0.000000,0.000000,0.000000,0.000000,0.000000,0.000000,0.000000,0.000000,0.000000,0.000000,0.000000,0.000000,0.000000,0.000000,-1.376130,8.816105,-6.452914,2.393586,4.390444,-2.111828,-0.809654,-0.567030,-3.939898,1.431875,-0.413432,7.258085
446,0.000000,0.000000,0.000000,0.000000,0.000000,0.000000,0.000000,0.000000,0.000000,0.000000,0.000000,0.000000,0.000000,0.000000,0.000000,0.000000,0.000000,0.000000,0.000000,0.000000,0.000000,0.000000,0.000000,0.000000,0.000000,0.000000,0.000000,0.000000,0.000000,-1.770160,7.892860,-6.111297,3.004658,3.803649,-1.991159,-0.092961,-0.593623,-4.285334,0.315068,-0.459965,8.106649
450,0.000000,0.000000,0.000000,0.000000,0.000000,0.000000,0.000000,0.000000,0.000000,0.000000,0.000000,0.000000,0.000000,0.000000,0.000000,0.000000,0.000000,0.000000,0.000000,0.000000,0.000000,0.000000,0.000000,0.000000,0.000000,0.000000,0.000000,0.000000,0.000000,-2.157311,6.686478,-5.700239,3.795262,3.001700,-1.811407,0.779773,-0.646694,-4.678816,-0.924192,-0.488624,8.980020
454,0.000000,0.000000,0.000000,0.000000,0.000000,0.000000,0.000000,0.000000,0.000000,0.000000,0.000000,0.000000,0.000000,0.000000,0.000000,0.000000,0.000000,0.000000,0.000000,0.000000,0.000000,0.000000,0.000000,0.000000,0.000000,0.000000,0.000000,0.000000,0.000000,-2.331415,5.572586,-5.380346,4.551967,2.214085,-1.620191,1.551968,-0.726072,-4.984434,-1.808802,-0.489782,9.500683
458,0.000000,0.000000,0.000000,0.000000,0.000000,0.000000,0.000000,0.000000,0.000000,0.000000,0.000000,0.000000,0.000000,0.000000,0.000000,0.000000,0.000000,0.000000,0.000000,0.000000,0.000000,0.000000,0.000000,0.000000,0.000000,0.000000,0.000000,0.000000,0.000000,-2.306392,4.551484,-5.152256,5.274386,1.451885,-1.412444,2.239413,-0.821781,-5.213471,-2.367948,-0.471242,9.689962
461,0.000000,0.000000,0.000000,0.000000,0.000000,0.000000,0.000000,0.000000,0.000000,0.000000,0.000000,0.000000,0.000000,0.000000,0.000000,0.000000,0.000000,0.000000,0.000000,0.000000,0.000000,0.000000,0.000000,0.000000,0.000000,0.000000,0.000000,0.000000,0.000000,-2.173827,3.836827,-5.031979,5.795623,0.888879,-1.246055,2.699185,-0.899620,-5.344364,-2.606803,-0.440375,9.639269
465,0.000000,0.000000,0.000000,0.000000,0.000000,0.000000,0.000000,0.000000,0.000000,0.000000,0.000000,0.000000,0.000000,0.000000,0.000000,0.000000,0.000000,0.000000,0.000000,0.000000,0.000000,0.000000,0.000000,0.000000,0.000000,0.000000,0.000000,0.000000,0.000000,-1.873394,2.948173,-4.928860,6.477662,0.159135,-1.016889,3.266903,-1.021605,-5.468726,-2.712889,-0.399947,9.375635
469,0.000000,0.000000,0.000000,0.000000,0.000000,0.000000,0.000000,0.000000,0.000000,0.000000,0.000000,0.000000,0.000000,0.000000,0.000000,0.000000,0.000000,0.000000,0.000000,0.000000,0.000000,0.000000,0.000000,0.000000,0.000000,0.000000,0.000000,0.000000,0.000000,-1.459620,2.116703,-4.880022,7.146101,-0.556886,-0.777110,3.788951,-1.157522,-5.546886,-2.625631,-0.355657,8.929537
473,0.000000,0.000000,0.000000,0.000000,0.000000,0.000000,0.000000,0.000000,0.000000,0.000000,0.000000,0.000000,0.000000,0.000000,0.000000,0.000000,0.000000,0.000000,0.000000,0.000000,0.000000,0.000000,0.000000,0.000000,0.000000,0.000000,0.000000,0.000000,0.000000,-0.964569,1.327653,-4.874404,7.805329,-1.265519,-0.528425,4.280132,-1.304263,-5.589493,-2.393695,-0.312984,8.354783
476,0.000000,0.000000,0.000000,0.000000,0.000000,0.000000,0.000000,0.000000,0.000000,0.000000,0.000000,0.000000,0.000000,0.000000,0.000000,0.000000,0.000000,0.000000,0.000000,0.000000,0.000000,0.000000,0.000000,0.000000,0.000000,0.000000,0.000000,0.000000,0.000000,-0.559674,0.751501,-4.893693,8.291084,-1.798748,-0.336496,4.640185,-1.405151,-5.604792,-2.156102,-0.280240,7.862644
480,0.000000,0.000000,0.000000,0.000000,0.000000,0.000000,0.000000,0.000000,0.000000,0.000000,0.000000,0.000000,0.000000,0.000000,0.000000,0.000000,0.000000,0.000000,0.000000,0.000000,0.000000,0.000000,0.000000,0.000000,0.000000,0.000000,0.000000,0.000000,0.000000,0.000000,0.000000,-4.937048,8.943105,-2.511438,-0.076664,5.118737,-1.555153,-5.601827,-1.785257,-0.247871,7.195208
