index,SAT_201,SAT_202,SAT_203,SAT_204,SAT_205,SAT_206,SAT_207,SAT_208,SAT_209,SAT_210,SAT_211,SAT_212,SAT_213,SAT_214,SAT_215,SAT_216,SAT_217,SAT_218,SAT_219,SAT_220,SAT_221,SAT_222,SAT_223,SAT_224,SAT_300,SAT_301,SAT_302,SAT_303,SAT_306,SAT_307,SAT_308,SAT_309,SAT_400,SAT_401,SAT_402,SAT_403,SAT_406,SAT_407,SAT_408,SAT_409
0,-2.695,-2.769,3.239,3.148,9.882,9.865,-4.970,-5.009,-6.199,-6.206,9.160,9.175,-2.733,-2.774,3.176,3.179,9.906,9.865,-4.974,-4.957,-6.232,-6.197,9.180,9.176,0.037,0.069,0.084,0.095,-10.648,0.515,5.355,0.702,0.000,0.000,0.000,0.000,-10.648,0.515,5.355,0.702
5,-2.495,-3.186,4.259,1.675,9.500,9.217,-4.332,-4.357,-5.512,-5.517,9.467,9.478,-3.161,-2.543,1.694,4.224,9.241,9.492,-5.254,-5.247,-5.713,-5.691,9.117,9.114,0.038,0.056,0.065,0.072,-10.333,-1.166,5.380,1.503,0.000,0.000,0.000,0.000,-10.648,0.515,5.355,0.702
10,-1.848,-4.204,4.729,0.162,8.133,7.482,-3.286,-3.308,-3.415,-3.420,9.883,9.894,-4.183,-1.886,0.179,4.702,7.500,8.129,-5.274,-5.269,-4.394,-4.376,9.500,9.496,0.038,0.053,0.060,0.065,-9.847,-2.815,5.297,2.288,0.000,0.000,0.000,0.000,-10.648,0.515,5.355,0.702
15,-0.285,-5.764,4.921,-1.034,5.781,4.628,-1.902,-1.920,-0.115,-0.122,10.152,10.165,-5.746,-0.313,-1.018,4.901,4.644,5.780,-5.212,-5.209,-2.738,-2.721,10.320,10.314,0.038,0.050,0.058,0.062,-9.080,-4.362,5.046,3.008,0.000,0.000,0.000,0.000,-10.648,0.515,5.355,0.702
20,2.299,-7.368,5.307,-1.912,2.630,0.890,-0.203,-0.217,3.890,3.880,9.933,9.949,-7.352,2.280,-1.896,5.293,0.903,2.633,-5.244,-5.243,-0.976,-0.958,11.330,11.320,0.038,0.048,0.059,0.061,-8.123,-5.805,4.677,3.668,0.000,0.000,0.000,0.000,-10.648,0.515,5.355,0.702
25,5.531,-8.387,6.163,-2.747,-0.846,-3.218,1.900,1.888,8.001,7.986,8.833,8.853,-8.372,5.522,-2.727,6.156,-3.207,-0.836,-5.553,-5.554,0.963,0.985,12.049,12.033,0.038,0.047,0.066,0.066,-6.983,-7.104,4.195,4.242,0.000,0.000,0.000,0.000,-10.648,0.515,5.355,0.702
30,8.654,-8.404,7.310,-3.751,-3.970,-7.099,4.504,4.494,11.695,11.672,6.589,6.618,-8.389,8.655,-3.725,7.310,-7.087,-3.953,-6.271,-6.274,3.275,3.304,11.986,11.960,0.039,0.049,0.080,0.077,-5.672,-8.231,3.610,4.712,0.000,0.000,0.000,0.000,-10.648,0.515,5.355,0.702
35,10.835,-7.393,8.207,-4.843,-6.159,-10.347,7.478,7.470,14.526,14.494,3.360,3.402,-7.377,10.848,-4.804,8.215,-10.334,-6.130,-7.317,-7.322,5.931,5.972,10.914,10.873,0.042,0.054,0.104,0.098,-4.226,-9.173,2.944,5.069,0.000,0.000,0.000,0.000,-10.648,0.515,5.355,0.702
40,11.614,-5.733,8.299,-5.719,-7.213,-12.831,10.308,10.301,16.046,16.001,-0.127,-0.066,-5.714,11.641,-5.660,8.315,-12.814,-7.168,-8.239,-8.248,8.501,8.559,9.003,8.941,0.049,0.062,0.142,0.131,-2.670,-9.894,2.212,5.291,0.000,0.000,0.000,0.000,-10.648,0.515,5.355,0.702
45,11.124,-4.020,7.316,-6.133,-7.379,-14.587,12.260,12.252,15.844,15.784,-2.827,-2.740,-3.996,11.168,-6.045,7.343,-14.566,-7.312,-8.364,-8.377,10.308,10.388,6.687,6.597,0.061,0.074,0.197,0.180,-1.034,-10.365,1.430,5.365,0.000,0.000,0.000,0.000,-10.648,0.515,5.355,0.702
50,9.902,-2.763,5.386,-6.107,-7.075,-15.663,12.807,12.796,13.815,13.738,-4.027,-3.905,-2.731,9.968,-5.977,5.425,-15.639,-6.979,-7.249,-7.270,10.866,10.972,4.392,4.270,0.078,0.089,0.273,0.247,0.635,-10.639,0.629,5.318,0.000,0.000,0.000,0.000,-10.648,0.515,5.355,0.702
55,8.503,-2.136,2.942,-5.893,-6.557,-16.073,11.985,11.970,10.353,10.257,-3.851,-3.687,-2.093,8.592,-5.706,2.993,-16.048,-6.423,-5.079,-5.110,10.191,10.327,2.341,2.181,0.101,0.108,0.372,0.335,2.296,-10.611,-0.177,5.098,0.000,0.000,0.000,0.000,-10.648,0.515,5.355,0.702
60,7.278,-1.985,0.541,-5.744,-5.843,-15.896,10.317,10.295,6.255,6.139,-3.172,-2.957,-1.927,7.395,-5.485,0.603,-15.875,-5.663,-2.566,-2.612,8.731,8.897,0.574,0.374,0.130,0.128,0.496,0.448,3.899,-10.335,-0.962,4.744,0.000,0.000,0.000,0.000,-10.648,0.515,5.355,0.702
65,6.436,-1.958,-1.373,-5.693,-4.886,-15.382,8.399,8.369,2.400,2.263,-3.006,-2.735,-1.883,6.579,-5.344,-1.300,-15.373,-4.649,-0.523,-0.587,7.012,7.208,-0.895,-1.131,0.158,0.144,0.647,0.585,5.432,-9.861,-1.718,4.283,0.000,0.000,0.000,0.000,-10.648,0.515,5.355,0.702
70,6.144,-1.590,-2.597,-5.554,-3.780,-14.905,6.555,6.516,-0.560,-0.718,-3.945,-3.615,-1.495,6.308,-5.098,-2.519,-14.920,-3.479,0.489,0.405,5.387,5.606,-1.994,-2.259,0.167,0.139,0.824,0.749,6.865,-9.183,-2.436,3.722,0.000,0.000,0.000,0.000,-10.648,0.515,5.355,0.702
75,6.501,-0.382,-3.129,-5.221,-2.835,-14.712,4.913,4.867,-2.339,-2.521,-5.999,-5.611,-0.263,6.680,-4.646,-3.054,-14.767,-2.463,0.271,0.165,4.030,4.261,-2.693,-2.974,0.116,0.072,1.024,0.936,8.099,-8.244,-3.079,3.049,0.000,0.000,0.000,0.000,-10.648,0.515,5.355,0.702
80,7.402,1.966,-3.049,-4.931,-2.460,-14.662,3.709,3.659,-3.005,-3.214,-8.738,-8.300,2.109,7.579,-4.228,-2.987,-14.774,-2.013,-1.009,-1.137,3.044,3.275,-3.129,-3.403,-0.075,-0.131,1.244,1.147,9.132,-7.095,-3.647,2.296,0.000,0.000,0.000,0.000,-10.648,0.515,5.355,0.702
85,8.402,5.214,-2.522,-5.141,-2.928,-14.280,3.340,3.291,-2.865,-3.108,-11.505,-11.032,5.379,8.558,-4.309,-2.486,-14.468,-2.405,-2.839,-2.988,2.465,2.677,-3.586,-3.829,-0.501,-0.563,1.479,1.377,9.983,-5.805,-4.148,1.502,0.000,0.000,0.000,0.000,-10.648,0.515,5.355,0.702
90,8.830,8.477,-1.880,-6.074,-4.127,-13.159,4.008,3.969,-2.293,-2.576,-13.551,-13.064,8.659,8.942,-5.119,-1.883,-13.440,-3.531,-4.531,-4.691,2.203,2.375,-4.292,-4.472,-1.203,-1.258,1.726,1.624,10.580,-4.357,-4.555,0.673,0.000,0.000,0.000,0.000,-10.648,0.515,5.355,0.702
95,8.162,10.542,-1.570,-7.451,-5.536,-11.350,5.359,5.337,-1.596,-1.928,-14.175,-13.699,10.733,8.201,-6.386,-1.625,-11.740,-4.876,-5.520,-5.678,2.014,2.124,-5.191,-5.274,-2.065,-2.094,1.980,1.885,10.877,-2.773,-4.849,-0.171,0.000,0.000,0.000,0.000,-10.648,0.515,5.355,0.702
100,6.330,10.488,-1.872,-8.737,-6.491,-9.319,6.572,6.571,-0.974,-1.361,-12.964,-12.525,10.679,6.272,-7.585,-1.989,-9.826,-5.782,-5.626,-5.761,1.627,1.647,-5.991,-5.939,-2.817,-2.797,2.241,2.159,10.969,-1.120,-5.070,-1.004,0.000,0.000,0.000,0.000,-10.648,0.515,5.355,0.702
105,3.737,8.187,-2.613,-9.624,-6.588,-7.509,6.892,6.910,-0.524,-0.969,-10.067,-9.693,8.365,3.561,-8.411,-2.793,-8.135,-5.853,-5.050,-5.129,0.902,0.805,-6.411,-6.188,-3.196,-3.096,2.512,2.446,10.688,0.591,-5.140,-1.797,0.000,0.000,0.000,0.000,-10.648,0.515,5.355,0.702
110,0.962,4.366,-3.195,-10.218,-5.903,-6.046,6.097,6.121,-0.243,-0.743,-6.240,-5.952,4.518,0.661,-8.970,-3.431,-6.786,-5.170,-4.112,-4.095,-0.105,-0.348,-6.392,-5.960,-3.189,-2.974,2.795,2.746,10.104,2.288,-5.083,-2.526,0.000,0.000,0.000,0.000,-10.648,0.515,5.355,0.702
115,-1.494,0.176,-2.999,-10.797,-4.860,-4.840,4.526,4.528,-0.001,-0.545,-2.454,-2.268,0.289,-1.910,-9.539,-3.270,-5.679,-4.162,-2.980,-2.821,-1.252,-1.672,-6.038,-5.362,-3.098,-2.725,3.096,3.058,9.309,3.947,-4.934,-3.195,0.000,0.000,0.000,0.000,-10.648,0.515,5.355,0.702
120,-3.271,-3.403,-1.831,-11.497,-3.916,-3.866,2.771,2.707,0.396,-0.172,0.590,0.666,-3.342,-3.771,-10.245,-2.101,-4.782,-3.297,-1.617,-1.267,-2.451,-3.076,-5.430,-4.482,-3.327,-2.750,3.418,3.376,8.272,5.508,-4.669,-3.775,0.000,0.000,0.000,0.000,-10.648,0.515,5.355,0.702
125,-4.138,-5.921,-0.038,-12.208,-3.304,-3.229,1.334,1.144,1.053,0.488,2.631,2.595,-5.922,-4.669,-10.967,-0.259,-4.190,-2.807,0.032,0.617,-3.684,-4.536,-4.571,-3.332,-4.076,-3.244,3.748,3.674,7.017,6.932,-4.288,-4.256,0.000,0.000,0.000,0.000,-10.648,0.515,5.355,0.702
130,-4.098,-7.417,1.724,-12.702,-2.952,-2.992,0.422,0.032,1.846,1.320,3.657,3.509,-7.488,-4.584,-11.465,1.616,-3.964,-2.625,1.829,2.685,-4.926,-6.020,-3.467,-1.932,-5.210,-4.072,4.041,3.896,5.593,8.187,-3.805,-4.635,0.000,0.000,0.000,0.000,-10.648,0.515,5.355,0.702
135,-3.489,-8.118,2.873,-12.797,-2.590,-3.085,-0.092,-0.765,2.507,2.056,3.714,3.449,-8.261,-3.844,-11.549,2.947,-4.033,-2.481,3.449,4.593,-6.088,-7.421,-2.199,-0.384,-6.351,-4.861,4.219,3.946,4.040,9.245,-3.229,-4.908,0.000,0.000,0.000,0.000,-10.648,0.515,5.355,0.702
140,-2.869,-8.179,3.154,-12.456,-1.984,-3.393,-0.500,-1.539,2.828,2.488,2.966,2.570,-8.391,-3.005,-11.172,3.481,-4.288,-2.139,4.548,5.978,-7.054,-8.608,-0.869,1.190,-7.107,-5.230,4.194,3.721,2.390,10.069,-2.566,-5.069,0.000,0.000,0.000,0.000,-10.648,0.515,5.355,0.702
145,-2.676,-7.677,2.676,-11.766,-1.155,-3.884,-0.981,-2.459,2.814,2.614,1.810,1.247,-7.945,-2.521,-10.426,3.319,-4.710,-1.612,4.946,6.639,-7.743,-9.477,0.480,2.720,-7.250,-4.969,3.909,3.155,0.684,10.620,-1.827,-5.108,0.000,0.000,0.000,0.000,-10.648,0.515,5.355,0.702
150,-2.986,-6.744,1.747,-10.909,-0.359,-4.554,-1.439,-3.407,2.637,2.598,0.768,-0.022,-7.045,-2.498,-9.500,2.753,-5.317,-1.150,4.656,6.570,-8.123,-9.978,1.835,4.176,-6.766,-4.088,3.392,2.272,-1.031,10.940,-1.037,-5.054,0.000,0.000,0.000,0.000,-10.648,0.515,5.355,0.702
155,-3.520,-5.686,0.645,-10.083,0.155,-5.297,-1.618,-4.092,2.461,2.592,0.195,-0.911,-5.988,-2.702,-8.612,2.039,-6.024,-0.988,3.782,5.861,-8.171,-10.077,3.136,5.489,-5.755,-2.721,2.718,1.158,-2.699,10.891,-0.200,-4.850,0.000,0.000,0.000,0.000,-10.648,0.515,5.355,0.702
160,-3.867,-4.931,-0.500,-9.407,0.379,-5.881,-1.356,-4.307,2.327,2.629,0.106,-1.424,-5.192,-2.774,-7.905,1.281,-6.620,-1.118,2.421,4.606,-7.855,-9.739,4.246,6.520,-4.340,-1.017,1.962,-0.090,-4.293,10.595,0.649,-4.555,0.000,0.000,0.000,0.000,-10.648,0.515,5.355,0.702
165,-3.743,-4.833,-1.600,-8.853,0.522,-6.134,-0.760,-4.107,2.183,2.652,0.260,-1.817,-5.004,-2.476,-7.373,0.539,-6.946,-1.313,0.664,2.901,-7.159,-8.957,5.041,7.156,-2.627,0.889,1.171,-1.390,-5.759,10.013,1.486,-4.153,0.000,0.000,0.000,0.000,-10.648,0.515,5.355,0.702
170,-3.141,-5.406,-2.467,-8.308,0.770,-6.141,-0.139,-3.755,1.975,2.607,0.404,-2.337,-5.435,-1.838,-6.925,-0.025,-7.091,-1.361,-1.335,0.910,-6.138,-7.808,5.544,7.444,-0.770,2.825,0.400,-2.640,-7.098,9.204,2.299,-3.667,0.000,0.000,0.000,0.000,-10.648,0.515,5.355,0.702
175,-2.301,-6.244,-2.837,-7.700,1.096,-6.234,0.191,-3.526,1.664,2.461,0.449,-3.049,-6.082,-1.114,-6.499,-0.162,-7.369,-1.264,-3.348,-1.117,-4.928,-6.455,5.944,7.601,1.002,4.554,-0.235,-3.676,-8.236,8.147,3.048,-3.089,0.000,0.000,0.000,0.000,-10.648,0.515,5.355,0.702
180,-1.518,-6.781,-2.555,-7.084,1.252,-6.722,0.080,-3.544,1.198,2.169,0.465,-3.839,-6.388,-0.587,-6.148,0.272,-8.062,-1.245,-5.132,-2.917,-3.684,-5.088,6.452,7.867,2.442,5.837,-0.595,-4.313,-9.132,6.857,3.706,-2.425,0.000,0.000,0.000,0.000,-10.648,0.515,5.355,0.702
185,-0.973,-6.724,-1.731,-6.575,0.989,-7.617,-0.436,-3.771,0.529,1.692,0.566,-4.534,-6.072,-0.403,-5.976,1.165,-9.145,-1.531,-6.532,-4.319,-2.491,-3.822,7.111,8.315,3.389,6.525,-0.581,-4.413,-9.852,5.429,4.286,-1.708,0.000,0.000,0.000,0.000,-10.648,0.515,5.355,0.702
190,-0.717,-6.269,-0.710,-6.216,0.290,-8.586,-1.178,-4.048,-0.326,1.055,0.816,-4.999,-5.350,-0.556,-6.001,2.178,-10.245,-2.126,-7.530,-5.289,-1.328,-2.660,7.712,8.756,3.817,6.617,-0.191,-3.953,-10.424,3.926,4.791,-0.960,0.000,0.000,0.000,0.000,-10.648,0.515,5.355,0.702
195,-0.751,-5.905,0.092,-5.929,-0.560,-9.156,-1.882,-4.153,-1.276,0.354,1.217,-5.164,-4.730,-0.979,-6.121,2.905,-10.860,-2.746,-8.194,-5.893,-0.098,-1.512,7.886,8.837,3.813,6.225,0.480,-3.024,-10.645,2.279,5.121,-0.162,0.000,0.000,0.000,0.000,-10.648,0.515,5.355,0.702
200,-1.010,-6.029,0.401,-5.604,-1.150,-9.013,-2.315,-3.907,-2.172,-0.261,1.712,-5.025,-4.633,-1.543,-6.198,3.084,-10.661,-3.001,-8.605,-6.219,1.267,-0.308,7.359,8.292,3.511,5.510,1.281,-1.790,-10.681,0.599,5.343,0.651,0.000,0.000,0.000,0.000,-10.648,0.515,5.355,0.702
205,-0.945,-6.109,0.292,-5.417,-1.251,-9.463,-2.338,-3.233,-2.332,-0.109,1.803,-5.040,-4.543,-1.646,-6.384,2.799,-10.959,-2.697,-8.685,-6.202,1.429,-0.369,7.495,8.487,3.874,5.456,0.794,-1.695,-10.645,2.279,5.121,-0.162,0.000,0.000,0.000,0.000,-10.648,0.515,5.355,0.702
210,-1.013,-6.156,0.226,-5.318,-1.390,-9.902,-2.348,-2.586,-2.495,0.066,1.759,-4.925,-4.487,-1.717,-6.613,2.520,-11.171,-2.407,-8.728,-6.153,1.566,-0.490,7.625,8.751,4.205,5.386,0.270,-1.529,-10.424,3.926,4.790,-0.960,0.000,0.000,0.000,0.000,-10.648,0.515,5.355,0.702
215,-1.203,-6.175,0.221,-5.306,-1.550,-10.304,-2.328,-1.994,-2.669,0.250,1.585,-4.692,-4.471,-1.742,-6.868,2.270,-11.306,-2.167,-8.725,-6.083,1.669,-0.650,7.737,9.064,4.480,5.293,-0.253,-1.297,-9.851,5.429,4.286,-1.708,0.000,0.000,0.000,0.000,-10.648,0.515,5.355,0.702
220,-1.485,-6.174,0.286,-5.369,-1.713,-10.649,-2.268,-1.472,-2.859,0.427,1.298,-4.366,-4.503,-1.718,-7.125,2.061,-11.385,-2.002,-8.673,-6.003,1.735,-0.828,7.818,9.406,4.687,5.175,-0.740,-1.014,-9.132,6.857,3.705,-2.425,0.000,0.000,0.000,0.000,-10.648,0.515,5.355,0.702
225,-1.816,-6.168,0.423,-5.492,-1.863,-10.925,-2.165,-1.022,-3.069,0.578,0.929,-3.982,-4.581,-1.646,-7.354,1.899,-11.428,-1.923,-8.577,-5.924,1.764,-1.004,7.858,9.753,4.815,5.035,-1.164,-0.700,-8.236,8.147,3.048,-3.090,0.000,0.000,0.000,0.000,-10.648,0.515,5.355,0.702
230,-2.146,-6.177,0.623,-5.662,-1.990,-11.125,-2.030,-0.637,-3.295,0.681,0.518,-3.580,-4.702,-1.536,-7.523,1.784,-11.456,-1.926,-8.447,-5.856,1.762,-1.162,7.852,10.085,4.863,4.879,-1.504,-0.376,-7.098,9.204,2.299,-3.667,0.000,0.000,0.000,0.000,-10.648,0.515,5.355,0.702
235,-2.427,-6.220,0.872,-5.872,-2.095,-11.250,-1.881,-0.302,-3.523,0.715,0.105,-3.198,-4.857,-1.400,-7.605,1.710,-11.477,-1.992,-8.292,-5.802,1.740,-1.293,7.797,10.379,4.832,4.713,-1.745,-0.066,-5.759,10.012,1.486,-4.153,0.000,0.000,0.000,0.000,-10.648,0.515,5.355,0.702
240,-2.621,-6.318,1.151,-6.121,-2.187,-11.301,-1.745,-0.004,-3.734,0.663,-0.272,-2.864,-5.036,-1.250,-7.582,1.675,-11.494,-2.091,-8.125,-5.762,1.709,-1.395,7.696,10.619,4.726,4.545,-1.880,0.210,-4.293,10.595,0.649,-4.555,0.000,0.000,0.000,0.000,-10.648,0.515,5.355,0.702
245,-2.701,-6.489,1.439,-6.414,-2.286,-11.284,-1.647,0.269,-3.904,0.508,-0.586,-2.597,-5.228,-1.097,-7.447,1.674,-11.496,-2.195,-7.953,-5.734,1.677,-1.470,7.557,10.791,4.554,4.378,-1.906,0.437,-2.699,10.891,-0.200,-4.851,0.000,0.000,0.000,0.000,-10.648,0.515,5.355,0.702
250,-2.657,-6.746,1.719,-6.761,-2.413,-11.201,-1.609,0.524,-4.006,0.243,-0.822,-2.401,-5.424,-0.949,-7.211,1.702,-11.470,-2.278,-7.783,-5.711,1.651,-1.523,7.393,10.887,4.328,4.215,-1.828,0.605,-1.031,10.940,-1.037,-5.054,0.000,0.000,0.000,0.000,-10.648,0.515,5.355,0.702
255,-2.493,-7.092,1.977,-7.169,-2.586,-11.051,-1.641,0.765,-4.019,-0.133,-0.978,-2.269,-5.616,-0.809,-6.896,1.756,-11.403,-2.325,-7.614,-5.691,1.633,-1.559,7.216,10.906,4.060,4.054,-1.652,0.710,0.684,10.621,-1.827,-5.108,0.000,0.000,0.000,0.000,-10.648,0.515,5.355,0.702
260,-2.225,-7.524,2.205,-7.641,-2.818,-10.834,-1.740,0.988,-3.930,-0.613,-1.065,-2.182,-5.799,-0.681,-6.535,1.828,-11.286,-2.337,-7.445,-5.672,1.621,-1.581,7.043,10.850,3.769,3.896,-1.392,0.754,2.390,10.069,-2.566,-5.069,0.000,0.000,0.000,0.000,-10.648,0.515,5.355,0.702
265,-1.876,-8.027,2.398,-8.166,-3.107,-10.552,-1.890,1.184,-3.738,-1.178,-1.100,-2.116,-5.973,-0.566,-6.167,1.907,-11.121,-2.325,-7.273,-5.655,1.611,-1.587,6.884,10.728,3.473,3.735,-1.066,0.742,4.040,9.245,-3.229,-4.908,0.000,0.000,0.000,0.000,-10.648,0.515,5.355,0.702
270,-1.474,-8.574,2.550,-8.722,-3.438,-10.215,-2.066,1.343,-3.451,-1.804,-1.103,-2.042,-6.135,-0.466,-5.830,1.981,-10.917,-2.309,-7.095,-5.645,1.599,-1.573,6.750,10.553,3.193,3.572,-0.695,0.683,5.594,8.187,-3.805,-4.635,0.000,0.000,0.000,0.000,-10.648,0.515,5.355,0.702
275,-1.043,-9.130,2.657,-9.277,-3.782,-9.843,-2.237,1.453,-3.091,-2.459,-1.094,-1.935,-6.288,-0.378,-5.561,2.036,-10.693,-2.312,-6.909,-5.654,1.580,-1.534,6.647,10.344,2.951,3.404,-0.302,0.587,7.017,6.933,-4.288,-4.256,0.000,0.000,0.000,0.000,-10.648,0.515,5.355,0.702
280,-0.610,-9.651,2.708,-9.786,-4.101,-9.471,-2.376,1.507,-2.684,-3.107,-1.090,-1.770,-6.431,-0.300,-5.388,2.062,-10.474,-2.354,-6.716,-5.691,1.553,-1.463,6.580,10.120,2.765,3.233,0.088,0.464,8.272,5.509,-4.668,-3.775,0.000,0.000,0.000,0.000,-10.648,0.515,5.355,0.702
285,-0.197,-10.089,2.694,-10.207,-4.357,-9.138,-2.459,1.498,-2.259,-3.713,-1.100,-1.536,-6.563,-0.227,-5.331,2.051,-10.286,-2.444,-6.518,-5.770,1.517,-1.354,6.550,9.904,2.653,3.061,0.449,0.326,9.309,3.947,-4.934,-3.194,0.000,0.000,0.000,0.000,-10.648,0.515,5.355,0.702
290,0.174,-10.399,2.604,-10.501,-4.517,-8.892,-2.472,1.429,-1.844,-4.243,-1.131,-1.231,-6.683,-0.156,-5.402,2.004,-10.150,-2.584,-6.322,-5.899,1.474,-1.205,6.558,9.716,2.626,2.894,0.762,0.182,10.104,2.288,-5.082,-2.526,0.000,0.000,0.000,0.000,-10.648,0.515,5.355,0.702
295,0.481,-10.543,2.427,-10.643,-4.562,-8.769,-2.409,1.307,-1.462,-4.668,-1.185,-0.866,-6.785,-0.085,-5.603,1.930,-10.083,-2.761,-6.136,-6.084,1.426,-1.017,6.602,9.571,2.686,2.739,1.008,0.042,10.688,0.592,-5.140,-1.798,0.000,0.000,0.000,0.000,-10.648,0.515,5.355,0.702
300,0.703,-10.499,2.161,-10.624,-4.493,-8.793,-2.271,1.145,-1.130,-4.968,-1.259,-0.465,-6.865,-0.015,-5.923,1.845,-10.087,-2.958,-5.970,-6.324,1.374,-0.791,6.680,9.474,2.826,2.604,1.179,-0.088,10.969,-1.120,-5.070,-1.004,0.000,0.000,0.000,0.000,-10.648,0.515,5.355,0.702
305,0.823,-10.262,1.807,-10.454,-4.327,-8.961,-2.065,0.956,-0.858,-5.129,-1.352,-0.061,-6.914,0.049,-6.345,1.769,-10.156,-3.154,-5.834,-6.607,1.319,-0.534,6.789,9.421,3.032,2.499,1.272,-0.199,10.877,-2.773,-4.849,-0.171,0.000,0.000,0.000,0.000,-10.648,0.515,5.355,0.702
310,0.831,-9.846,1.378,-10.159,-4.099,-9.251,-1.803,0.754,-0.649,-5.151,-1.458,0.310,-6.922,0.098,-6.840,1.723,-10.271,-3.329,-5.737,-6.917,1.260,-0.257,6.920,9.399,3.278,2.430,1.292,-0.288,10.580,-4.357,-4.555,0.672,0.000,0.000,0.000,0.000,-10.648,0.515,5.355,0.702
315,0.729,-9.286,0.894,-9.777,-3.850,-9.616,-1.500,0.546,-0.505,-5.041,-1.575,0.611,-6.881,0.122,-7.374,1.727,-10.407,-3.472,-5.685,-7.227,1.199,0.027,7.066,9.388,3.538,2.402,1.249,-0.350,9.983,-5.804,-4.148,1.502,0.000,0.000,0.000,0.000,-10.648,0.515,5.355,0.702
320,0.532,-8.629,0.382,-9.346,-3.625,-10.005,-1.173,0.337,-0.422,-4.819,-1.697,0.814,-6.785,0.112,-7.909,1.795,-10.537,-3.582,-5.684,-7.507,1.139,0.298,7.215,9.364,3.786,2.415,1.159,-0.385,9.133,-7.093,-3.647,2.296,0.000,0.000,0.000,0.000,-10.648,0.515,5.355,0.702
325,0.267,-7.924,-0.128,-8.904,-3.459,-10.363,-0.838,0.126,-0.396,-4.506,-1.820,0.902,-6.630,0.062,-8.407,1.932,-10.635,-3.663,-5.736,-7.729,1.090,0.537,7.355,9.311,4.001,2.463,1.036,-0.396,8.100,-8.241,-3.080,3.047,0.000,0.000,0.000,0.000,-10.648,0.515,5.355,0.702
330,-0.030,-7.222,-0.602,-8.483,-3.375,-10.651,-0.518,-0.093,-0.422,-4.130,-1.941,0.874,-6.417,-0.028,-8.836,2.129,-10.679,-3.727,-5.840,-7.869,1.061,0.719,7.472,9.220,4.171,2.539,0.896,-0.384,6.865,-9.176,-2.437,3.718,0.000,0.000,0.000,0.000,-10.648,0.515,5.355,0.702
335,-0.317,-6.558,-1.012,-8.101,-3.378,-10.847,-0.230,-0.326,-0.489,-3.715,-2.055,0.740,-6.154,-0.155,-9.170,2.367,-10.657,-3.785,-5.995,-7.912,1.068,0.828,7.555,9.089,4.295,2.632,0.752,-0.357,5.433,-9.848,-1.721,4.277,0.000,0.000,0.000,0.000,-10.648,0.515,5.355,0.702
340,-0.560,-5.958,-1.330,-7.771,-3.456,-10.945,0.007,-0.575,-0.586,-3.284,-2.158,0.523,-5.852,-0.308,-9.389,2.617,-10.566,-3.848,-6.195,-7.854,1.123,0.849,7.595,8.925,4.381,2.729,0.612,-0.319,3.901,-10.311,-0.966,4.732,0.000,0.000,0.000,0.000,-10.648,0.515,5.355,0.702
345,-0.733,-5.427,-1.540,-7.493,-3.584,-10.954,0.177,-0.840,-0.697,-2.853,-2.244,0.252,-5.524,-0.478,-9.485,2.842,-10.407,-3.918,-6.429,-7.705,1.235,0.783,7.582,8.740,4.439,2.819,0.483,-0.276,2.300,-10.568,-0.184,5.077,0.000,0.000,0.000,0.000,-10.648,0.515,5.355,0.702
350,-0.823,-4.960,-1.634,-7.263,-3.728,-10.886,0.274,-1.115,-0.803,-2.437,-2.309,-0.038,-5.183,-0.651,-9.452,3.009,-10.190,-3.993,-6.682,-7.480,1.404,0.637,7.514,8.540,4.485,2.892,0.369,-0.233,0.643,-10.565,0.615,5.282,0.000,0.000,0.000,0.000,-10.648,0.515,5.355,0.702
355,-0.834,-4.545,-1.616,-7.067,-3.854,-10.748,0.295,-1.390,-0.886,-2.044,-2.347,-0.317,-4.841,-0.817,-9.292,3.087,-9.923,-4.061,-6.933,-7.202,1.617,0.431,7.387,8.327,4.525,2.939,0.272,-0.193,-1.021,-10.242,1.407,5.305,0.000,0.000,0.000,0.000,-10.648,0.515,5.355,0.702
360,-0.779,-4.166,-1.498,-6.890,-3.927,-10.538,0.249,-1.651,-0.932,-1.682,-2.350,-0.560,-4.503,-0.967,-9.007,3.061,-9.612,-4.109,-7.153,-6.890,1.852,0.192,7.201,8.097,4.559,2.954,0.193,-0.154,-2.647,-9.698,2.174,5.196,0.000,0.000,0.000,0.000,-10.648,0.515,5.355,0.702
365,-0.679,-3.808,-1.304,-6.711,-3.926,-10.245,0.151,-1.880,-0.932,-1.357,-2.313,-0.749,-4.173,-1.094,-8.603,2.926,-9.259,-4.118,-7.314,-6.561,2.077,-0.050,6.956,7.834,4.578,2.934,0.133,-0.116,-4.186,-8.870,2.884,4.920,0.000,0.000,0.000,0.000,-10.648,0.515,5.355,0.702
370,-0.557,-3.460,-1.062,-6.507,-3.836,-9.848,0.019,-2.061,-0.883,-1.075,-2.233,-0.876,-3.851,-1.191,-8.088,2.695,-8.859,-4.073,-7.386,-6.223,2.259,-0.270,6.654,7.523,4.564,2.874,0.094,-0.073,-5.609,-7.779,3.517,4.490,0.000,0.000,0.000,0.000,-10.648,0.515,5.355,0.702
375,-0.434,-3.117,-0.802,-6.257,-3.655,-9.331,-0.123,-2.179,-0.793,-0.837,-2.109,-0.939,-3.533,-1.253,-7.475,2.390,-8.403,-3.960,-7.345,-5.876,2.367,-0.446,6.295,7.149,4.496,2.773,0.078,-0.023,-6.885,-6.451,4.057,3.921,0.000,0.000,0.000,0.000,-10.648,0.515,5.355,0.702
380,-0.323,-2.778,-0.551,-5.942,-3.392,-8.683,-0.255,-2.223,-0.673,-0.644,-1.945,-0.943,-3.213,-1.277,-6.780,2.042,-7.883,-3.775,-7.178,-5.518,2.381,-0.568,5.881,6.702,4.356,2.629,0.087,0.040,-7.975,-4.892,4.478,3.219,0.000,0.000,0.000,0.000,-10.648,0.515,5.355,0.702
385,-0.232,-2.443,-0.332,-5.551,-3.064,-7.908,-0.360,-2.190,-0.538,-0.494,-1.747,-0.900,-2.889,-1.262,-6.024,1.680,-7.291,-3.517,-6.881,-5.145,2.292,-0.633,5.418,6.179,4.130,2.445,0.121,0.118,-8.864,-3.123,4.767,2.399,0.000,0.000,0.000,0.000,-10.648,0.515,5.355,0.702
390,-0.165,-2.116,-0.157,-5.082,-2.691,-7.027,-0.430,-2.084,-0.405,-0.381,-1.525,-0.822,-2.559,-1.208,-5.235,1.334,-6.625,-3.197,-6.467,-4.754,2.110,-0.646,4.911,5.591,3.816,2.221,0.181,0.211,-9.541,-1.182,4.918,1.484,0.000,0.000,0.000,0.000,-10.648,0.515,5.355,0.702
395,-0.117,-1.801,-0.033,-4.546,-2.298,-6.078,-0.460,-1.914,-0.284,-0.297,-1.294,-0.720,-2.225,-1.120,-4.441,1.021,-5.896,-2.828,-5.958,-4.349,1.853,-0.616,4.373,4.956,3.424,1.963,0.263,0.317,-9.912,0.925,4.879,0.472,0.000,0.000,0.000,0.000,-10.648,0.515,5.355,0.702
400,-0.086,-1.502,0.045,-3.961,-1.906,-5.105,-0.453,-1.697,-0.185,-0.236,-1.064,-0.608,-1.893,-1.003,-3.671,0.755,-5.122,-2.432,-5.389,-3.937,1.552,-0.556,3.819,4.298,2.972,1.677,0.365,0.434,-10.087,3.122,4.712,-0.584,0.000,0.000,0.000,0.000,-10.648,0.515,5.355,0.702
405,-0.058,-1.103,0.075,-3.018,-1.382,-3.741,-0.375,-1.306,-0.098,-0.171,-0.763,-0.446,-1.413,-0.781,-2.658,0.486,-3.897,-1.826,-4.486,-3.329,1.044,-0.482,2.987,3.333,2.296,1.282,0.511,0.577,-9.975,3.652,4.582,-0.846,0.000,0.000,0.000,0.000,-10.648,0.515,5.355,0.702
410,-0.041,-0.780,0.074,-2.202,-0.960,-2.622,-0.290,-0.957,-0.046,-0.123,-0.523,-0.312,-1.014,-0.578,-1.846,0.299,-2.844,-1.312,-3.735,-2.838,0.641,-0.387,2.281,2.523,1.691,0.917,0.657,0.710,-9.832,4.271,4.425,-1.151,0.000,0.000,0.000,0.000,-10.648,0.515,5.355,0.702
415,-0.028,-0.528,0.059,-1.531,-0.637,-1.749,-0.208,-0.665,-0.017,-0.087,-0.342,-0.207,-0.694,-0.406,-1.225,0.175,-1.978,-0.899,-3.141,-2.457,0.350,-0.284,1.706,1.873,1.170,0.585,0.798,0.833,-9.650,4.944,4.240,-1.484,0.000,0.000,0.000,0.000,-10.648,0.515,5.355,0.702
420,-0.019,-0.340,0.040,-1.008,-0.401,-1.105,-0.139,-0.436,-0.004,-0.059,-0.212,-0.130,-0.451,-0.269,-0.771,0.097,-1.304,-0.583,-2.688,-2.168,0.162,-0.182,1.260,1.375,0.736,0.286,0.931,0.946,-9.432,5.647,4.028,-1.832,0.000,0.000,0.000,0.000,-10.648,0.515,5.355,0.702
425,-0.012,-0.206,0.024,-0.623,-0.238,-0.656,-0.087,-0.268,0.001,-0.038,-0.123,-0.077,-0.276,-0.166,-0.457,0.051,-0.807,-0.355,-2.352,-1.950,0.065,-0.083,0.929,1.012,0.362,-0.000,1.063,1.060,-9.103,6.423,3.745,-2.222,0.000,0.000,0.000,0.000,-10.648,0.515,5.355,0.702
430,-0.007,-0.116,0.013,-0.357,-0.131,-0.361,-0.049,-0.153,0.002,-0.022,-0.066,-0.042,-0.156,-0.095,-0.252,0.025,-0.463,-0.201,-2.112,-1.791,0.037,0.011,0.696,0.759,0.015,-0.296,1.201,1.184,-8.628,7.279,3.374,-2.657,0.000,0.000,0.000,0.000,-10.648,0.515,5.355,0.702
435,-0.004,-0.059,0.006,-0.185,-0.066,-0.180,-0.025,-0.079,0.002,-0.012,-0.033,-0.021,-0.080,-0.049,-0.126,0.011,-0.240,-0.103,-1.941,-1.673,0.056,0.097,0.540,0.591,-0.301,-0.590,1.333,1.303,-8.127,8.066,3.000,-3.059,0.000,0.000,0.000,0.000,-10.648,0.515,5.355,0.702
440,-0.002,-0.026,0.002,-0.083,-0.028,-0.078,-0.011,-0.035,0.001,-0.006,-0.014,-0.009,-0.036,-0.022,-0.055,0.004,-0.108,-0.046,-1.815,-1.581,0.097,0.172,0.438,0.483,-0.564,-0.854,1.438,1.392,-7.820,8.541,2.771,-3.302,0.000,0.000,0.000,0.000,-10.648,0.515,5.355,0.702
445,-0.001,-0.008,0.001,-0.027,-0.009,-0.025,-0.004,-0.011,0.000,-0.002,-0.004,-0.003,-0.011,-0.007,-0.017,0.001,-0.035,-0.015,-1.653,-1.439,0.143,0.232,0.369,0.408,-0.779,-1.087,1.516,1.449,-7.726,8.714,2.697,-3.390,0.000,0.000,0.000,0.000,-10.648,0.515,5.355,0.702
450,0.000,0.000,0.000,0.000,0.000,0.000,0.000,0.000,0.000,0.000,0.000,0.000,0.000,0.000,0.000,0.000,0.000,0.000,-1.394,-1.191,0.189,0.281,0.318,0.352,-0.975,-1.309,1.581,1.493,-7.672,8.810,2.655,-3.439,0.000,0.000,0.000,0.000,-10.648,0.515,5.355,0.702
455,0.000,0.000,0.000,0.000,0.000,0.000,0.000,0.000,0.000,0.000,0.000,0.000,0.000,0.000,0.000,0.000,0.000,0.000,-1.111,-0.912,0.228,0.316,0.294,0.326,-1.105,-1.469,1.616,1.514,-7.672,8.810,2.655,-3.439,0.000,0.000,0.000,0.000,-10.648,0.515,5.355,0.702
460,0.000,0.000,0.000,0.000,0.000,0.000,0.000,0.000,0.000,0.000,0.000,0.000,0.000,0.000,0.000,0.000,0.000,0.000,-0.856,-0.662,0.274,0.357,0.284,0.315,-1.190,-1.588,1.630,1.521,-7.672,8.810,2.655,-3.439,0.000,0.000,0.000,0.000,-10.648,0.515,5.355,0.702
465,0.000,0.000,0.000,0.000,0.000,0.000,0.000,0.000,0.000,0.000,0.000,0.000,0.000,0.000,0.000,0.000,0.000,0.000,-0.644,-0.456,0.324,0.404,0.290,0.320,-1.235,-1.665,1.614,1.495,-7.672,8.810,2.655,-3.439,0.000,0.000,0.000,0.000,-10.648,0.515,5.355,0.702
470,0.000,0.000,0.000,0.000,0.000,0.000,0.000,0.000,0.000,0.000,0.000,0.000,0.000,0.000,0.000,0.000,0.000,0.000,-0.440,-0.257,0.377,0.454,0.305,0.335,-1.265,-1.722,1.579,1.430,-7.672,8.810,2.655,-3.439,0.000,0.000,0.000,0.000,-10.648,0.515,5.355,0.702
475,0.000,0.000,0.000,0.000,0.000,0.000,0.000,0.000,0.000,0.000,0.000,0.000,0.000,0.000,0.000,0.000,0.000,0.000,-0.238,-0.061,0.437,0.511,0.327,0.356,-1.293,-1.777,1.537,1.350,-7.672,8.810,2.655,-3.439,0.000,0.000,0.000,0.000,-10.648,0.515,5.355,0.702
480,0.000,0.000,0.000,0.000,0.000,0.000,0.000,0.000,0.000,0.000,0.000,0.000,0.000,0.000,0.000,0.000,0.000,0.000,-0.030,0.140,0.510,0.580,0.354,0.381,-1.333,-1.845,1.505,1.277,-7.672,8.810,2.655,-3.439,0.000,0.000,0.000,0.000,-10.648,0.515,5.355,0.702
485,0.000,0.000,0.000,0.000,0.000,0.000,0.000,0.000,0.000,0.000,0.000,0.000,0.000,0.000,0.000,0.000,0.000,0.000,0.176,0.339,0.603,0.669,0.394,0.420,-1.392,-1.931,1.486,1.217,-7.672,8.810,2.655,-3.439,0.000,0.000,0.000,0.000,-10.648,0.515,5.355,0.702
490,0.000,0.000,0.000,0.000,0.000,0.000,0.000,0.000,0.000,0.000,0.000,0.000,0.000,0.000,0.000,0.000,0.000,0.000,0.378,0.535,0.720,0.782,0.456,0.480,-1.468,-2.028,1.472,1.158,-7.672,8.810,2.655,-3.439,0.000,0.000,0.000,0.000,-10.648,0.515,5.355,0.702
495,0.000,0.000,0.000,0.000,0.000,0.000,0.000,0.000,0.000,0.000,0.000,0.000,0.000,0.000,0.000,0.000,0.000,0.000,0.597,0.746,0.860,0.918,0.535,0.558,-1.565,-2.144,1.456,1.096,-7.672,8.810,2.655,-3.439,0.000,0.000,0.000,0.000,-10.648,0.515,5.355,0.702
500,0.000,0.000,0.000,0.000,0.000,0.000,0.000,0.000,0.000,0.000,0.000,0.000,0.000,0.000,0.000,0.000,0.000,0.000,0.848,0.988,1.021,1.074,0.625,0.646,-1.686,-2.283,1.434,1.026,-7.672,8.810,2.655,-3.439,0.000,0.000,0.000,0.000,-10.648,0.515,5.355,0.702
505,0.000,0.000,0.000,0.000,0.000,0.000,0.000,0.000,0.000,0.000,0.000,0.000,0.000,0.000,0.000,0.000,0.000,0.000,1.145,1.273,1.217,1.264,0.735,0.754,-1.870,-2.469,1.396,0.947,-7.518,8.925,2.559,-3.504,0.000,0.000,0.000,0.000,-10.648,0.515,5.355,0.702
510,0.000,0.000,0.000,0.000,0.000,0.000,0.000,0.000,0.000,0.000,0.000,0.000,0.000,0.000,0.000,0.000,0.000,0.000,1.487,1.599,1.458,1.498,0.876,0.892,-2.137,-2.710,1.340,0.860,-7.143,9.198,2.323,-3.659,0.000,0.000,0.000,0.000,-10.648,0.515,5.355,0.702
515,0.000,0.000,0.000,0.000,0.000,0.000,0.000,0.000,0.000,0.000,0.000,0.000,0.000,0.000,0.000,0.000,0.000,0.000,1.876,1.972,1.745,1.778,1.048,1.062,-2.456,-2.990,1.269,0.762,-6.673,9.523,2.031,-3.847,0.000,0.000,0.000,0.000,-10.648,0.515,5.355,0.702
520,0.000,0.000,0.000,0.000,0.000,0.000,0.000,0.000,0.000,0.000,0.000,0.000,0.000,0.000,0.000,0.000,0.000,0.000,2.315,2.395,2.079,2.104,1.254,1.265,-2.797,-3.293,1.186,0.652,-6.237,9.794,1.764,-4.010,0.000,0.000,0.000,0.000,-10.648,0.515,5.355,0.702
525,0.000,0.000,0.000,0.000,0.000,0.000,0.000,0.000,0.000,0.000,0.000,0.000,0.000,0.000,0.000,0.000,0.000,0.000,2.870,2.934,2.518,2.537,1.536,1.544,-3.201,-3.663,1.082,0.526,-5.879,10.001,1.549,-4.133,0.000,0.000,0.000,0.000,-10.648,0.515,5.355,0.702
530,0.000,0.000,0.000,0.000,0.000,0.000,0.000,0.000,0.000,0.000,0.000,0.000,0.000,0.000,0.000,0.000,0.000,0.000,3.541,3.592,3.075,3.089,1.911,1.915,-3.681,-4.104,0.945,0.380,-5.529,10.197,1.342,-4.248,0.000,0.000,0.000,0.000,-10.648,0.515,5.355,0.702
535,0.000,0.000,0.000,0.000,0.000,0.000,0.000,0.000,0.000,0.000,0.000,0.000,0.000,0.000,0.000,0.000,0.000,0.000,4.233,4.271,3.687,3.695,2.338,2.338,-4.164,-4.536,0.776,0.218,-5.134,10.373,1.114,-4.364,0.000,0.000,0.000,0.000,-10.648,0.515,5.355,0.702
540,0.000,0.000,0.000,0.000,0.000,0.000,0.000,0.000,0.000,0.000,0.000,0.000,0.000,0.000,0.000,0.000,0.000,0.000,4.851,4.875,4.286,4.287,2.779,2.775,-4.577,-4.878,0.578,0.041,-4.645,10.522,0.838,-4.487,0.000,0.000,0.000,0.000,-10.648,0.515,5.355,0.702
545,0.000,0.000,0.000,0.000,0.000,0.000,0.000,0.000,0.000,0.000,0.000,0.000,0.000,0.000,0.000,0.000,0.000,0.000,5.444,5.451,4.916,4.907,3.270,3.262,-4.961,-5.159,0.267,-0.175,-3.770,10.662,0.371,-4.649,0.000,0.000,0.000,0.000,-10.648,0.515,5.355,0.702
550,0.000,0.000,0.000,0.000,0.000,0.000,0.000,0.000,0.000,0.000,0.000,0.000,0.000,0.000,0.000,0.000,0.000,0.000,6.046,6.034,5.592,5.570,3.824,3.812,-5.343,-5.425,-0.156,-0.427,-2.562,10.797,-0.254,-4.835,0.000,0.000,0.000,0.000,-10.648,0.515,5.355,0.702
555,0.000,0.000,0.000,0.000,0.000,0.000,0.000,0.000,0.000,0.000,0.000,0.000,0.000,0.000,0.000,0.000,0.000,0.000,6.534,6.507,6.208,6.174,4.357,4.342,-5.637,-5.623,-0.571,-0.672,-1.492,10.900,-0.802,-4.990,0.000,0.000,0.000,0.000,-10.648,0.515,5.355,0.702
560,0.000,0.000,0.000,0.000,0.000,0.000,0.000,0.000,0.000,0.000,0.000,0.000,0.000,0.000,0.000,0.000,0.000,0.000,6.790,6.755,6.657,6.618,4.789,4.773,-5.754,-5.701,-0.853,-0.865,-1.031,10.940,-1.037,-5.054,0.000,0.000,0.000,0.000,-10.648,0.515,5.355,0.702
565,0.000,0.000,0.000,0.000,0.000,0.000,0.000,0.000,0.000,0.000,0.000,0.000,0.000,0.000,0.000,0.000,0.000,0.000,6.879,6.843,6.987,6.948,5.159,5.143,-5.691,-5.633,-1.026,-1.020,-1.031,10.940,-1.037,-5.054,0.000,0.000,0.000,0.000,-10.648,0.515,5.355,0.702
570,0.000,0.000,0.000,0.000,0.000,0.000,0.000,0.000,0.000,0.000,0.000,0.000,0.000,0.000,0.000,0.000,0.000,0.000,6.948,6.911,7.282,7.243,5.512,5.497,-5.527,-5.458,-1.176,-1.164,-1.031,10.940,-1.037,-5.054,0.000,0.000,0.000,0.000,-10.648,0.515,5.355,0.702
575,0.000,0.000,0.000,0.000,0.000,0.000,0.000,0.000,0.000,0.000,0.000,0.000,0.000,0.000,0.000,0.000,0.000,0.000,6.992,6.955,7.494,7.456,5.777,5.763,-5.296,-5.215,-1.282,-1.273,-1.031,10.940,-1.037,-5.054,0.000,0.000,0.000,0.000,-10.648,0.515,5.355,0.702
580,0.000,0.000,0.000,0.000,0.000,0.000,0.000,0.000,0.000,0.000,0.000,0.000,0.000,0.000,0.000,0.000,0.000,0.000,7.008,6.971,7.575,7.538,5.881,5.868,-5.035,-4.948,-1.322,-1.324,-1.031,10.940,-1.037,-5.054,0.000,0.000,0.000,0.000,-10.648,0.515,5.355,0.702
585,0.000,0.000,0.000,0.000,0.000,0.000,0.000,0.000,0.000,0.000,0.000,0.000,0.000,0.000,0.000,0.000,0.000,0.000,6.837,6.804,7.427,7.391,5.789,5.777,-4.670,-4.593,-1.271,-1.335,-1.195,10.937,-0.957,-5.037,0.000,0.000,0.000,0.000,-10.648,0.515,5.355,0.702
590,0.000,0.000,0.000,0.000,0.000,0.000,0.000,0.000,0.000,0.000,0.000,0.000,0.000,0.000,0.000,0.000,0.000,0.000,6.414,6.391,7.054,7.021,5.554,5.544,-4.160,-4.115,-1.132,-1.344,-1.623,10.926,-0.746,-4.990,0.000,0.000,0.000,0.000,-10.648,0.515,5.355,0.702
595,0.000,0.000,0.000,0.000,0.000,0.000,0.000,0.000,0.000,0.000,0.000,0.000,0.000,0.000,0.000,0.000,0.000,0.000,5.870,5.861,6.563,6.536,5.237,5.231,-3.590,-3.597,-0.929,-1.350,-2.218,10.909,-0.448,-4.918,0.000,0.000,0.000,0.000,-10.648,0.515,5.355,0.702
600,0.000,0.000,0.000,0.000,0.000,0.000,0.000,0.000,0.000,0.000,0.000,0.000,0.000,0.000,0.000,0.000,0.000,0.000,5.340,5.344,6.063,6.042,4.901,4.898,-3.044,-3.119,-0.686,-1.352,-2.884,10.885,-0.107,-4.828,0.000,0.000,0.000,0.000,-10.648,0.515,5.355,0.702
605,0.000,0.000,0.000,0.000,0.000,0.000,0.000,0.000,0.000,0.000,0.000,0.000,0.000,0.000,0.000,0.000,0.000,0.000,4.840,4.860,5.549,5.538,4.526,4.526,-2.531,-2.698,-0.257,-1.302,-3.839,10.688,0.402,-4.644,0.000,0.000,0.000,0.000,-10.648,0.515,5.355,0.702
610,0.000,0.000,0.000,0.000,0.000,0.000,0.000,0.000,0.000,0.000,0.000,0.000,0.000,0.000,0.000,0.000,0.000,0.000,4.298,4.336,4.956,4.958,4.064,4.068,-2.010,-2.292,0.420,-1.172,-5.163,10.209,1.133,-4.318,0.000,0.000,0.000,0.000,-10.648,0.515,5.355,0.702
615,0.000,0.000,0.000,0.000,0.000,0.000,0.000,0.000,0.000,0.000,0.000,0.000,0.000,0.000,0.000,0.000,0.000,0.000,3.482,3.405,3.826,3.967,2.966,3.155,-1.031,-1.365,1.030,-1.154,-6.511,9.577,1.919,-3.912,0.000,0.000,0.000,0.000,-10.648,0.515,5.355,0.702
620,0.000,0.000,0.000,0.000,0.000,0.000,0.000,0.000,0.000,0.000,0.000,0.000,0.000,0.000,0.000,0.000,0.000,0.000,2.548,2.636,2.738,2.829,2.268,2.338,-0.177,-0.478,1.659,-1.088,-7.695,8.765,2.680,-3.415,0.000,0.000,0.000,0.000,-10.648,0.515,5.355,0.702
625,0.000,0.000,0.000,0.000,0.000,0.000,0.000,0.000,0.000,0.000,0.000,0.000,0.000,0.000,0.000,0.000,0.000,0.000,1.691,1.810,1.763,1.685,1.485,1.644,0.541,0.100,2.332,-0.883,-8.724,7.588,3.405,-2.774,0.000,0.000,0.000,0.000,-10.648,0.515,5.355,0.702
630,0.000,0.000,0.000,0.000,0.000,0.000,0.000,0.000,0.000,0.000,0.000,0.000,0.000,0.000,0.000,0.000,0.000,0.000,0.984,0.859,1.020,0.772,0.807,1.050,1.095,0.378,3.070,-0.521,-9.627,6.021,4.100,-1.981,0.000,0.000,0.000,0.000,-10.648,0.515,5.355,0.702
635,0.000,0.000,0.000,0.000,0.000,0.000,0.000,0.000,0.000,0.000,0.000,0.000,0.000,0.000,0.000,0.000,0.000,0.000,0.525,-0.002,0.715,0.512,0.553,-0.100,1.104,0.560,3.845,-0.135,-10.333,4.250,4.727,-1.105,0.000,0.000,0.000,0.000,-10.648,0.515,5.355,0.702
640,0.000,0.000,0.000,0.000,0.000,0.000,0.000,0.000,0.000,0.000,0.000,0.000,0.000,0.000,0.000,0.000,0.000,0.000,0.243,-0.537,0.759,0.645,0.595,-1.332,0.820,0.545,4.453,0.285,-10.691,2.397,5.146,-0.203,0.000,0.000,0.000,0.000,-10.648,0.515,5.355,0.702
645,0.000,0.000,0.000,0.000,0.000,0.000,0.000,0.000,0.000,0.000,0.000,0.000,0.000,0.000,0.000,0.000,0.000,0.000,-0.672,-0.176,-0.143,-0.076,0.275,-1.543,0.983,0.250,4.768,0.776,-10.572,0.522,5.312,0.700,0.000,0.000,0.000,0.000,-10.648,0.515,5.355,0.702
650,0.000,0.000,0.000,0.000,0.000,0.000,0.000,0.000,0.000,0.000,0.000,0.000,0.000,0.000,0.000,0.000,0.000,0.000,-1.425,0.185,-1.045,-0.797,-0.234,-1.625,1.146,-0.083,4.909,1.236,-10.298,-1.353,5.382,1.592,0.000,0.000,0.000,0.000,-10.648,0.515,5.355,0.702
655,0.000,0.000,0.000,0.000,0.000,0.000,0.000,0.000,0.000,0.000,0.000,0.000,0.000,0.000,0.000,0.000,0.000,0.000,-0.988,-0.205,-0.790,-0.627,-0.618,-1.280,0.626,-0.400,4.904,1.620,-9.706,-3.167,5.242,2.452,0.000,0.000,0.000,0.000,-10.648,0.515,5.355,0.702
660,0.000,0.000,0.000,0.000,0.000,0.000,0.000,0.000,0.000,0.000,0.000,0.000,0.000,0.000,0.000,0.000,0.000,0.000,-0.552,-0.701,-0.536,-0.457,-0.922,-0.930,0.069,-0.659,4.889,1.940,-8.800,-4.869,4.947,3.243,0.000,0.000,0.000,0.000,-10.648,0.515,5.355,0.702
665,0.000,0.000,0.000,0.000,0.000,0.000,0.000,0.000,0.000,0.000,0.000,0.000,0.000,0.000,0.000,0.000,0.000,0.000,-0.777,-0.891,-0.565,-0.869,-1.133,-0.923,0.029,-0.836,4.594,2.225,-7.667,-6.425,4.499,3.951,0.000,0.000,0.000,0.000,-10.648,0.515,5.355,0.702
670,0.000,0.000,0.000,0.000,0.000,0.000,0.000,0.000,0.000,0.000,0.000,0.000,0.000,0.000,0.000,0.000,0.000,0.000,-1.003,-0.976,-0.599,-1.282,-1.236,-0.916,-0.010,-0.932,4.059,2.391,-6.295,-7.778,3.894,4.532,0.000,0.000,0.000,0.000,-10.648,0.515,5.355,0.702
675,0.000,0.000,0.000,0.000,0.000,0.000,0.000,0.000,0.000,0.000,0.000,0.000,0.000,0.000,0.000,0.000,0.000,0.000,-0.886,-0.835,-0.607,-1.001,-0.882,-0.718,-0.387,-0.953,3.480,2.421,-4.741,-8.928,3.188,5.009,0.000,0.000,0.000,0.000,-10.648,0.515,5.355,0.702
680,0.000,0.000,0.000,0.000,0.000,0.000,0.000,0.000,0.000,0.000,0.000,0.000,0.000,0.000,0.000,0.000,0.000,0.000,-0.742,-0.694,-0.614,-0.702,-0.524,-0.525,-0.811,-0.961,2.803,2.432,-3.033,-9.784,2.385,5.272,0.000,0.000,0.000,0.000,-10.648,0.515,5.355,0.702
685,0.000,0.000,0.000,0.000,0.000,0.000,0.000,0.000,0.000,0.000,0.000,0.000,0.000,0.000,0.000,0.000,0.000,0.000,-0.703,-0.695,-0.635,-0.679,-0.521,-0.525,-0.938,-0.937,2.042,2.334,-1.223,-10.361,1.524,5.306,0.000,0.000,0.000,0.000,-10.648,0.515,5.355,0.702
690,0.000,0.000,0.000,0.000,0.000,0.000,0.000,0.000,0.000,0.000,0.000,0.000,0.000,0.000,0.000,0.000,0.000,0.000,-0.673,-0.696,-0.651,-0.663,-0.518,-0.524,-1.024,-0.906,1.233,2.137,0.635,-10.639,0.629,5.318,0.000,0.000,0.000,0.000,-10.648,0.515,5.355,0.702
695,0.000,0.000,0.000,0.000,0.000,0.000,0.000,0.000,0.000,0.000,0.000,0.000,0.000,0.000,0.000,0.000,0.000,0.000,-0.634,-0.679,-0.619,-0.632,-0.490,-0.501,-1.101,-0.893,0.422,1.873,2.473,-10.527,-0.263,5.096,0.000,0.000,0.000,0.000,-10.648,0.515,5.355,0.702
700,0.000,0.000,0.000,0.000,0.000,0.000,0.000,0.000,0.000,0.000,0.000,0.000,0.000,0.000,0.000,0.000,0.000,0.000,-0.596,-0.653,-0.569,-0.599,-0.450,-0.466,-1.170,-0.887,-0.377,1.539,4.254,-10.267,-1.136,4.661,0.000,0.000,0.000,0.000,-10.648,0.515,5.355,0.702
705,0.000,0.000,0.000,0.000,0.000,0.000,0.000,0.000,0.000,0.000,0.000,0.000,0.000,0.000,0.000,0.000,0.000,0.000,-0.567,-0.638,-0.526,-0.566,-0.424,-0.444,-1.238,-0.895,-1.147,1.169,5.961,-9.712,-1.976,4.128,0.000,0.000,0.000,0.000,-10.648,0.515,5.355,0.702
710,0.000,0.000,0.000,0.000,0.000,0.000,0.000,0.000,0.000,0.000,0.000,0.000,0.000,0.000,0.000,0.000,0.000,0.000,-0.539,-0.621,-0.502,-0.547,-0.393,-0.418,-1.313,-0.911,-1.858,0.770,7.483,-8.847,-2.748,3.455,0.000,0.000,0.000,0.000,-10.648,0.515,5.355,0.702
715,0.000,0.000,0.000,0.000,0.000,0.000,0.000,0.000,0.000,0.000,0.000,0.000,0.000,0.000,0.000,0.000,0.000,0.000,-0.500,-0.570,-0.547,-0.548,-0.302,-0.355,-1.434,-0.934,-2.483,0.362,8.767,-7.694,-3.427,2.661,0.000,0.000,0.000,0.000,-10.648,0.515,5.355,0.702
720,0.000,0.000,0.000,0.000,0.000,0.000,0.000,0.000,0.000,0.000,0.000,0.000,0.000,0.000,0.000,0.000,0.000,0.000,-0.476,-0.532,-0.593,-0.548,-0.232,-0.308,-1.520,-0.963,-3.026,-0.037,9.758,-6.275,-4.002,1.777,0.000,0.000,0.000,0.000,-10.648,0.515,5.355,0.702
725,0.000,0.000,0.000,0.000,0.000,0.000,0.000,0.000,0.000,0.000,0.000,0.000,0.000,0.000,0.000,0.000,0.000,0.000,-0.483,-0.564,-0.547,-0.534,-0.281,-0.337,-1.526,-0.992,-3.490,-0.406,10.499,-4.693,-4.479,0.858,0.000,0.000,0.000,0.000,-10.648,0.515,5.355,0.702
730,0.000,0.000,0.000,0.000,0.000,0.000,0.000,0.000,0.000,0.000,0.000,0.000,0.000,0.000,0.000,0.000,0.000,0.000,-0.490,-0.597,-0.433,-0.494,-0.331,-0.367,-1.532,-1.033,-3.864,-0.746,10.867,-2.957,-4.824,-0.078,0.000,0.000,0.000,0.000,-10.648,0.515,5.355,0.702
735,0.000,0.000,0.000,0.000,0.000,0.000,0.000,0.000,0.000,0.000,0.000,0.000,0.000,0.000,0.000,0.000,0.000,0.000,-0.204,-0.359,0.149,-0.026,0.218,-0.029,-1.752,-1.189,-4.182,-1.070,10.809,-1.114,-5.044,-1.004,0.000,0.000,0.000,0.000,-10.648,0.515,5.355,0.702
740,0.000,0.000,0.000,0.000,0.000,0.000,0.000,0.000,0.000,0.000,0.000,0.000,0.000,0.000,0.000,0.000,0.000,0.000,0.038,-0.154,0.559,0.336,0.660,0.249,-1.888,-1.258,-4.330,-1.319,10.650,0.758,-5.146,-1.876,0.000,0.000,0.000,0.000,-10.648,0.515,5.355,0.702
745,0.000,0.000,0.000,0.000,0.000,0.000,0.000,0.000,0.000,0.000,0.000,0.000,0.000,0.000,0.000,0.000,0.000,0.000,-0.274,-0.224,0.020,-0.153,0.099,-0.029,-1.531,-1.051,-4.296,-1.473,10.039,2.628,-5.069,-2.680,0.000,0.000,0.000,0.000,-10.648,0.515,5.355,0.702
750,0.000,0.000,0.000,0.000,0.000,0.000,0.000,0.000,0.000,0.000,0.000,0.000,0.000,0.000,0.000,0.000,0.000,0.000,-0.373,-0.346,-0.025,-0.349,0.013,-0.040,-1.258,-0.851,-4.240,-1.586,9.023,4.424,-4.877,-3.386,0.000,0.000,0.000,0.000,-10.648,0.515,5.355,0.702
755,0.000,0.000,0.000,0.000,0.000,0.000,0.000,0.000,0.000,0.000,0.000,0.000,0.000,0.000,0.000,0.000,0.000,0.000,-0.425,-0.392,-0.341,-0.430,-0.265,-0.253,-1.230,-0.865,-3.949,-1.555,7.801,6.113,-4.552,-4.000,0.000,0.000,0.000,0.000,-10.648,0.515,5.355,0.702
760,0.000,0.000,0.000,0.000,0.000,0.000,0.000,0.000,0.000,0.000,0.000,0.000,0.000,0.000,0.000,0.000,0.000,0.000,-0.306,-0.636,-0.259,-0.420,-0.256,-0.137,-1.087,-0.883,-3.581,-1.505,6.303,7.602,-4.068,-4.476,0.000,0.000,0.000,0.000,-10.648,0.515,5.355,0.702
765,0.000,0.000,0.000,0.000,0.000,0.000,0.000,0.000,0.000,0.000,0.000,0.000,0.000,0.000,0.000,0.000,0.000,0.000,-0.280,-0.338,-0.245,-0.277,-0.222,-0.172,-1.019,-0.805,-3.124,-1.436,4.634,8.891,-3.474,-4.845,0.000,0.000,0.000,0.000,-10.648,0.515,5.355,0.702
770,0.000,0.000,0.000,0.000,0.000,0.000,0.000,0.000,0.000,0.000,0.000,0.000,0.000,0.000,0.000,0.000,0.000,0.000,-0.241,-0.274,-0.210,-0.234,-0.209,-0.129,-0.834,-0.731,-2.583,-1.310,2.820,9.898,-2.763,-5.061,0.000,0.000,0.000,0.000,-10.648,0.515,5.355,0.702
775,0.000,0.000,0.000,0.000,0.000,0.000,0.000,0.000,0.000,0.000,0.000,0.000,0.000,0.000,0.000,0.000,0.000,0.000,-0.205,-0.235,-0.174,-0.192,-0.150,-0.126,-0.663,-0.571,-1.953,-1.158,0.920,10.587,-1.951,-5.132,0.000,0.000,0.000,0.000,-10.648,0.515,5.355,0.702
780,0.000,0.000,0.000,0.000,0.000,0.000,0.000,0.000,0.000,0.000,0.000,0.000,0.000,0.000,0.000,0.000,0.000,0.000,-0.161,-0.174,-0.135,-0.142,-0.100,-0.105,-0.465,-0.417,-1.255,-0.971,-1.009,10.907,-1.053,-5.056,0.000,0.000,0.000,0.000,-10.648,0.515,5.355,0.702
785,0.000,0.000,0.000,0.000,0.000,0.000,0.000,0.000,0.000,0.000,0.000,0.000,0.000,0.000,0.000,0.000,0.000,0.000,-0.105,-0.097,-0.088,-0.083,-0.066,-0.063,-0.233,-0.269,-0.480,-0.666,-2.896,10.909,-0.111,-4.849,0.000,0.000,0.000,0.000,-10.648,0.515,5.355,0.702
790,0.000,0.000,0.000,0.000,0.000,0.000,0.000,0.000,0.000,0.000,0.000,0.000,0.000,0.000,0.000,0.000,0.000,0.000,-0.053,-0.030,-0.045,-0.030,-0.034,-0.025,-0.041,-0.137,0.129,-0.385,-4.672,10.538,0.847,-4.500,0.000,0.000,0.000,0.000,-10.648,0.515,5.355,0.702
795,0.000,0.000,0.000,0.000,0.000,0.000,0.000,0.000,0.000,0.000,0.000,0.000,0.000,0.000,0.000,0.000,0.000,0.000,-0.009,0.023,-0.008,0.013,-0.006,0.006,0.108,-0.027,0.570,-0.149,-6.310,9.842,1.796,-4.029,0.000,0.000,0.000,0.000,-10.648,0.515,5.355,0.702
800,0.000,0.000,0.000,0.000,0.000,0.000,0.000,0.000,0.000,0.000,0.000,0.000,0.000,0.000,0.000,0.000,0.000,0.000,0.023,0.060,0.020,0.043,0.014,0.029,0.202,0.055,0.821,0.036,-7.695,8.765,2.680,-3.415,0.000,0.000,0.000,0.000,-10.648,0.515,5.355,0.702
805,0.000,0.000,0.000,0.000,0.000,0.000,0.000,0.000,0.000,0.000,0.000,0.000,0.000,0.000,0.000,0.000,0.000,0.000,0.041,0.076,0.035,0.057,0.025,0.040,0.243,0.103,0.907,0.167,-8.880,7.467,3.494,-2.722,0.000,0.000,0.000,0.000,-10.648,0.515,5.355,0.702
810,0.000,0.000,0.000,0.000,0.000,0.000,0.000,0.000,0.000,0.000,0.000,0.000,0.000,0.000,0.000,0.000,0.000,0.000,0.049,0.078,0.041,0.060,0.031,0.042,0.236,0.121,0.827,0.228,-9.743,5.908,4.174,-1.932,0.000,0.000,0.000,0.000,-10.648,0.515,5.355,0.702
815,0.000,0.000,0.000,0.000,0.000,0.000,0.000,0.000,0.000,0.000,0.000,0.000,0.000,0.000,0.000,0.000,0.000,0.000,0.044,0.064,0.037,0.050,0.028,0.036,0.188,0.109,0.628,0.218,-10.342,4.202,4.727,-1.088,0.000,0.000,0.000,0.000,-10.648,0.515,5.355,0.702
820,0.000,0.000,0.000,0.000,0.000,0.000,0.000,0.000,0.000,0.000,0.000,0.000,0.000,0.000,0.000,0.000,0.000,0.000,0.027,0.037,0.023,0.029,0.017,0.021,0.106,0.067,0.342,0.141,-10.691,2.397,5.146,-0.203,0.000,0.000,0.000,0.000,-10.648,0.515,5.355,0.702
825,0.000,0.000,0.000,0.000,0.000,0.000,0.000,0.000,0.000,0.000,0.000,0.000,0.000,0.000,0.000,0.000,0.000,0.000,0.000,0.000,-0.000,0.000,0.000,0.000,0.000,0.000,0.000,0.000,-10.648,0.515,5.355,0.702,0.000,0.000,0.000,0.000,-10.648,0.515,5.355,0.702
