position,SAT_107,SAT_108,SAT_109,SAT_110,SAT_111,SAT_112,SAT_113,SAT_114,SAT_115,SAT_116,SAT_117,SAT_118,SAT_119,SAT_120,SAT_121,SAT_122,SAT_123,SAT_124,SAT_125,SAT_126,SAT_127,SAT_128,SAT_129,SAT_130,SAT_131,SAT_132,SAT_133,SAT_134,SAT_135,SAT_136,SAT_137,SAT_138
600,-5.943181,5.799014,-1.415416,1.595398,5.686385,-5.844619,-3.916404,4.231905,-4.633372,4.320233,0.000000,0.000000,0.000000,0.000000,0.000000,0.000000,0.000000,0.000000,0.000000,0.000000,0.000000,0.000000,0.000000,0.000000,0.000000,0.000000,0.000000,0.000000,0.000000,0.000000,0.000000,0.000000
605,-5.928750,5.746297,-2.039121,2.244060,5.763754,-5.913045,-3.111890,3.373008,-4.882911,4.689208,-0.565910,0.479992,0.000000,0.000000,0.000000,0.000000,0.000000,0.000000,0.000000,0.000000,0.000000,0.000000,0.000000,0.000000,0.000000,0.000000,0.000000,0.000000,0.000000,0.000000,0.000000,0.000000
610,-5.917501,5.683625,-2.671950,2.902068,5.805159,-5.926800,-2.317768,2.525860,-5.135628,5.047837,-1.127352,0.956635,0.000000,0.000000,0.000000,0.000000,0.000000,0.000000,0.000000,0.000000,0.000000,0.000000,0.000000,0.000000,0.000000,0.000000,0.000000,0.000000,0.000000,0.000000,0.000000,0.000000
615,-5.880471,5.595011,-3.293834,3.546599,5.785858,-5.880689,-1.536515,1.699384,-5.381252,5.388771,-1.674937,1.421708,0.000000,0.000000,0.000000,0.000000,0.000000,0.000000,0.000000,0.000000,0.000000,0.000000,0.000000,0.000000,0.000000,0.000000,0.000000,0.000000,0.000000,0.000000,0.000000,0.000000
620,-5.802133,5.472633,-3.887361,4.159952,5.685406,-5.762476,-0.761655,0.883988,-5.611054,5.702006,-2.196241,1.878855,0.000000,0.000000,0.000000,0.000000,0.000000,0.000000,0.000000,0.000000,0.000000,0.000000,0.000000,0.000000,0.000000,0.000000,0.000000,0.000000,0.000000,0.000000,0.000000,0.000000
625,-5.665896,5.299663,-4.429099,4.722421,5.488233,-5.559585,0.009697,0.082642,-5.820898,5.976101,-2.684209,2.320854,0.000000,0.000000,0.000000,0.000000,0.000000,0.000000,0.000000,0.000000,0.000000,0.000000,0.000000,0.000000,0.000000,0.000000,0.000000,0.000000,0.000000,0.000000,0.000000,0.000000
630,-5.454714,5.062300,-4.905846,5.218890,5.182061,-5.257715,0.782689,-0.709143,-6.002867,6.197126,-3.128687,2.743241,0.000000,0.000000,0.000000,0.000000,0.000000,0.000000,0.000000,0.000000,0.000000,0.000000,0.000000,0.000000,0.000000,0.000000,0.000000,0.000000,0.000000,0.000000,0.000000,0.000000
635,-5.150789,4.747742,-5.297917,5.631890,4.749492,-4.845944,1.558392,-1.492557,-6.149568,6.357548,-3.524587,3.142370,0.000000,0.000000,0.000000,0.000000,0.000000,0.000000,0.000000,0.000000,0.000000,0.000000,0.000000,0.000000,0.000000,0.000000,0.000000,0.000000,0.000000,0.000000,0.000000,0.000000
640,-4.745827,4.338651,-5.596008,5.947006,4.180505,-4.299259,2.351806,-2.266099,-6.259313,6.438149,-3.863846,3.509633,0.000000,0.000000,0.000000,0.000000,0.000000,0.000000,0.000000,0.000000,0.000000,0.000000,0.000000,0.000000,0.000000,0.000000,0.000000,0.000000,0.000000,0.000000,0.000000,0.000000
645,-4.213838,3.842650,-5.777702,6.161541,3.438843,-3.629299,3.140563,-3.043190,-6.307635,6.439839,-4.127466,3.853196,0.000000,0.000000,0.000000,0.000000,0.000000,0.000000,0.000000,0.000000,0.000000,0.000000,0.000000,0.000000,0.000000,0.000000,0.000000,0.000000,0.000000,0.000000,0.000000,0.000000
650,-3.600008,3.270197,-5.871596,6.282278,2.575763,-2.833537,3.923468,-3.790157,-6.301126,6.350401,-4.340527,4.164433,0.000000,0.000000,0.000000,0.000000,0.000000,0.000000,0.000000,0.000000,0.000000,0.000000,0.000000,0.000000,0.000000,0.000000,0.000000,0.000000,0.000000,0.000000,0.000000,0.000000
655,-2.932197,2.656534,-5.892812,6.328285,1.616971,-1.946696,4.666260,-4.492161,-6.223139,6.173151,-4.510823,4.451706,0.000000,0.000000,0.000000,0.000000,0.000000,0.000000,0.000000,0.000000,0.000000,0.000000,0.000000,0.000000,0.000000,0.000000,0.000000,0.000000,0.000000,0.000000,0.000000,0.000000
660,-2.245240,2.031165,-5.861043,6.314689,0.599884,-0.997597,5.343765,-5.127956,-6.063231,5.907417,-4.652545,4.717876,0.000000,0.000000,0.000000,0.000000,0.000000,0.000000,0.000000,0.000000,0.000000,0.000000,0.000000,0.000000,0.000000,0.000000,0.000000,0.000000,0.000000,0.000000,0.000000,0.000000
665,-1.573805,1.424001,-5.795142,6.256524,-0.438056,-0.015830,5.931055,-5.679146,-5.810385,5.551559,-4.777984,4.968095,0.000000,0.000000,0.000000,0.000000,0.000000,0.000000,0.000000,0.000000,0.000000,0.000000,0.000000,0.000000,0.000000,0.000000,0.000000,0.000000,0.000000,0.000000,0.000000,0.000000
670,-0.952699,0.863612,-5.714755,6.167378,-1.457320,0.967573,6.406310,-6.125182,-5.454581,5.104547,-4.902735,5.204107,0.000000,0.000000,0.000000,0.000000,0.000000,0.000000,0.000000,0.000000,0.000000,0.000000,0.000000,0.000000,0.000000,0.000000,0.000000,0.000000,0.000000,0.000000,0.000000,0.000000
675,-0.414886,0.380605,-5.636674,6.062285,-2.418837,1.919619,6.743705,-6.451085,-4.983304,4.564363,-5.038186,5.430992,0.000000,0.000000,0.000000,0.000000,0.000000,0.000000,0.000000,0.000000,0.000000,0.000000,0.000000,0.000000,0.000000,0.000000,0.000000,0.000000,0.000000,0.000000,0.000000,0.000000
680,0.000000,0.000000,-5.584844,5.950992,-3.281920,2.810854,6.936990,-6.630415,-4.387217,3.928278,-5.206071,5.645719,0.000000,0.000000,0.000000,0.000000,0.000000,0.000000,0.000000,0.000000,0.000000,0.000000,0.000000,0.000000,0.000000,0.000000,0.000000,0.000000,0.000000,0.000000,0.000000,0.000000
685,0.000000,0.000000,-5.545523,5.852595,-4.000380,3.599090,6.957784,-6.694182,-3.642287,3.185367,-5.389012,5.861706,-0.354850,0.339991,0.000000,0.000000,0.000000,0.000000,0.000000,0.000000,0.000000,0.000000,0.000000,0.000000,0.000000,0.000000,0.000000,0.000000,0.000000,0.000000,0.000000,0.000000
690,0.000000,0.000000,-5.533216,5.747135,-4.597009,4.294851,6.822717,-6.600397,-2.786558,2.368993,-5.603311,6.060415,-0.813936,0.768861,0.000000,0.000000,0.000000,0.000000,0.000000,0.000000,0.000000,0.000000,0.000000,0.000000,0.000000,0.000000,0.000000,0.000000,0.000000,0.000000,0.000000,0.000000
695,0.000000,0.000000,-5.517642,5.626651,-5.080063,4.894652,6.534169,-6.367595,-1.851646,1.495750,-5.824822,6.244701,-1.343393,1.264017,0.000000,0.000000,0.000000,0.000000,0.000000,0.000000,0.000000,0.000000,0.000000,0.000000,0.000000,0.000000,0.000000,0.000000,0.000000,0.000000,0.000000,0.000000
700,0.000000,0.000000,-5.476968,5.477215,-5.459231,5.398577,6.107785,-6.003708,-0.866136,0.587850,-6.039972,6.406365,-1.914402,1.797314,0.000000,0.000000,0.000000,0.000000,0.000000,0.000000,0.000000,0.000000,0.000000,0.000000,0.000000,0.000000,0.000000,0.000000,0.000000,0.000000,0.000000,0.000000
705,0.000000,0.000000,-5.389176,5.284967,-5.744058,5.805760,5.558832,-5.517647,0.140236,-0.333855,-6.233787,6.539318,-2.497613,2.341541,0.000000,0.000000,0.000000,0.000000,0.000000,0.000000,0.000000,0.000000,0.000000,0.000000,0.000000,0.000000,0.000000,0.000000,0.000000,0.000000,0.000000,0.000000
710,0.000000,0.000000,-5.232381,5.036017,-5.944040,6.115079,4.903130,-4.918857,1.138423,-1.249154,-6.391314,6.637479,-3.063514,2.869447,0.000000,0.000000,0.000000,0.000000,0.000000,0.000000,0.000000,0.000000,0.000000,0.000000,0.000000,0.000000,0.000000,0.000000,0.000000,0.000000,0.000000,0.000000
715,0.000000,0.000000,-4.984660,4.716099,-6.068596,6.324915,4.157792,-4.217894,2.100251,-2.139016,-6.496840,6.693954,-3.582864,3.353625,0.000000,0.000000,0.000000,0.000000,0.000000,0.000000,0.000000,0.000000,0.000000,0.000000,0.000000,0.000000,0.000000,0.000000,0.000000,0.000000,0.000000,0.000000
720,0.000000,0.000000,-4.629471,4.306979,-6.131301,6.431731,3.347076,-3.419495,3.004895,-2.979983,-6.540237,6.698345,-4.030902,3.762566,0.000000,0.000000,0.000000,0.000000,0.000000,0.000000,0.000000,0.000000,0.000000,0.000000,0.000000,0.000000,0.000000,0.000000,0.000000,0.000000,0.000000,0.000000
725,0.000000,0.000000,-4.138759,3.813270,-6.129103,6.443097,2.467719,-2.554275,3.809323,-3.771894,-6.493055,6.650832,-4.372590,4.086571,0.000000,0.000000,0.000000,0.000000,0.000000,0.000000,0.000000,0.000000,0.000000,0.000000,0.000000,0.000000,0.000000,0.000000,0.000000,0.000000,0.000000,0.000000
730,0.000000,0.000000,-3.556437,3.247171,-6.087291,6.369606,1.559387,-1.624344,4.524505,-4.490019,-6.366895,6.535737,-4.630329,4.326881,0.000000,0.000000,0.000000,0.000000,0.000000,0.000000,0.000000,0.000000,0.000000,0.000000,0.000000,0.000000,0.000000,0.000000,0.000000,0.000000,0.000000,0.000000
735,0.000000,0.000000,-2.908940,2.636028,-6.009605,6.230593,0.631093,-0.657213,5.142842,-5.127598,-6.154668,6.346585,-4.824626,4.505287,0.000000,0.000000,0.000000,0.000000,0.000000,0.000000,0.000000,0.000000,0.000000,0.000000,0.000000,0.000000,0.000000,0.000000,0.000000,0.000000,0.000000,0.000000
740,0.000000,0.000000,-2.235732,2.016057,-5.909220,6.046546,-0.297894,0.324320,5.655103,-5.677857,-5.854353,6.077388,-4.968222,4.642424,0.000000,0.000000,0.000000,0.000000,0.000000,0.000000,0.000000,0.000000,0.000000,0.000000,0.000000,0.000000,0.000000,0.000000,0.000000,0.000000,0.000000,0.000000
745,0.000000,0.000000,-1.572160,1.412895,-5.797473,5.836291,-1.209903,1.299849,6.059524,-6.128677,-5.465324,5.720087,-5.082972,4.756506,0.000000,0.000000,0.000000,0.000000,0.000000,0.000000,0.000000,0.000000,0.000000,0.000000,0.000000,0.000000,0.000000,0.000000,0.000000,0.000000,0.000000,0.000000
750,0.000000,0.000000,-0.954081,0.856784,-5.685272,5.618477,-2.086645,2.246548,6.351577,-6.470341,-4.985713,5.267770,-5.187499,4.867316,0.000000,0.000000,0.000000,0.000000,0.000000,0.000000,0.000000,0.000000,0.000000,0.000000,0.000000,0.000000,0.000000,0.000000,0.000000,0.000000,0.000000,0.000000
755,0.000000,0.000000,-0.416190,0.377516,-5.582371,5.412772,-2.910609,3.141540,6.524402,-6.694409,-4.412988,4.713997,-5.299381,4.995423,0.000000,0.000000,0.000000,0.000000,0.000000,0.000000,0.000000,0.000000,0.000000,0.000000,0.000000,0.000000,0.000000,0.000000,0.000000,0.000000,0.000000,0.000000
760,0.000000,0.000000,0.000000,0.000000,-5.506433,5.233549,-3.663467,3.964289,6.587030,-6.780378,-3.747106,4.052704,-5.444662,5.155912,0.000000,0.000000,0.000000,0.000000,0.000000,0.000000,0.000000,0.000000,0.000000,0.000000,0.000000,0.000000,0.000000,0.000000,0.000000,0.000000,0.000000,0.000000
765,0.000000,0.000000,0.000000,0.000000,-5.438915,5.103531,-4.314105,4.683439,6.525872,-6.765460,-2.970308,3.272000,-5.610698,5.372612,-0.380771,0.356616,0.000000,0.000000,0.000000,0.000000,0.000000,0.000000,0.000000,0.000000,0.000000,0.000000,0.000000,0.000000,0.000000,0.000000,0.000000,0.000000
770,0.000000,0.000000,0.000000,0.000000,-5.393331,4.998648,-4.882760,5.305416,6.352081,-6.607541,-2.119771,2.405837,-5.810369,5.625023,-0.871858,0.808847,0.000000,0.000000,0.000000,0.000000,0.000000,0.000000,0.000000,0.000000,0.000000,0.000000,0.000000,0.000000,0.000000,0.000000,0.000000,0.000000
775,0.000000,0.000000,0.000000,0.000000,-5.343638,4.904273,-5.367925,5.828127,6.062148,-6.322349,-1.218636,1.478295,-6.021920,5.897715,-1.436663,1.329561,0.000000,0.000000,0.000000,0.000000,0.000000,0.000000,0.000000,0.000000,0.000000,0.000000,0.000000,0.000000,0.000000,0.000000,0.000000,0.000000
780,0.000000,0.000000,0.000000,0.000000,-5.272431,4.801863,-5.768823,6.250879,5.663624,-5.917034,-0.290377,0.512826,-6.228076,6.172357,-2.043034,1.889171,0.000000,0.000000,0.000000,0.000000,0.000000,0.000000,0.000000,0.000000,0.000000,0.000000,0.000000,0.000000,0.000000,0.000000,0.000000,0.000000
785,0.000000,0.000000,0.000000,0.000000,-5.153389,4.671491,-6.086381,6.569508,5.164984,-5.399785,0.641701,-0.461928,-6.415933,6.428187,-2.656563,2.456104,0.000000,0.000000,0.000000,0.000000,0.000000,0.000000,0.000000,0.000000,0.000000,0.000000,0.000000,0.000000,0.000000,0.000000,0.000000,0.000000
790,0.000000,0.000000,0.000000,0.000000,-4.973786,4.494556,-6.319943,6.784057,4.575213,-4.777014,1.555758,-1.425644,-6.564613,6.645521,-3.246753,3.001695,0.000000,0.000000,0.000000,0.000000,0.000000,0.000000,0.000000,0.000000,0.000000,0.000000,0.000000,0.000000,0.000000,0.000000,0.000000,0.000000
795,0.000000,0.000000,0.000000,0.000000,-4.713464,4.251663,-6.468362,6.891912,3.905226,-4.060295,2.428798,-2.354503,-6.662128,6.809909,-3.778564,3.495281,0.000000,0.000000,0.000000,0.000000,0.000000,0.000000,0.000000,0.000000,0.000000,0.000000,0.000000,0.000000,0.000000,0.000000,0.000000,0.000000
800,0.000000,0.000000,0.000000,0.000000,-4.357918,3.919591,-6.538250,6.887354,3.170495,-3.249604,3.249656,-3.219955,-6.693347,6.893400,-4.225869,3.901888,0.000000,0.000000,0.000000,0.000000,0.000000,0.000000,0.000000,0.000000,0.000000,0.000000,0.000000,0.000000,0.000000,0.000000,0.000000,0.000000
805,0.000000,0.000000,0.000000,0.000000,-3.881398,3.497740,-6.518119,6.781004,2.361512,-2.373806,3.978448,-4.017738,-6.629485,6.888333,-4.549869,4.211378,0.000000,0.000000,0.000000,0.000000,0.000000,0.000000,0.000000,0.000000,0.000000,0.000000,0.000000,0.000000,0.000000,0.000000,0.000000,0.000000
810,0.000000,0.000000,0.000000,0.000000,-3.323244,2.996051,-6.435743,6.585544,1.512088,-1.436689,4.629844,-4.724152,-6.480955,6.783007,-4.779513,4.426895,0.000000,0.000000,0.000000,0.000000,0.000000,0.000000,0.000000,0.000000,0.000000,0.000000,0.000000,0.000000,0.000000,0.000000,0.000000,0.000000
815,0.000000,0.000000,0.000000,0.000000,-2.712250,2.446519,-6.303244,6.329486,0.632153,-0.466598,5.193675,-5.338380,-6.242619,6.579841,-4.934592,4.573754,0.000000,0.000000,0.000000,0.000000,0.000000,0.000000,0.000000,0.000000,0.000000,0.000000,0.000000,0.000000,0.000000,0.000000,0.000000,0.000000
820,0.000000,0.000000,0.000000,0.000000,-2.080275,1.878715,-6.135930,6.038677,-0.263735,0.513980,5.664891,-5.854593,-5.912884,6.278225,-5.039339,4.674693,0.000000,0.000000,0.000000,0.000000,0.000000,0.000000,0.000000,0.000000,0.000000,0.000000,0.000000,0.000000,0.000000,0.000000,0.000000,0.000000
825,0.000000,0.000000,0.000000,0.000000,-1.460566,1.321069,-5.949939,5.739161,-1.160006,1.483778,6.039341,-6.265761,-5.491856,5.877978,-5.118867,4.752146,0.000000,0.000000,0.000000,0.000000,0.000000,0.000000,0.000000,0.000000,0.000000,0.000000,0.000000,0.000000,0.000000,0.000000,0.000000,0.000000
830,0.000000,0.000000,0.000000,0.000000,-0.884989,0.803320,-5.760083,5.457118,-2.040284,2.419252,6.312642,-6.566837,-4.978917,5.379336,-5.196921,4.828314,0.000000,0.000000,0.000000,0.000000,0.000000,0.000000,0.000000,0.000000,0.000000,0.000000,0.000000,0.000000,0.000000,0.000000,0.000000,0.000000
835,0.000000,0.000000,0.000000,0.000000,-0.386360,0.353980,-5.581716,5.218139,-2.887853,3.298186,6.480480,-6.751455,-4.373192,4.781981,-5.298446,4.926217,0.000000,0.000000,0.000000,0.000000,0.000000,0.000000,0.000000,0.000000,0.000000,0.000000,0.000000,0.000000,0.000000,0.000000,0.000000,0.000000
840,0.000000,0.000000,0.000000,0.000000,0.000000,0.000000,-5.434108,5.045815,-3.686428,4.098286,6.546959,-6.807901,-3.675113,4.086885,-5.452388,5.065636,0.000000,0.000000,0.000000,0.000000,0.000000,0.000000,0.000000,0.000000,0.000000,0.000000,0.000000,0.000000,0.000000,0.000000,0.000000,0.000000
845,0.000000,0.000000,0.000000,0.000000,0.000000,0.000000,-5.305283,4.965061,-4.404395,4.790254,6.496459,-6.777447,-2.881149,3.275585,-5.659461,5.263667,-0.344369,0.424543,0.000000,0.000000,0.000000,0.000000,0.000000,0.000000,0.000000,0.000000,0.000000,0.000000,0.000000,0.000000,0.000000,0.000000
850,0.000000,0.000000,0.000000,0.000000,0.000000,0.000000,-5.206379,4.943947,-5.053363,5.381818,6.344557,-6.615946,-2.019018,2.387215,-5.921502,5.502040,-0.791904,0.961601,0.000000,0.000000,0.000000,0.000000,0.000000,0.000000,0.000000,0.000000,0.000000,0.000000,0.000000,0.000000,0.000000,0.000000
855,0.000000,0.000000,0.000000,0.000000,0.000000,0.000000,-5.111874,4.957342,-5.625191,5.873547,6.083694,-6.337042,-1.111624,1.443581,-6.206209,5.766364,-1.311756,1.576561,0.000000,0.000000,0.000000,0.000000,0.000000,0.000000,0.000000,0.000000,0.000000,0.000000,0.000000,0.000000,0.000000,0.000000
860,0.000000,0.000000,0.000000,0.000000,0.000000,0.000000,-5.003174,4.974454,-6.112726,6.265824,5.718348,-5.944588,-0.181956,0.467384,-6.488898,6.037097,-1.876485,2.233144,0.000000,0.000000,0.000000,0.000000,0.000000,0.000000,0.000000,0.000000,0.000000,0.000000,0.000000,0.000000,0.000000,0.000000
865,0.000000,0.000000,0.000000,0.000000,0.000000,0.000000,-4.861233,4.962489,-6.511374,6.561070,5.254959,-5.443745,0.748468,-0.515532,-6.744033,6.291671,-2.460325,2.891614,0.000000,0.000000,0.000000,0.000000,0.000000,0.000000,0.000000,0.000000,0.000000,0.000000,0.000000,0.000000,0.000000,0.000000
870,0.000000,0.000000,0.000000,0.000000,0.000000,0.000000,-4.669041,4.891308,-6.813928,6.756769,4.700097,-4.838308,1.658239,-1.484945,-6.946858,6.511785,-3.035851,3.516190,0.000000,0.000000,0.000000,0.000000,0.000000,0.000000,0.000000,0.000000,0.000000,0.000000,0.000000,0.000000,0.000000,0.000000
875,0.000000,0.000000,0.000000,0.000000,0.000000,0.000000,-4.406665,4.730775,-7.013597,6.854640,4.056988,-4.135999,2.526253,-2.418733,-7.070261,6.676680,-3.574969,4.068914,0.000000,0.000000,0.000000,0.000000,0.000000,0.000000,0.000000,0.000000,0.000000,0.000000,0.000000,0.000000,0.000000,0.000000
880,0.000000,0.000000,0.000000,0.000000,0.000000,0.000000,-4.061792,4.444156,-7.111327,6.851599,3.341199,-3.334514,3.337724,-3.289670,-7.093866,6.763829,-4.056792,4.509953,0.000000,0.000000,0.000000,0.000000,0.000000,0.000000,0.000000,0.000000,0.000000,0.000000,0.000000,0.000000,0.000000,0.000000
885,0.000000,0.000000,0.000000,0.000000,0.000000,0.000000,-3.609167,4.023764,-7.090416,6.759639,2.537758,-2.459290,4.056330,-4.093436,-6.982607,6.762505,-4.445559,4.821296,0.000000,0.000000,0.000000,0.000000,0.000000,0.000000,0.000000,0.000000,0.000000,0.000000,0.000000,0.000000,0.000000,0.000000
890,0.000000,0.000000,0.000000,0.000000,0.000000,0.000000,-3.084986,3.486030,-6.983103,6.588808,1.683046,-1.515149,4.693773,-4.804755,-6.755208,6.662105,-4.761958,5.011185,0.000000,0.000000,0.000000,0.000000,0.000000,0.000000,0.000000,0.000000,0.000000,0.000000,0.000000,0.000000,0.000000,0.000000
895,0.000000,0.000000,0.000000,0.000000,0.000000,0.000000,-2.514268,2.872405,-6.806494,6.361835,0.790103,-0.531303,5.239665,-5.421492,-6.417511,6.464728,-5.014660,5.111441,0.000000,0.000000,0.000000,0.000000,0.000000,0.000000,0.000000,0.000000,0.000000,0.000000,0.000000,0.000000,0.000000,0.000000
900,0.000000,0.000000,0.000000,0.000000,0.000000,0.000000,-1.926359,2.221347,-6.581568,6.099435,-0.121488,0.467567,5.688902,-5.936336,-5.980146,6.170381,-5.216509,5.150768,0.000000,0.000000,0.000000,0.000000,0.000000,0.000000,0.000000,0.000000,0.000000,0.000000,0.000000,0.000000,0.000000,0.000000
905,0.000000,0.000000,0.000000,0.000000,0.000000,0.000000,-1.351618,1.570505,-6.330688,5.821158,-1.031197,1.457644,6.038598,-6.340063,-5.454913,5.778845,-5.382010,5.157217,0.000000,0.000000,0.000000,0.000000,0.000000,0.000000,0.000000,0.000000,0.000000,0.000000,0.000000,0.000000,0.000000,0.000000
910,0.000000,0.000000,0.000000,0.000000,0.000000,0.000000,-0.818206,0.958833,-6.073054,5.547770,-1.918233,2.412099,6.282487,-6.628448,-4.851481,5.290283,-5.522538,5.160519,0.000000,0.000000,0.000000,0.000000,0.000000,0.000000,0.000000,0.000000,0.000000,0.000000,0.000000,0.000000,0.000000,0.000000
915,0.000000,0.000000,0.000000,0.000000,0.000000,0.000000,-0.356688,0.423607,-5.830821,5.298224,-2.761030,3.305627,6.419969,-6.793183,-4.181375,4.703984,-5.652897,5.188321,0.000000,0.000000,0.000000,0.000000,0.000000,0.000000,0.000000,0.000000,0.000000,0.000000,0.000000,0.000000,0.000000,0.000000
920,0.000000,0.000000,0.000000,0.000000,0.000000,0.000000,0.000000,0.000000,-5.630057,5.088583,-3.537649,4.112163,6.459607,-6.821955,-3.456036,4.019371,-5.792239,5.265067,0.000000,0.000000,0.000000,0.000000,0.000000,0.000000,0.000000,0.000000,0.000000,0.000000,0.000000,0.000000,0.000000,0.000000
925,0.000000,0.000000,0.000000,0.000000,0.000000,0.000000,0.000000,0.000000,-5.466456,4.935873,-4.220871,4.792682,6.387397,-6.756183,-2.666343,3.228950,-5.925401,5.420284,-0.370582,0.336538,0.000000,0.000000,0.000000,0.000000,0.000000,0.000000,0.000000,0.000000,0.000000,0.000000,0.000000,0.000000
930,0.000000,0.000000,0.000000,0.000000,0.000000,0.000000,0.000000,0.000000,-5.342964,4.823010,-4.815887,5.365993,6.218654,-6.556749,-1.840555,2.362020,-6.069944,5.630795,-0.848458,0.765308,0.000000,0.000000,0.000000,0.000000,0.000000,0.000000,0.000000,0.000000,0.000000,0.000000,0.000000,0.000000
935,0.000000,0.000000,0.000000,0.000000,0.000000,0.000000,0.000000,0.000000,-5.233533,4.730987,-5.322166,5.836916,5.945641,-6.240851,-0.990319,1.439783,-6.211885,5.876731,-1.398986,1.263212,0.000000,0.000000,0.000000,0.000000,0.000000,0.000000,0.000000,0.000000,0.000000,0.000000,0.000000,0.000000
940,0.000000,0.000000,0.000000,0.000000,0.000000,0.000000,0.000000,0.000000,-5.117980,4.637771,-5.741222,6.208757,5.574107,-5.815345,-0.126954,0.484264,-6.344347,6.133338,-1.991122,1.803606,0.000000,0.000000,0.000000,0.000000,0.000000,0.000000,0.000000,0.000000,0.000000,0.000000,0.000000,0.000000
945,0.000000,0.000000,0.000000,0.000000,0.000000,0.000000,0.000000,0.000000,-4.974608,4.522446,-6.072690,6.486865,5.104453,-5.289651,0.736986,-0.482784,-6.458239,6.377848,-2.593097,2.361209,0.000000,0.000000,0.000000,0.000000,0.000000,0.000000,0.000000,0.000000,0.000000,0.000000,0.000000,0.000000
950,0.000000,0.000000,0.000000,0.000000,0.000000,0.000000,0.000000,0.000000,-4.782377,4.363677,-6.316917,6.676391,4.540345,-4.672802,1.589819,-1.439585,-6.545365,6.586366,-3.173488,2.909985,0.000000,0.000000,0.000000,0.000000,0.000000,0.000000,0.000000,0.000000,0.000000,0.000000,0.000000,0.000000
955,0.000000,0.000000,0.000000,0.000000,0.000000,0.000000,0.000000,0.000000,-4.520883,4.139826,-6.474828,6.782168,3.885617,-3.971958,2.420871,-2.363590,-6.597721,6.735039,-3.701504,3.423493,0.000000,0.000000,0.000000,0.000000,0.000000,0.000000,0.000000,0.000000,0.000000,0.000000,0.000000,0.000000
960,0.000000,0.000000,0.000000,0.000000,0.000000,0.000000,0.000000,0.000000,-4.173842,3.826323,-6.552061,6.807299,3.148869,-3.189923,3.225778,-3.226893,-6.611258,6.798275,-4.150159,3.872795,0.000000,0.000000,0.000000,0.000000,0.000000,0.000000,0.000000,0.000000,0.000000,0.000000,0.000000,0.000000
965,0.000000,0.000000,0.000000,0.000000,0.000000,0.000000,0.000000,0.000000,-3.713732,3.421147,-6.536502,6.766603,2.314837,-2.353935,3.972530,-4.026604,-6.561183,6.765507,-4.481163,4.249858,0.000000,0.000000,0.000000,0.000000,0.000000,0.000000,0.000000,0.000000,0.000000,0.000000,0.000000,0.000000
970,0.000000,0.000000,0.000000,0.000000,0.000000,0.000000,0.000000,0.000000,-3.178002,2.934402,-6.457368,6.665735,1.422218,-1.463445,4.669253,-4.735387,-6.454119,6.627765,-4.722672,4.551782,0.000000,0.000000,0.000000,0.000000,0.000000,0.000000,0.000000,0.000000,0.000000,0.000000,0.000000,0.000000
975,0.000000,0.000000,0.000000,0.000000,0.000000,0.000000,0.000000,0.000000,-2.592633,2.399191,-6.327028,6.521989,0.486161,-0.542120,5.296867,-5.351944,-6.277644,6.392421,-4.892943,4.796435,0.000000,0.000000,0.000000,0.000000,0.000000,0.000000,0.000000,0.000000,0.000000,0.000000,0.000000,0.000000
980,0.000000,0.000000,0.000000,0.000000,0.000000,0.000000,0.000000,0.000000,-1.988028,1.843508,-6.158466,6.350500,-0.472604,0.388801,5.840297,-5.867827,-6.020799,6.057192,-5.009500,4.998639,0.000000,0.000000,0.000000,0.000000,0.000000,0.000000,0.000000,0.000000,0.000000,0.000000,0.000000,0.000000
985,0.000000,0.000000,0.000000,0.000000,0.000000,0.000000,0.000000,0.000000,-1.395450,1.297232,-5.970692,6.165009,-1.429671,1.311309,6.289505,-6.278160,-5.678093,5.629809,-5.098833,5.172182,0.000000,0.000000,0.000000,0.000000,0.000000,0.000000,0.000000,0.000000,0.000000,0.000000,0.000000,0.000000
990,0.000000,0.000000,0.000000,0.000000,0.000000,0.000000,0.000000,0.000000,-0.845480,0.789171,-5.778629,5.979809,-2.362379,2.204890,6.631643,-6.575807,-5.241161,5.110788,-5.181660,5.331513,0.000000,0.000000,0.000000,0.000000,0.000000,0.000000,0.000000,0.000000,0.000000,0.000000,0.000000,0.000000
995,0.000000,0.000000,0.000000,0.000000,0.000000,0.000000,0.000000,0.000000,-0.369182,0.347634,-5.597870,5.809227,-3.246971,3.049894,6.855460,-6.755276,-4.701273,4.502157,-5.280768,5.489570,0.000000,0.000000,0.000000,0.000000,0.000000,0.000000,0.000000,0.000000,0.000000,0.000000,0.000000,0.000000
1000,0.000000,0.000000,0.000000,0.000000,0.000000,0.000000,0.000000,0.000000,0.000000,0.000000,-5.448668,5.665169,-4.060532,3.827145,6.957244,-6.803195,-4.053012,3.806414,-5.423336,5.658092,0.000000,0.000000,0.000000,0.000000,0.000000,0.000000,0.000000,0.000000,0.000000,0.000000,0.000000,0.000000
1005,0.000000,0.000000,0.000000,0.000000,0.000000,0.000000,0.000000,0.000000,0.000000,0.000000,-5.320385,5.563136,-4.767555,4.508409,6.919582,-6.757768,-3.281895,3.010042,-5.607155,5.849063,-0.356244,0.392777,0.000000,0.000000,0.000000,0.000000,0.000000,0.000000,0.000000,0.000000,0.000000,0.000000
1010,0.000000,0.000000,0.000000,0.000000,0.000000,0.000000,0.000000,0.000000,0.000000,0.000000,-5.222400,5.480910,-5.381606,5.103392,6.755268,-6.582478,-2.419309,2.148441,-5.838167,6.049505,-0.817275,0.891101,0.000000,0.000000,0.000000,0.000000,0.000000,0.000000,0.000000,0.000000,0.000000,0.000000
1015,0.000000,0.000000,0.000000,0.000000,0.000000,0.000000,0.000000,0.000000,0.000000,0.000000,-5.130396,5.401616,-5.900835,5.611405,6.462896,-6.290260,-1.489440,1.240228,-6.091308,6.248968,-1.349858,1.465541,0.000000,0.000000,0.000000,0.000000,0.000000,0.000000,0.000000,0.000000,0.000000,0.000000
1020,0.000000,0.000000,0.000000,0.000000,0.000000,0.000000,0.000000,0.000000,0.000000,0.000000,-5.024724,5.305775,-6.324024,6.033652,6.047895,-5.889104,-0.517954,0.306732,-6.346371,6.435194,-1.923898,2.084202,0.000000,0.000000,0.000000,0.000000,0.000000,0.000000,0.000000,0.000000,0.000000,0.000000
1025,0.000000,0.000000,0.000000,0.000000,0.000000,0.000000,0.000000,0.000000,0.000000,0.000000,-4.888000,5.171641,-6.651329,6.371377,5.519958,-5.384897,0.470610,-0.630080,-6.584337,6.593518,-2.510399,2.714135,0.000000,0.000000,0.000000,0.000000,0.000000,0.000000,0.000000,0.000000,0.000000,0.000000
1030,0.000000,0.000000,0.000000,0.000000,0.000000,0.000000,0.000000,0.000000,0.000000,0.000000,-4.699473,4.981354,-6.880523,6.624336,4.884499,-4.786681,1.452296,-1.551951,-6.784884,6.712556,-3.079204,3.324118,0.000000,0.000000,0.000000,0.000000,0.000000,0.000000,0.000000,0.000000,0.000000,0.000000
1035,0.000000,0.000000,0.000000,0.000000,0.000000,0.000000,0.000000,0.000000,0.000000,0.000000,-4.440519,4.713734,-7.010336,6.794242,4.150281,-4.102987,2.401713,-2.438792,-6.927074,6.777849,-3.599936,3.881578,0.000000,0.000000,0.000000,0.000000,0.000000,0.000000,0.000000,0.000000,0.000000,0.000000
1040,0.000000,0.000000,0.000000,0.000000,0.000000,0.000000,0.000000,0.000000,0.000000,0.000000,-4.097699,4.345057,-7.045083,6.879000,3.333515,-3.335351,3.302940,-3.265802,-6.996677,6.772642,-4.048620,4.350156,0.000000,0.000000,0.000000,0.000000,0.000000,0.000000,0.000000,0.000000,0.000000,0.000000
1045,0.000000,0.000000,0.000000,0.000000,0.000000,0.000000,0.000000,0.000000,0.000000,0.000000,-3.644763,3.874908,-6.971714,6.889631,2.424754,-2.510751,4.114042,-4.033608,-6.961459,6.692278,-4.387956,4.716736,0.000000,0.000000,0.000000,0.000000,0.000000,0.000000,0.000000,0.000000,0.000000,0.000000
1050,0.000000,0.000000,0.000000,0.000000,0.000000,0.000000,0.000000,0.000000,0.000000,0.000000,-3.118425,3.316543,-6.823640,6.830420,1.465795,-1.627207,4.845524,-4.716788,-6.834213,6.525949,-4.644431,4.982438,0.000000,0.000000,0.000000,0.000000,0.000000,0.000000,0.000000,0.000000,0.000000,0.000000
1055,0.000000,0.000000,0.000000,0.000000,0.000000,0.000000,0.000000,0.000000,0.000000,0.000000,-2.543005,2.706742,-6.615157,6.717504,0.472534,-0.708448,5.480538,-5.315504,-6.610623,6.277265,-4.830759,5.171846,0.000000,0.000000,0.000000,0.000000,0.000000,0.000000,0.000000,0.000000,0.000000,0.000000
1060,0.000000,0.000000,0.000000,0.000000,0.000000,0.000000,0.000000,0.000000,0.000000,0.000000,-1.950050,2.077047,-6.373229,6.564744,-0.524078,0.225379,6.010633,-5.816445,-6.291352,5.941213,-4.965238,5.304784,0.000000,0.000000,0.000000,0.000000,0.000000,0.000000,0.000000,0.000000,0.000000,0.000000
1065,0.000000,0.000000,0.000000,0.000000,0.000000,0.000000,0.000000,0.000000,0.000000,0.000000,-1.368181,1.460133,-6.114536,6.383708,-1.504471,1.157267,6.428200,-6.218144,-5.877997,5.521691,-5.067061,5.402853,0.000000,0.000000,0.000000,0.000000,0.000000,0.000000,0.000000,0.000000,0.000000,0.000000
1070,0.000000,0.000000,0.000000,0.000000,0.000000,0.000000,0.000000,0.000000,0.000000,0.000000,-0.827931,0.886698,-5.863244,6.186419,-2.441876,2.067482,6.727412,-6.509528,-5.371732,5.015540,-5.155691,5.485731,0.000000,0.000000,0.000000,0.000000,0.000000,0.000000,0.000000,0.000000,0.000000,0.000000
1075,0.000000,0.000000,0.000000,0.000000,0.000000,0.000000,0.000000,0.000000,0.000000,0.000000,-0.361101,0.391326,-5.640364,5.986021,-3.307828,2.933373,6.899479,-6.686481,-4.773687,4.424626,-5.249279,5.574862,0.000000,0.000000,0.000000,0.000000,0.000000,0.000000,0.000000,0.000000,0.000000,0.000000
1080,0.000000,0.000000,0.000000,0.000000,0.000000,0.000000,0.000000,0.000000,0.000000,0.000000,0.000000,0.000000,-5.474095,5.788768,-4.079139,3.739635,6.950733,-6.735346,-4.084301,3.747065,-5.372522,5.684782,0.000000,0.000000,0.000000,0.000000,0.000000,0.000000,0.000000,0.000000,0.000000,0.000000
1085,0.000000,0.000000,0.000000,0.000000,0.000000,0.000000,0.000000,0.000000,0.000000,0.000000,0.000000,0.000000,-5.357207,5.610881,-4.723665,4.449645,6.864906,-6.690782,-3.286752,2.977943,-5.512380,5.843871,-0.391210,0.332634,0.000000,0.000000,0.000000,0.000000,0.000000,0.000000,0.000000,0.000000
1090,0.000000,0.000000,0.000000,0.000000,0.000000,0.000000,0.000000,0.000000,0.000000,0.000000,0.000000,0.000000,-5.292185,5.437631,-5.256552,5.075779,6.660169,-6.516586,-2.415377,2.142530,-5.684536,6.031316,-0.895605,0.756764,0.000000,0.000000,0.000000,0.000000,0.000000,0.000000,0.000000,0.000000
1095,0.000000,0.000000,0.000000,0.000000,0.000000,0.000000,0.000000,0.000000,0.000000,0.000000,0.000000,0.000000,-5.247742,5.259727,-5.685028,5.615746,6.334430,-6.225954,-1.490748,1.258906,-5.870531,6.233280,-1.475725,1.249530,0.000000,0.000000,0.000000,0.000000,0.000000,0.000000,0.000000,0.000000
1100,0.000000,0.000000,0.000000,0.000000,0.000000,0.000000,0.000000,0.000000,0.000000,0.000000,0.000000,0.000000,-5.197873,5.064636,-6.017295,6.067423,5.896626,-5.825569,-0.533498,0.345853,-6.057467,6.433316,-2.098591,1.786099,0.000000,0.000000,0.000000,0.000000,0.000000,0.000000,0.000000,0.000000
1105,0.000000,0.000000,0.000000,0.000000,0.000000,0.000000,0.000000,0.000000,0.000000,0.000000,0.000000,0.000000,-5.116157,4.840175,-6.261140,6.429865,5.354049,-5.322769,0.435424,-0.578415,-6.231467,6.615166,-2.729811,2.341487,0.000000,0.000000,0.000000,0.000000,0.000000,0.000000,0.000000,0.000000
1110,0.000000,0.000000,0.000000,0.000000,0.000000,0.000000,0.000000,0.000000,0.000000,0.000000,0.000000,0.000000,-4.976900,4.573783,-6.424917,6.701376,4.715348,-4.723030,1.395236,-1.494973,-6.379579,6.762004,-3.336173,2.890644,0.000000,0.000000,0.000000,0.000000,0.000000,0.000000,0.000000,0.000000
1115,0.000000,0.000000,0.000000,0.000000,0.000000,0.000000,0.000000,0.000000,0.000000,0.000000,0.000000,0.000000,-4.754973,4.252358,-6.517398,6.879777,3.991622,-4.032759,2.326366,-2.385709,-6.488583,6.856527,-3.884172,3.407735,0.000000,0.000000,0.000000,0.000000,0.000000,0.000000,0.000000,0.000000
1120,0.000000,0.000000,0.000000,0.000000,0.000000,0.000000,0.000000,0.000000,0.000000,0.000000,0.000000,0.000000,-4.429532,3.859801,-6.551879,6.961429,3.197300,-3.252939,3.215952,-3.226772,-6.550263,6.879176,-4.345396,3.864277,0.000000,0.000000,0.000000,0.000000,0.000000,0.000000,0.000000,0.000000
1125,0.000000,0.000000,0.000000,0.000000,0.000000,0.000000,0.000000,0.000000,0.000000,0.000000,0.000000,0.000000,-3.970144,3.400476,-6.522412,6.955715,2.322819,-2.408867,4.025087,-4.018558,-6.537009,6.823270,-4.680801,4.251726,0.000000,0.000000,0.000000,0.000000,0.000000,0.000000,0.000000,0.000000
1130,0.000000,0.000000,0.000000,0.000000,0.000000,0.000000,0.000000,0.000000,0.000000,0.000000,0.000000,0.000000,-3.416448,2.882689,-6.452961,6.870469,1.405147,-1.503383,4.761924,-4.733215,-6.454608,6.676999,-4.919563,4.566699,0.000000,0.000000,0.000000,0.000000,0.000000,0.000000,0.000000,0.000000
1135,0.000000,0.000000,0.000000,0.000000,0.000000,0.000000,0.000000,0.000000,0.000000,0.000000,0.000000,0.000000,-2.799683,2.334028,-6.349420,6.726446,0.457799,-0.562475,5.410774,-5.364319,-6.292070,6.441401,-5.081875,4.824942,0.000000,0.000000,0.000000,0.000000,0.000000,0.000000,0.000000,0.000000
1140,0.000000,0.000000,0.000000,0.000000,0.000000,0.000000,0.000000,0.000000,0.000000,0.000000,0.000000,0.000000,-2.154927,1.779815,-6.221146,6.542645,-0.500164,0.391804,5.960923,-5.901857,-6.041677,6.115603,-5.192177,5.039843,0.000000,0.000000,0.000000,0.000000,0.000000,0.000000,0.000000,0.000000
1145,0.000000,0.000000,0.000000,0.000000,0.000000,0.000000,0.000000,0.000000,0.000000,0.000000,0.000000,0.000000,-1.517450,1.244481,-6.077594,6.337168,-1.448400,1.337387,6.403497,-6.335283,-5.696388,5.698003,-5.275039,5.224155,0.000000,0.000000,0.000000,0.000000,0.000000,0.000000,0.000000,0.000000
1150,0.000000,0.000000,0.000000,0.000000,0.000000,0.000000,0.000000,0.000000,0.000000,0.000000,0.000000,0.000000,-0.921734,0.753415,-5.927047,6.129072,-2.366739,2.251515,6.727308,-6.655554,-5.248312,5.187723,-5.354042,5.391575,0.000000,0.000000,0.000000,0.000000,0.000000,0.000000,0.000000,0.000000
1155,0.000000,0.000000,0.000000,0.000000,0.000000,0.000000,0.000000,0.000000,0.000000,0.000000,0.000000,0.000000,-0.402614,0.331772,-5.778144,5.937149,-3.234292,3.111358,6.923214,-6.853809,-4.689281,4.583447,-5.453421,5.555341,0.000000,0.000000,0.000000,0.000000,0.000000,0.000000,0.000000,0.000000
1160,0.000000,0.000000,0.000000,0.000000,0.000000,0.000000,0.000000,0.000000,0.000000,0.000000,0.000000,0.000000,0.000000,0.000000,-5.646748,5.774969,-4.029795,3.895907,6.995119,-6.911144,-4.013584,3.884378,-5.603458,5.724812,0.000000,0.000000,0.000000,0.000000,0.000000,0.000000,0.000000,0.000000
1165,0.000000,0.000000,0.000000,0.000000,0.000000,0.000000,0.000000,0.000000,0.000000,0.000000,0.000000,0.000000,0.000000,0.000000,-5.513427,5.665742,-4.718626,4.578267,6.921946,-6.865080,-3.211066,3.072984,-5.803967,5.911084,-0.343874,0.420682,0.000000,0.000000,0.000000,0.000000,0.000000,0.000000
1170,0.000000,0.000000,0.000000,0.000000,0.000000,0.000000,0.000000,0.000000,0.000000,0.000000,0.000000,0.000000,0.000000,0.000000,-5.393046,5.582429,-5.320185,5.162498,6.720905,-6.678802,-2.313994,2.187743,-6.056381,6.103837,-0.788473,0.951829,0.000000,0.000000,0.000000,0.000000,0.000000,0.000000
1175,0.000000,0.000000,0.000000,0.000000,0.000000,0.000000,0.000000,0.000000,0.000000,0.000000,0.000000,0.000000,0.000000,0.000000,-5.268366,5.507363,-5.830311,5.650602,6.391678,-6.366537,-1.351682,1.250747,-6.330959,6.295519,-1.303794,1.560854,0.000000,0.000000,0.000000,0.000000,0.000000,0.000000
1180,0.000000,0.000000,0.000000,0.000000,0.000000,0.000000,0.000000,0.000000,0.000000,0.000000,0.000000,0.000000,0.000000,0.000000,-5.120945,5.418544,-6.248671,6.043254,5.945635,-5.937544,-0.353073,0.286493,-6.604219,6.474729,-1.859798,2.208110,0.000000,0.000000,0.000000,0.000000,0.000000,0.000000
1185,0.000000,0.000000,0.000000,0.000000,0.000000,0.000000,0.000000,0.000000,0.000000,0.000000,0.000000,0.000000,0.000000,0.000000,-4.937321,5.294644,-6.574015,6.342415,5.392750,-5.399792,0.651636,-0.681378,-6.851840,6.631426,-2.428752,2.856982,0.000000,0.000000,0.000000,0.000000,0.000000,0.000000
1190,0.000000,0.000000,0.000000,0.000000,0.000000,0.000000,0.000000,0.000000,0.000000,0.000000,0.000000,0.000000,0.000000,0.000000,-4.703852,5.112057,-6.804919,6.547751,4.747058,-4.761752,1.635274,-1.629562,-7.050761,6.752699,-2.983065,3.470101,0.000000,0.000000,0.000000,0.000000,0.000000,0.000000
1195,0.000000,0.000000,0.000000,0.000000,0.000000,0.000000,0.000000,0.000000,0.000000,0.000000,0.000000,0.000000,0.000000,0.000000,-4.405005,4.849923,-6.939503,6.660251,4.019643,-4.034879,2.568998,-2.537248,-7.175123,6.827951,-3.493839,4.009716,0.000000,0.000000,0.000000,0.000000,0.000000,0.000000
1200,0.000000,0.000000,0.000000,0.000000,0.000000,0.000000,0.000000,0.000000,0.000000,0.000000,0.000000,0.000000,0.000000,0.000000,-4.031432,4.481919,-6.981411,6.677557,3.230777,-3.223154,3.432685,-3.378264,-7.206296,6.842436,-3.937579,4.434151,0.000000,0.000000,0.000000,0.000000,0.000000,0.000000
1205,0.000000,0.000000,0.000000,0.000000,0.000000,0.000000,0.000000,0.000000,0.000000,0.000000,0.000000,0.000000,0.000000,0.000000,-3.561741,4.005091,-6.918536,6.610571,2.375269,-2.354218,4.184612,-4.149939,-7.110582,6.790908,-4.280057,4.726635,0.000000,0.000000,0.000000,0.000000,0.000000,0.000000
1210,0.000000,0.000000,0.000000,0.000000,0.000000,0.000000,0.000000,0.000000,0.000000,0.000000,0.000000,0.000000,0.000000,0.000000,-3.030033,3.434539,-6.781883,6.468439,1.488230,-1.431205,4.838898,-4.830570,-6.903757,6.660429,-4.544784,4.896062,0.000000,0.000000,0.000000,0.000000,0.000000,0.000000
1215,0.000000,0.000000,0.000000,0.000000,0.000000,0.000000,0.000000,0.000000,0.000000,0.000000,0.000000,0.000000,0.000000,0.000000,-2.460251,2.807004,-6.588038,6.271214,0.581455,-0.477901,5.389127,-5.419359,-6.589242,6.448893,-4.745487,4.974847,0.000000,0.000000,0.000000,0.000000,0.000000,0.000000
1220,0.000000,0.000000,0.000000,0.000000,0.000000,0.000000,0.000000,0.000000,0.000000,0.000000,0.000000,0.000000,0.000000,0.000000,-1.879663,2.156312,-6.357767,6.038842,-0.329330,0.486019,5.834557,-5.910331,-6.174907,6.151898,-4.899809,4.992977,0.000000,0.000000,0.000000,0.000000,0.000000,0.000000
1225,0.000000,0.000000,0.000000,0.000000,0.000000,0.000000,0.000000,0.000000,0.000000,0.000000,0.000000,0.000000,0.000000,0.000000,-1.315012,1.517155,-6.110200,5.790606,-1.227331,1.440140,6.171703,-6.299626,-5.667341,5.766240,-5.024263,4.981447,0.000000,0.000000,0.000000,0.000000,0.000000,0.000000
1230,0.000000,0.000000,0.000000,0.000000,0.000000,0.000000,0.000000,0.000000,0.000000,0.000000,0.000000,0.000000,0.000000,0.000000,-0.794998,0.922389,-5.866570,5.543610,-2.094244,2.364918,6.401554,-6.579742,-5.075256,5.288391,-5.137603,4.968765,0.000000,0.000000,0.000000,0.000000,0.000000,0.000000
1235,0.000000,0.000000,0.000000,0.000000,0.000000,0.000000,0.000000,0.000000,0.000000,0.000000,0.000000,0.000000,0.000000,0.000000,-0.346145,0.406401,-5.648440,5.317715,-2.913955,3.239411,6.523961,-6.745011,-4.405797,4.712777,-5.257910,4.987599,0.000000,0.000000,0.000000,0.000000,0.000000,0.000000
1240,0.000000,0.000000,0.000000,0.000000,0.000000,0.000000,0.000000,0.000000,0.000000,0.000000,0.000000,0.000000,0.000000,0.000000,0.000000,0.000000,-5.479176,5.127032,-3.667660,4.043074,6.546775,-6.785214,-3.667115,4.038331,-5.406924,5.062554,0.000000,0.000000,0.000000,0.000000,0.000000,0.000000
1245,0.000000,0.000000,0.000000,0.000000,0.000000,0.000000,0.000000,0.000000,0.000000,0.000000,0.000000,0.000000,0.000000,0.000000,0.000000,0.000000,-5.354809,4.988080,-4.331770,4.741419,6.458002,-6.739390,-2.851526,3.253857,-5.574552,5.224164,-0.377664,0.358987,0.000000,0.000000,0.000000,0.000000
1250,0.000000,0.000000,0.000000,0.000000,0.000000,0.000000,0.000000,0.000000,0.000000,0.000000,0.000000,0.000000,0.000000,0.000000,0.000000,0.000000,-5.276037,4.883564,-4.913080,5.348598,6.274975,-6.564883,-1.990499,2.390193,-5.771999,5.448582,-0.865636,0.814534,0.000000,0.000000,0.000000,0.000000
1255,0.000000,0.000000,0.000000,0.000000,0.000000,0.000000,0.000000,0.000000,0.000000,0.000000,0.000000,0.000000,0.000000,0.000000,0.000000,0.000000,-5.214625,4.795461,-5.407650,5.862000,5.990440,-6.276072,-1.099551,1.469028,-5.978017,5.715358,-1.429495,1.338460,0.000000,0.000000,0.000000,0.000000
1260,0.000000,0.000000,0.000000,0.000000,0.000000,0.000000,0.000000,0.000000,0.000000,0.000000,0.000000,0.000000,0.000000,0.000000,0.000000,0.000000,-5.145829,4.703338,-5.817940,6.278645,5.609877,-5.875465,-0.197252,0.513618,-6.177076,5.998979,-2.037783,1.901563,0.000000,0.000000,0.000000,0.000000
1265,0.000000,0.000000,0.000000,0.000000,0.000000,0.000000,0.000000,0.000000,0.000000,0.000000,0.000000,0.000000,0.000000,0.000000,0.000000,0.000000,-5.045002,4.586939,-6.141580,6.596619,5.135916,-5.371083,0.699412,-0.454403,-6.351748,6.275685,-2.658500,2.474155,0.000000,0.000000,0.000000,0.000000
1270,0.000000,0.000000,0.000000,0.000000,0.000000,0.000000,0.000000,0.000000,0.000000,0.000000,0.000000,0.000000,0.000000,0.000000,0.000000,0.000000,-4.890124,4.424210,-6.379246,6.812877,4.575782,-4.765908,1.575359,-1.411597,-6.487509,6.519538,-3.261616,3.025045,0.000000,0.000000,0.000000,0.000000
1275,0.000000,0.000000,0.000000,0.000000,0.000000,0.000000,0.000000,0.000000,0.000000,0.000000,0.000000,0.000000,0.000000,0.000000,0.000000,0.000000,-4.656217,4.195215,-6.530314,6.926098,3.932254,-4.066802,2.414546,-2.336981,-6.566744,6.706556,-3.814797,3.524750,0.000000,0.000000,0.000000,0.000000
1280,0.000000,0.000000,0.000000,0.000000,0.000000,0.000000,0.000000,0.000000,0.000000,0.000000,0.000000,0.000000,0.000000,0.000000,0.000000,0.000000,-4.324740,3.875604,-6.598563,6.930278,3.217732,-3.274268,3.205999,-3.201272,-6.576632,6.809125,-4.291422,3.940282,0.000000,0.000000,0.000000,0.000000
1285,0.000000,0.000000,0.000000,0.000000,0.000000,0.000000,0.000000,0.000000,0.000000,0.000000,0.000000,0.000000,0.000000,0.000000,0.000000,0.000000,-3.867074,3.463462,-6.573802,6.836626,2.417140,-2.411713,3.917629,-4.002364,-6.489333,6.815367,-4.653268,4.260399,0.000000,0.000000,0.000000,0.000000
1290,0.000000,0.000000,0.000000,0.000000,0.000000,0.000000,0.000000,0.000000,0.000000,0.000000,0.000000,0.000000,0.000000,0.000000,0.000000,0.000000,-3.322482,2.969439,-6.486603,6.657090,1.567175,-1.482613,4.561866,-4.713662,-6.318352,6.715227,-4.925670,4.487877,0.000000,0.000000,0.000000,0.000000
1295,0.000000,0.000000,0.000000,0.000000,0.000000,0.000000,0.000000,0.000000,0.000000,0.000000,0.000000,0.000000,0.000000,0.000000,0.000000,0.000000,-2.718920,2.426365,-6.346158,6.413313,0.680399,-0.515851,5.123854,-5.331909,-6.060133,6.510545,-5.120211,4.648668,0.000000,0.000000,0.000000,0.000000
1300,0.000000,0.000000,0.000000,0.000000,0.000000,0.000000,0.000000,0.000000,0.000000,0.000000,0.000000,0.000000,0.000000,0.000000,0.000000,0.000000,-2.090813,1.863394,-6.173615,6.131536,-0.224058,0.466232,5.598814,-5.850717,-5.718599,6.205108,-5.257315,4.763954,0.000000,0.000000,0.000000,0.000000
1305,0.000000,0.000000,0.000000,0.000000,0.000000,0.000000,0.000000,0.000000,0.000000,0.000000,0.000000,0.000000,0.000000,0.000000,0.000000,0.000000,-1.470550,1.310768,-5.983907,5.834102,-1.127148,1.439569,5.977335,-6.263273,-5.295409,5.799971,-5.353921,4.856573,0.000000,0.000000,0.000000,0.000000
1310,0.000000,0.000000,0.000000,0.000000,0.000000,0.000000,0.000000,0.000000,0.000000,0.000000,0.000000,0.000000,0.000000,0.000000,0.000000,0.000000,-0.892784,0.796760,-5.795311,5.542140,-2.007040,2.380605,6.256582,-6.561340,-4.794262,5.295868,-5.430101,4.947065,0.000000,0.000000,0.000000,0.000000
1315,0.000000,0.000000,0.000000,0.000000,0.000000,0.000000,0.000000,0.000000,0.000000,0.000000,0.000000,0.000000,0.000000,0.000000,0.000000,0.000000,-0.389915,0.351356,-5.623589,5.278637,-2.843416,3.264525,6.428805,-6.739757,-4.217388,4.693919,-5.503293,5.057864,0.000000,0.000000,0.000000,0.000000
1320,0.000000,0.000000,0.000000,0.000000,0.000000,0.000000,0.000000,0.000000,0.000000,0.000000,0.000000,0.000000,0.000000,0.000000,0.000000,0.000000,0.000000,0.000000,-5.492094,5.061299,-3.614838,4.067811,6.502737,-6.783259,-3.569014,3.994940,-5.599615,5.205600,0.000000,0.000000,0.000000,0.000000
1325,0.000000,0.000000,0.000000,0.000000,0.000000,0.000000,0.000000,0.000000,0.000000,0.000000,0.000000,0.000000,0.000000,0.000000,0.000000,0.000000,0.000000,0.000000,-5.387676,4.914515,-4.287762,4.759664,6.465101,-6.728578,-2.830842,3.196601,-5.704770,5.417811,-0.394979,0.331496,0.000000,0.000000
1330,0.000000,0.000000,0.000000,0.000000,0.000000,0.000000,0.000000,0.000000,0.000000,0.000000,0.000000,0.000000,0.000000,0.000000,0.000000,0.000000,0.000000,0.000000,-5.321659,4.810763,-4.878535,5.347836,6.326612,-6.539852,-2.033462,2.327200,-5.838423,5.669437,-0.904336,0.753456,0.000000,0.000000
1335,0.000000,0.000000,0.000000,0.000000,0.000000,0.000000,0.000000,0.000000,0.000000,0.000000,0.000000,0.000000,0.000000,0.000000,0.000000,0.000000,0.000000,0.000000,-5.263961,4.731254,-5.384496,5.835804,6.076108,-6.236278,-1.190991,1.405662,-5.982410,5.943639,-1.488371,1.244238,0.000000,0.000000
1340,0.000000,0.000000,0.000000,0.000000,0.000000,0.000000,0.000000,0.000000,0.000000,0.000000,0.000000,0.000000,0.000000,0.000000,0.000000,0.000000,0.000000,0.000000,-5.194422,4.652458,-5.805046,6.227730,5.717861,-5.824639,-0.318476,0.454726,-6.128317,6.217861,-2.114057,1.778225,0.000000,0.000000
1345,0.000000,0.000000,0.000000,0.000000,0.000000,0.000000,0.000000,0.000000,0.000000,0.000000,0.000000,0.000000,0.000000,0.000000,0.000000,0.000000,0.000000,0.000000,-5.089863,4.551480,-6.138965,6.528476,5.252334,-5.313227,0.569123,-0.505184,-6.265325,6.470812,-2.745962,2.330316,0.000000,0.000000
1350,0.000000,0.000000,0.000000,0.000000,0.000000,0.000000,0.000000,0.000000,0.000000,0.000000,0.000000,0.000000,0.000000,0.000000,0.000000,0.000000,0.000000,0.000000,-4.928287,4.405326,-6.385115,6.743061,4.682253,-4.710526,1.457327,-1.452800,-6.383564,6.680689,-3.350186,2.875146,0.000000,0.000000
1355,0.000000,0.000000,0.000000,0.000000,0.000000,0.000000,0.000000,0.000000,0.000000,0.000000,0.000000,0.000000,0.000000,0.000000,0.000000,0.000000,0.000000,0.000000,-4.686305,4.192282,-6.541091,6.876996,4.007974,-4.025524,2.330780,-2.368865,-6.471316,6.826082,-3.891036,3.388213,0.000000,0.000000
1360,0.000000,0.000000,0.000000,0.000000,0.000000,0.000000,0.000000,0.000000,0.000000,0.000000,0.000000,0.000000,0.000000,0.000000,0.000000,0.000000,0.000000,0.000000,-4.347735,3.885181,-6.611780,6.932486,3.240121,-3.259084,3.182877,-3.225732,-6.524038,6.881906,-4.340024,3.840038,0.000000,0.000000
1365,0.000000,0.000000,0.000000,0.000000,0.000000,0.000000,0.000000,0.000000,0.000000,0.000000,0.000000,0.000000,0.000000,0.000000,0.000000,0.000000,0.000000,0.000000,-3.884195,3.481107,-6.583943,6.923806,2.363610,-2.437661,3.977992,-4.021702,-6.515669,6.838957,-4.656923,4.222976,0.000000,0.000000
1370,0.000000,0.000000,0.000000,0.000000,0.000000,0.000000,0.000000,0.000000,0.000000,0.000000,0.000000,0.000000,0.000000,0.000000,0.000000,0.000000,0.000000,0.000000,-3.334579,2.991434,-6.487034,6.854690,1.420374,-1.559443,4.720207,-4.730266,-6.449774,6.688638,-4.871520,4.534064,0.000000,0.000000
1375,0.000000,0.000000,0.000000,0.000000,0.000000,0.000000,0.000000,0.000000,0.000000,0.000000,0.000000,0.000000,0.000000,0.000000,0.000000,0.000000,0.000000,0.000000,-2.727019,2.450112,-6.334296,6.737276,0.432836,-0.648216,5.385120,-5.346646,-6.311355,6.436134,-5.003315,4.790961,0.000000,0.000000
1380,0.000000,0.000000,0.000000,0.000000,0.000000,0.000000,0.000000,0.000000,0.000000,0.000000,0.000000,0.000000,0.000000,0.000000,0.000000,0.000000,0.000000,0.000000,-2.095660,1.886018,-6.143929,6.581704,-0.571043,0.278191,5.958545,-5.862456,-6.090344,6.084880,-5.078876,5.007014,0.000000,0.000000
1385,0.000000,0.000000,0.000000,0.000000,0.000000,0.000000,0.000000,0.000000,0.000000,0.000000,0.000000,0.000000,0.000000,0.000000,0.000000,0.000000,0.000000,0.000000,-1.473862,1.329517,-5.933435,6.397862,-1.563135,1.200215,6.423843,-6.269432,-5.776144,5.637710,-5.122822,5.195895,0.000000,0.000000
1390,0.000000,0.000000,0.000000,0.000000,0.000000,0.000000,0.000000,0.000000,0.000000,0.000000,0.000000,0.000000,0.000000,0.000000,0.000000,0.000000,0.000000,0.000000,-0.894321,0.810295,-5.720590,6.194977,-2.513577,2.097736,6.766780,-6.561402,-5.358417,5.097103,-5.160652,5.371240,0.000000,0.000000
1395,0.000000,0.000000,0.000000,0.000000,0.000000,0.000000,0.000000,0.000000,0.000000,0.000000,0.000000,0.000000,0.000000,0.000000,0.000000,0.000000,0.000000,0.000000,-0.391067,0.357868,-5.522819,5.982738,-3.393023,2.950774,6.972673,-6.729883,-4.826999,4.464591,-5.218285,5.546059,0.000000,0.000000
1400,0.000000,0.000000,0.000000,0.000000,0.000000,0.000000,0.000000,0.000000,0.000000,0.000000,0.000000,0.000000,0.000000,0.000000,0.000000,0.000000,0.000000,0.000000,0.000000,0.000000,-5.361686,5.768098,-4.171823,3.739815,7.036651,-6.762570,-4.172394,3.742394,-5.326294,5.730316,0.000000,0.000000
1405,0.000000,0.000000,0.000000,0.000000,0.000000,0.000000,0.000000,0.000000,0.000000,0.000000,0.000000,0.000000,0.000000,0.000000,0.000000,0.000000,0.000000,0.000000,0.000000,0.000000,-5.227596,5.565198,-4.811053,4.438502,6.941288,-6.693670,-3.373649,2.925868,-5.479365,5.940341,-0.372090,0.344928
1410,0.000000,0.000000,0.000000,0.000000,0.000000,0.000000,0.000000,0.000000,0.000000,0.000000,0.000000,0.000000,0.000000,0.000000,0.000000,0.000000,0.000000,0.000000,0.000000,0.000000,-5.132154,5.364448,-5.333663,5.051117,6.706420,-6.491595,-2.473036,2.046267,-5.684288,6.159231,-0.854759,0.784794
1415,0.000000,0.000000,0.000000,0.000000,0.000000,0.000000,0.000000,0.000000,0.000000,0.000000,0.000000,0.000000,0.000000,0.000000,0.000000,0.000000,0.000000,0.000000,0.000000,0.000000,-5.051837,5.158545,-5.747594,5.577608,6.339883,-6.172436,-1.503281,1.127479,-5.912592,6.372150,-1.413560,1.292889
1420,0.000000,0.000000,0.000000,0.000000,0.000000,0.000000,0.000000,0.000000,0.000000,0.000000,0.000000,0.000000,0.000000,0.000000,0.000000,0.000000,0.000000,0.000000,0.000000,0.000000,-4.970114,4.942107,-6.062342,6.016846,5.859245,-5.747614,-0.498133,0.193807,-6.141332,6.564873,-2.018191,1.842920
1425,0.000000,0.000000,0.000000,0.000000,0.000000,0.000000,0.000000,0.000000,0.000000,0.000000,0.000000,0.000000,0.000000,0.000000,0.000000,0.000000,0.000000,0.000000,0.000000,0.000000,-4.868058,4.708601,-6.287347,6.367337,5.280271,-5.228303,0.508136,-0.730677,-6.345705,6.722273,-2.637531,2.408049
1430,0.000000,0.000000,0.000000,0.000000,0.000000,0.000000,0.000000,0.000000,0.000000,0.000000,0.000000,0.000000,0.000000,0.000000,0.000000,0.000000,0.000000,0.000000,0.000000,0.000000,-4.730228,4.449879,-6.432783,6.628098,4.623284,-4.625951,1.485188,-1.624033,-6.503449,6.829280,-3.241711,2.961907
1435,0.000000,0.000000,0.000000,0.000000,0.000000,0.000000,0.000000,0.000000,0.000000,0.000000,0.000000,0.000000,0.000000,0.000000,0.000000,0.000000,0.000000,0.000000,0.000000,0.000000,-4.537773,4.159039,-6.507456,6.795889,3.906194,-3.953153,2.399592,-2.463489,-6.588422,6.868983,-3.799182,3.476593
1440,0.000000,0.000000,0.000000,0.000000,0.000000,0.000000,0.000000,0.000000,0.000000,0.000000,0.000000,0.000000,0.000000,0.000000,0.000000,0.000000,0.000000,0.000000,0.000000,0.000000,-4.280024,3.824202,-6.527350,6.866092,3.156768,-3.215960,3.228801,-3.222152,-6.582554,6.821783,-4.285209,3.920781
1445,0.000000,0.000000,0.000000,0.000000,0.000000,0.000000,0.000000,0.000000,0.000000,0.000000,0.000000,0.000000,0.000000,0.000000,0.000000,0.000000,0.000000,0.000000,0.000000,0.000000,-3.929333,3.450970,-6.486553,6.847083,2.370183,-2.442689,3.929092,-3.902406,-6.452625,6.682910,-4.661249,4.283984
1450,0.000000,0.000000,0.000000,0.000000,0.000000,0.000000,0.000000,0.000000,0.000000,0.000000,0.000000,0.000000,0.000000,0.000000,0.000000,0.000000,0.000000,0.000000,0.000000,0.000000,-3.506558,3.033107,-6.407302,6.741916,1.569412,-1.621886,4.526423,-4.493660,-6.221672,6.452157,-4.948269,4.561279
1455,0.000000,0.000000,0.000000,0.000000,0.000000,0.000000,0.000000,0.000000,0.000000,0.000000,0.000000,0.000000,0.000000,0.000000,0.000000,0.000000,0.000000,0.000000,0.000000,0.000000,-3.019561,2.579834,-6.293413,6.566192,0.748784,-0.760968,5.027679,-5.010293,-5.902543,6.145228,-5.155130,4.766997
1460,0.000000,0.000000,0.000000,0.000000,0.000000,0.000000,0.000000,0.000000,0.000000,0.000000,0.000000,0.000000,0.000000,0.000000,0.000000,0.000000,0.000000,0.000000,0.000000,0.000000,-2.478532,2.097869,-6.151568,6.332952,-0.093633,0.137737,5.444899,-5.460094,-5.510814,5.774360,-5.297101,4.913407
1465,0.000000,0.000000,0.000000,0.000000,0.000000,0.000000,0.000000,0.000000,0.000000,0.000000,0.000000,0.000000,0.000000,0.000000,0.000000,0.000000,0.000000,0.000000,0.000000,0.000000,-1.893916,1.592749,-5.986683,6.054950,-0.955352,1.069163,5.786464,-5.851377,-5.066611,5.357615,-5.386838,5.013276
1470,0.000000,0.000000,0.000000,0.000000,0.000000,0.000000,0.000000,0.000000,0.000000,0.000000,0.000000,0.000000,0.000000,0.000000,0.000000,0.000000,0.000000,0.000000,0.000000,0.000000,-1.279111,1.071319,-5.808830,5.746455,-1.836520,2.031419,6.066610,-6.190833,-4.587157,4.907544,-5.440966,5.077903
1475,0.000000,0.000000,0.000000,0.000000,0.000000,0.000000,0.000000,0.000000,0.000000,0.000000,0.000000,0.000000,0.000000,0.000000,0.000000,0.000000,0.000000,0.000000,0.000000,0.000000,-0.642674,0.539397,-5.621280,5.417848,-2.734930,3.019027,6.295920,-6.486344,-4.090574,4.440716,-5.473473,5.120887
1480,0.000000,0.000000,0.000000,0.000000,0.000000,0.000000,0.000000,0.000000,0.000000,0.000000,0.000000,0.000000,0.000000,0.000000,0.000000,0.000000,0.000000,0.000000,0.000000,0.000000,0.000000,0.000000,-5.435974,5.077667,-3.646585,4.025889,6.499462,-6.739453,-3.596294,3.973564,-5.505009,5.151000
