position,BGA_03,BGA_04,BGA_05,BGA_06,BGA_07,BGA_08,BGA_09,BGA_10,BGA_11,BGA_12,BGA_13,BGA_14,BGA_15,BGA_16,BGA_17,BGA_18,BGA_19,BGA_20,BGA_21,BGA_22,BGA_23,BGA_24,BGA_25,BGA_26,BGA_27,BGA_28,BGA_29,BGA_30,BGA_00
53,0,0,1.0053,1.0053,2.0402,2.0402,-1.4683,-1.4683,-0.194,-0.194,1.0852,1.0852,-1.8787,-1.8787,0.0437,0.0437,0.7531,0.7531,0.4062,0.4062,0.1857,0.1857,0.0878,0.0878,0.0454,0.0454,0.025,0.025,0
54,0,0,1.0354,1.0352,2.0709,2.072,-1.4729,-1.4729,-0.2225,-0.2228,1.1326,1.133,-1.8793,-1.879,0.0307,0.0305,0.743,0.7417,0.3918,0.3906,0.1729,0.1729,0.0786,0.0794,0.0391,0.0398,0.0213,0.0207,0
55,0,0,1.0658,1.0665,2.1025,2.1049,-1.4788,-1.4773,-0.2509,-0.2526,1.1806,1.181,-1.8803,-1.8792,0.018,0.0174,0.7328,0.7304,0.3772,0.3757,0.1601,0.1606,0.0697,0.0713,0.0334,0.0342,0.0176,0.0168,0
56,0,0,1.0961,1.0983,2.1347,2.1381,-1.4843,-1.4814,-0.2795,-0.2829,1.2287,1.2292,-1.8812,-1.8794,0.0052,0.0042,0.7226,0.7197,0.3623,0.3615,0.1473,0.1486,0.0614,0.0634,0.0283,0.0285,0.0139,0.0132,0
57,0,0,1.125,1.1283,2.1657,2.1686,-1.4857,-1.4855,-0.3098,-0.3116,1.2754,1.2781,-1.8806,-1.8808,-0.0087,-0.0102,0.7129,0.7119,0.3463,0.3493,0.1347,0.1369,0.0537,0.0547,0.0237,0.0223,0.0093,0.0103,0
58,0,0,1.1523,1.156,2.1944,2.1963,-1.4851,-1.4869,-0.341,-0.3396,1.3218,1.3264,-1.8797,-1.8812,-0.0222,-0.0255,0.7034,0.7053,0.3308,0.3362,0.1224,0.1256,0.0459,0.0456,0.0182,0.0169,0.0055,0.0078,0
59,0,0,1.1782,1.1813,2.22,2.2214,-1.4809,-1.4872,-0.3724,-0.3677,1.3682,1.3737,-1.8784,-1.8803,-0.0352,-0.0409,0.6942,0.699,0.3163,0.3214,0.1102,0.1145,0.0376,0.0363,0.0114,0.012,0.0024,0.0052,0
60,0,0,1.2045,1.2045,2.2412,2.244,-1.476,-1.4829,-0.4027,-0.3976,1.4158,1.4198,-1.8773,-1.878,-0.0478,-0.0535,0.6857,0.6899,0.3034,0.3044,0.098,0.1023,0.0286,0.027,0.0033,0.0057,-0.0004,0.0012,0
61,0,0,1.228,1.2262,2.2588,2.2619,-1.4691,-1.4747,-0.4323,-0.4282,1.4634,1.466,-1.8761,-1.8759,-0.0612,-0.0652,0.6784,0.6799,0.2909,0.2889,0.0862,0.0893,0.0192,0.0182,-0.0037,-0.002,-0.0041,-0.004,0
62,0,0,1.2478,1.2462,2.2728,2.2751,-1.4594,-1.4624,-0.4613,-0.4592,1.5106,1.5126,-1.875,-1.8748,-0.0754,-0.0769,0.6721,0.6705,0.2786,0.2758,0.0749,0.0762,0.0096,0.01,-0.0094,-0.0104,-0.0092,-0.0101,0
63,0,0,1.2625,1.2633,2.2834,2.2842,-1.4459,-1.4465,-0.4901,-0.49,1.5577,1.56,-1.875,-1.8752,-0.09,-0.0908,0.6654,0.6647,0.267,0.2654,0.0642,0.0643,0.0004,0.0017,-0.0144,-0.0167,-0.0143,-0.0152,0
64,0,0,1.2742,1.2769,2.2853,2.286,-1.4284,-1.4272,-0.519,-0.5202,1.6057,1.6067,-1.8754,-1.8756,-0.1042,-0.1049,0.6584,0.6599,0.2559,0.2552,0.0536,0.053,-0.0082,-0.0066,-0.0194,-0.0216,-0.0191,-0.0197,0
65,0,0,1.2836,1.2872,2.2841,2.286,-1.4064,-1.4045,-0.5483,-0.5499,1.6543,1.6527,-1.8763,-1.8758,-0.1184,-0.1189,0.6517,0.6555,0.2453,0.2447,0.0433,0.0422,-0.016,-0.0149,-0.0246,-0.0257,-0.0233,-0.0239,0
66,0,0,1.2916,1.2947,2.2752,2.2778,-1.3799,-1.3784,-0.5777,-0.5789,1.7017,1.6987,-1.8762,-1.8755,-0.1335,-0.1333,0.6469,0.6505,0.2347,0.2344,0.0334,0.0321,-0.0234,-0.0225,-0.0297,-0.0303,-0.0272,-0.0279,0
67,0,0,1.2942,1.2961,2.2596,2.262,-1.3488,-1.3479,-0.6067,-0.6074,1.7481,1.7453,-1.876,-1.8752,-0.1496,-0.1492,0.6444,0.6467,0.2249,0.2248,0.0239,0.0229,-0.0303,-0.0298,-0.0348,-0.035,-0.0309,-0.0315,0
68,0,0,1.2947,1.2955,2.2364,2.2374,-1.3127,-1.3123,-0.6351,-0.6354,1.7937,1.7925,-1.8757,-1.8751,-0.1666,-0.1668,0.6432,0.6441,0.2161,0.2161,0.0148,0.0144,-0.0368,-0.0366,-0.0397,-0.0398,-0.0343,-0.0346,0
69,0,0,1.2895,1.2894,2.205,2.2054,-1.2713,-1.272,-0.6631,-0.6627,1.8394,1.8395,-1.8755,-1.875,-0.1842,-0.1852,0.6424,0.6424,0.2084,0.2084,0.0064,0.0063,-0.043,-0.0429,-0.044,-0.0444,-0.0373,-0.0375,0
70,0,0,1.2798,1.279,2.1656,2.166,-1.2253,-1.2273,-0.6906,-0.6895,1.8847,1.8862,-1.8749,-1.8751,-0.2034,-0.2041,0.6421,0.6422,0.2019,0.2022,-0.0011,-0.0011,-0.0487,-0.0487,-0.0479,-0.0485,-0.0399,-0.0401,0
71,0,0,1.2653,1.2642,2.1183,2.119,-1.1749,-1.1779,-0.7175,-0.7158,1.9297,1.9324,-1.8727,-1.8752,-0.2247,-0.2238,0.642,0.6427,0.1967,0.197,-0.0077,-0.0077,-0.0541,-0.0541,-0.0515,-0.0522,-0.0423,-0.0425,0
72,0,0,1.2466,1.2462,2.0657,2.0656,-1.1219,-1.1239,-0.7435,-0.7424,1.9751,1.9782,-1.8703,-1.8744,-0.2474,-0.2448,0.6431,0.6448,0.1926,0.1918,-0.0138,-0.0136,-0.059,-0.0592,-0.0547,-0.0552,-0.045,-0.0446,0
73,0,0,1.2239,1.2243,2.0074,2.0064,-1.0659,-1.066,-0.7687,-0.7688,2.0199,2.0228,-1.867,-1.8721,-0.2714,-0.2675,0.6455,0.6473,0.1891,0.1871,-0.019,-0.0189,-0.063,-0.0634,-0.0574,-0.0577,-0.0474,-0.0462,0
74,0,0,1.1974,1.1982,1.9431,1.9414,-1.0068,-1.0046,-0.793,-0.7945,2.063,2.0656,-1.8622,-1.8667,-0.2966,-0.2923,0.6493,0.6496,0.1865,0.1839,-0.0232,-0.0232,-0.0664,-0.0669,-0.0597,-0.06,-0.0493,-0.0475,0
75,0,0,1.1677,1.1679,1.8727,1.8709,-0.9437,-0.941,-0.8166,-0.8184,2.1027,2.1045,-1.8539,-1.857,-0.3235,-0.3201,0.6529,0.6516,0.1861,0.1845,-0.0261,-0.0261,-0.0693,-0.0695,-0.0619,-0.0624,-0.0504,-0.049,0
76,0,0,1.1351,1.1349,1.799,1.7977,-0.8787,-0.8761,-0.8396,-0.8412,2.1392,2.14,-1.8424,-1.8432,-0.3516,-0.3503,0.6547,0.6536,0.1868,0.1861,-0.0276,-0.0272,-0.0713,-0.0712,-0.0638,-0.0643,-0.0511,-0.0505,0
77,0,0,1.0999,1.1,1.7232,1.7228,-0.8126,-0.8103,-0.862,-0.8634,2.1723,2.1723,-1.827,-1.8253,-0.3809,-0.3825,0.6556,0.6557,0.1905,0.1896,-0.0283,-0.0275,-0.0724,-0.0721,-0.0651,-0.0655,-0.0515,-0.0517,0
78,0,0,1.0629,1.0637,1.6464,1.6469,-0.7463,-0.7438,-0.8837,-0.8854,2.2016,2.2029,-1.8068,-1.8056,-0.4132,-0.4152,0.6563,0.6578,0.1951,0.1935,-0.0272,-0.0265,-0.0721,-0.0719,-0.0653,-0.0656,-0.0516,-0.0517,0
79,0,0,1.0246,1.0258,1.5688,1.5695,-0.6794,-0.6772,-0.9044,-0.9061,2.2261,2.2289,-1.7816,-1.7822,-0.4487,-0.4498,0.6573,0.6597,0.2012,0.199,-0.0249,-0.0245,-0.0713,-0.0712,-0.0651,-0.0654,-0.0515,-0.0515,0
80,0,0,0.9849,0.986,1.4907,1.491,-0.6121,-0.6105,-0.924,-0.9254,2.2459,2.2496,-1.7512,-1.7538,-0.4874,-0.4869,0.6589,0.6612,0.2091,0.2071,-0.021,-0.0211,-0.0693,-0.0691,-0.0642,-0.0643,-0.0508,-0.0506,0
81,0,0,0.9441,0.9448,1.4122,1.4125,-0.5451,-0.544,-0.9422,-0.9433,2.2616,2.2645,-1.7171,-1.7193,-0.5282,-0.5275,0.6608,0.6621,0.219,0.217,-0.0159,-0.0161,-0.0663,-0.0662,-0.0628,-0.0627,-0.0497,-0.0496,0
82,0,0,0.9026,0.9029,1.3345,1.335,-0.4791,-0.4782,-0.959,-0.9597,2.2705,2.272,-1.6784,-1.6795,-0.5714,-0.5709,0.662,0.6625,0.2303,0.2287,-0.0092,-0.0094,-0.0622,-0.0621,-0.0606,-0.0604,-0.0481,-0.0481,0
83,0,0,0.8606,0.8608,1.2585,1.2591,-0.4143,-0.4139,-0.9742,-0.9745,2.2746,2.275,-1.6342,-1.6345,-0.617,-0.6166,0.6626,0.6627,0.2432,0.2423,-0.0007,-0.0008,-0.0568,-0.0568,-0.0574,-0.0574,-0.046,-0.0461,0
84,0,0,0.8186,0.8192,1.1858,1.1856,-0.351,-0.3523,-0.9878,-0.9871,2.2704,2.2701,-1.5839,-1.5843,-0.6649,-0.6645,0.6618,0.6621,0.2578,0.2577,0.0092,0.0093,-0.0505,-0.0503,-0.0537,-0.0537,-0.0436,-0.0437,0
85,0,0,0.7769,0.7781,1.1157,1.1149,-0.2895,-0.2929,-0.9995,-0.9976,2.2609,2.2596,-1.5282,-1.5291,-0.7151,-0.7144,0.6604,0.6609,0.274,0.2743,0.0205,0.0208,-0.0432,-0.0429,-0.0494,-0.0494,-0.0409,-0.0409,0
86,0,0,0.7359,0.7377,1.048,1.0473,-0.2304,-0.2355,-1.0092,-1.0063,2.2435,2.2416,-1.4676,-1.4689,-0.7674,-0.7662,0.6581,0.659,0.2919,0.292,0.033,0.0334,-0.0348,-0.0346,-0.0446,-0.0447,-0.0378,-0.0378,0
87,0,0,0.6965,0.6981,0.9827,0.9834,-0.1751,-0.1792,-1.0163,-1.0138,2.2201,2.2177,-1.4035,-1.4035,-0.8207,-0.8202,0.6551,0.656,0.3111,0.3103,0.0468,0.0469,-0.0255,-0.0256,-0.0393,-0.0393,-0.0342,-0.0344,0
88,0,0,0.6578,0.6593,0.9205,0.9225,-0.1226,-0.1247,-1.0209,-1.0198,2.1908,2.1888,-1.3361,-1.3342,-0.8742,-0.8754,0.6509,0.6517,0.3312,0.3295,0.0616,0.0611,-0.0155,-0.016,-0.0336,-0.0334,-0.0303,-0.0307,0
89,0,0,0.6198,0.621,0.8616,0.8641,-0.0724,-0.0722,-1.024,-1.0243,2.1559,2.1554,-1.2656,-1.2619,-0.9279,-0.9309,0.6452,0.6459,0.3519,0.3494,0.0769,0.0761,-0.0049,-0.0059,-0.0275,-0.0273,-0.0262,-0.0266,0
90,0,0,0.5822,0.5829,0.8061,0.8073,-0.0228,-0.0224,-1.0265,-1.0269,2.1177,2.1185,-1.1917,-1.1893,-0.9826,-0.9851,0.6383,0.6394,0.3718,0.3701,0.0924,0.0917,0.0055,0.0044,-0.0215,-0.0213,-0.0223,-0.0226,0
91,0,0,0.5462,0.5465,0.7537,0.7539,0.025,0.0248,-1.0284,-1.0285,2.0773,2.0785,-1.116,-1.1159,-1.0372,-1.0388,0.6299,0.6324,0.3913,0.391,0.1079,0.1075,0.0157,0.015,-0.0153,-0.0151,-0.0183,-0.0184,0
92,0,0,0.512,0.512,0.7043,0.704,0.0705,0.0698,-1.0296,-1.0292,2.0348,2.0354,-1.039,-1.0413,-1.0913,-1.092,0.6199,0.6246,0.4108,0.4118,0.1233,0.1235,0.0259,0.0259,-0.0089,-0.0087,-0.0143,-0.0141,0
93,0,0,0.4797,0.4795,0.6576,0.6579,0.1129,0.1132,-1.0292,-1.0291,1.9892,1.9891,-0.9618,-0.9644,-1.1434,-1.1444,0.6083,0.6143,0.431,0.432,0.1387,0.1396,0.0363,0.0367,-0.0025,-0.0022,-0.0103,-0.0098,0
94,0,0,0.4486,0.4483,0.6142,0.6148,0.1531,0.1544,-1.0281,-1.0285,1.9407,1.9401,-0.884,-0.886,-1.1937,-1.1945,0.5961,0.6015,0.4508,0.4511,0.1543,0.1554,0.0466,0.047,0.0038,0.0041,-0.0063,-0.0059,0
95,0,0,0.4187,0.4185,0.574,0.5745,0.1916,0.1934,-1.0259,-1.0265,1.8896,1.8888,-0.8059,-0.8067,-1.2419,-1.2422,0.5831,0.586,0.4697,0.469,0.17,0.1706,0.0567,0.0568,0.0099,0.0101,-0.0024,-0.0022,0
96,0,0,0.3907,0.3905,0.5371,0.5375,0.2287,0.2299,-1.0239,-1.0242,1.8373,1.8365,-0.7277,-0.7279,-1.2874,-1.2872,0.568,0.5692,0.4874,0.4862,0.1852,0.1853,0.0664,0.0664,0.0159,0.0161,0.0013,0.0015,0
97,0,0,0.3646,0.3646,0.5031,0.5033,0.2641,0.2648,-1.022,-1.0221,1.7845,1.784,-0.6502,-0.6502,-1.3298,-1.3295,0.5507,0.551,0.504,0.5027,0.1998,0.1997,0.0757,0.0757,0.0217,0.0219,0.0051,0.0051,0
98,0,0,0.3406,0.3405,0.4719,0.4719,0.298,0.2985,-1.0203,-1.0205,1.7316,1.7315,-0.5736,-0.5736,-1.369,-1.3689,0.5311,0.5314,0.5195,0.5185,0.2137,0.2137,0.0847,0.0848,0.0274,0.0275,0.0088,0.0088,0
99,0,0,0.3187,0.3183,0.4436,0.4434,0.3303,0.3309,-1.019,-1.0193,1.6786,1.679,-0.4982,-0.4979,-1.4048,-1.4049,0.5098,0.51,0.5341,0.533,0.2271,0.227,0.0932,0.0935,0.0329,0.033,0.0124,0.0122,0
100,0,0,0.2988,0.2983,0.4187,0.4182,0.3612,0.3617,-1.0182,-1.0185,1.6254,1.6261,-0.4239,-0.4233,-1.4369,-1.4374,0.4867,0.487,0.5475,0.5464,0.2398,0.2396,0.1013,0.1016,0.0382,0.0382,0.0157,0.0155,0
101,0,0,0.2809,0.2804,0.3967,0.3961,0.3907,0.3909,-1.0178,-1.018,1.5723,1.5729,-0.3507,-0.3499,-1.4655,-1.4665,0.4619,0.4623,0.5595,0.5589,0.2519,0.2515,0.1088,0.1091,0.0431,0.0431,0.0187,0.0187,0
102,0,0,0.2648,0.2645,0.3772,0.3767,0.4188,0.4191,-1.0177,-1.0179,1.5192,1.5195,-0.2787,-0.2779,-1.4909,-1.492,0.4355,0.4361,0.5703,0.5708,0.2633,0.263,0.1158,0.1161,0.0478,0.0479,0.0216,0.0217,0
103,0,0,0.2504,0.2501,0.3601,0.3598,0.4457,0.4462,-1.0177,-1.0179,1.4657,1.4659,-0.208,-0.2075,-1.5132,-1.5141,0.4077,0.4083,0.5805,0.5817,0.2743,0.2744,0.1226,0.1228,0.0524,0.0525,0.0246,0.0246,0
104,0,0,0.2376,0.2371,0.345,0.345,0.4717,0.4721,-1.0176,-1.0179,1.4118,1.4124,-0.1386,-0.1385,-1.5328,-1.5333,0.3785,0.3787,0.5904,0.5918,0.2852,0.2856,0.1292,0.1294,0.0571,0.0571,0.0276,0.0274,0
105,0,0,0.2262,0.2257,0.3322,0.3323,0.4968,0.4969,-1.0178,-1.018,1.3579,1.3587,-0.0709,-0.0704,-1.5497,-1.5501,0.3478,0.3473,0.6004,0.6013,0.2962,0.2969,0.1358,0.1359,0.0616,0.0614,0.0305,0.0303,0
106,0,0,0.2161,0.2157,0.3212,0.3215,0.5211,0.5214,-1.0182,-1.0185,1.3046,1.3052,-0.0047,-0.0038,-1.5641,-1.5642,0.3158,0.3147,0.6101,0.6107,0.307,0.3078,0.1423,0.1422,0.0659,0.0656,0.0332,0.0331,0
107,0,0,0.207,0.2071,0.3116,0.3121,0.5447,0.5457,-1.0191,-1.0196,1.2519,1.2519,0.0601,0.0612,-1.576,-1.576,0.2824,0.281,0.6194,0.62,0.3176,0.3185,0.1485,0.1482,0.07,0.0696,0.0357,0.0357,0
108,0,0,0.1991,0.1994,0.3035,0.3038,0.5681,0.5692,-1.0201,-1.0205,1.1991,1.1988,0.1238,0.1245,-1.5856,-1.5857,0.2475,0.2467,0.6284,0.6289,0.3282,0.3288,0.1545,0.1543,0.0739,0.0737,0.0382,0.0382,0
109,0,0,0.1922,0.1926,0.2969,0.297,0.591,0.5917,-1.021,-1.0212,1.1459,1.1457,0.1861,0.1866,-1.5931,-1.5933,0.2115,0.2112,0.6373,0.6377,0.339,0.3392,0.1605,0.1604,0.0779,0.0778,0.0406,0.0406,0
110,0,0,0.1861,0.1865,0.2915,0.2916,0.6135,0.6135,-1.0217,-1.0218,1.0926,1.0926,0.2469,0.2475,-1.5987,-1.5992,0.1744,0.1746,0.6462,0.6463,0.3499,0.3497,0.1665,0.1665,0.0819,0.0819,0.0431,0.043,0
111,0,0,0.1808,0.181,0.287,0.2872,0.6355,0.6355,-1.0227,-1.0227,1.0399,1.0399,0.3062,0.307,-1.6026,-1.6033,0.1364,0.1368,0.6551,0.6549,0.3607,0.3604,0.1727,0.1726,0.0859,0.0859,0.0455,0.0455,0
112,0,0,0.176,0.1761,0.2833,0.2834,0.6574,0.6575,-1.0237,-1.0237,0.9876,0.9875,0.3643,0.3651,-1.6052,-1.6057,0.0976,0.0979,0.6639,0.6637,0.3716,0.3715,0.179,0.1789,0.0899,0.0899,0.048,0.048,0
113,0,0,0.1716,0.1718,0.2802,0.2801,0.6793,0.6793,-1.0248,-1.0247,0.9358,0.9354,0.4212,0.4218,-1.6065,-1.6068,0.0579,0.058,0.6728,0.6727,0.3828,0.3828,0.1854,0.1854,0.0939,0.0939,0.0505,0.0505,0
114,0,0,0.1676,0.1679,0.2774,0.2773,0.7012,0.701,-1.0259,-1.0257,0.884,0.8836,0.4769,0.4772,-1.6063,-1.6063,0.0172,0.017,0.682,0.6819,0.3943,0.3944,0.1922,0.192,0.098,0.098,0.053,0.053,0
115,0,0,0.1639,0.1643,0.2751,0.2753,0.723,0.7228,-1.0269,-1.0268,0.8324,0.8322,0.5314,0.5313,-1.6052,-1.6049,-0.0247,-0.025,0.6913,0.6912,0.4059,0.406,0.199,0.1988,0.1021,0.1022,0.0555,0.0554,0
116,0,0,0.1606,0.161,0.2734,0.2737,0.7448,0.7446,-1.0279,-1.0279,0.781,0.7812,0.5844,0.584,-1.602,-1.6017,-0.0676,-0.0678,0.7008,0.7007,0.4178,0.4177,0.2058,0.2058,0.1062,0.1063,0.058,0.0579,0
117,0,0,0.1576,0.1578,0.2723,0.2724,0.7666,0.7664,-1.0289,-1.029,0.7301,0.7303,0.6359,0.6356,-1.5975,-1.5972,-0.1114,-0.1117,0.7104,0.7103,0.43,0.4298,0.2129,0.213,0.1104,0.1104,0.0605,0.0604,0
118,0,0,0.1549,0.155,0.2714,0.2714,0.7886,0.7883,-1.0301,-1.03,0.6798,0.6797,0.6857,0.6857,-1.5912,-1.5909,-0.1562,-0.1566,0.7198,0.7198,0.4423,0.4421,0.2202,0.2203,0.1146,0.1145,0.063,0.063,0
119,0,0,0.1526,0.1526,0.2707,0.2708,0.8107,0.8103,-1.0314,-1.0312,0.6299,0.6295,0.7338,0.7342,-1.5827,-1.5825,-0.2019,-0.2024,0.7289,0.729,0.4547,0.4547,0.2276,0.2277,0.1187,0.1187,0.0655,0.0655,0
120,0,0,0.1508,0.1507,0.2704,0.2708,0.8328,0.8326,-1.0328,-1.0326,0.5803,0.5798,0.7802,0.7808,-1.5721,-1.5718,-0.2482,-0.2489,0.7377,0.7378,0.4671,0.4671,0.2351,0.2351,0.1229,0.1228,0.068,0.0679,0
121,0,0,0.1492,0.1491,0.2706,0.2709,0.8549,0.8548,-1.034,-1.0339,0.5307,0.5305,0.8251,0.8255,-1.5595,-1.5591,-0.2954,-0.2962,0.7463,0.7466,0.4797,0.4794,0.2427,0.2425,0.1271,0.1268,0.0704,0.0703,0
122,0,0,0.1479,0.1478,0.2715,0.2714,0.8769,0.8769,-1.035,-1.0351,0.4813,0.4817,0.8683,0.8682,-1.5449,-1.5444,-0.3435,-0.3443,0.7548,0.7551,0.4924,0.4918,0.2503,0.2498,0.1312,0.1309,0.0729,0.0727,0
123,0,0,0.1467,0.1467,0.2727,0.2723,0.899,0.899,-1.036,-1.0363,0.4325,0.4334,0.9094,0.909,-1.5281,-1.5275,-0.3924,-0.3932,0.7629,0.7633,0.5053,0.5045,0.2579,0.2574,0.1353,0.135,0.0752,0.0751,0
124,0,0,0.1462,0.1461,0.2742,0.2738,0.9213,0.9213,-1.0371,-1.0376,0.3843,0.3858,0.9479,0.9474,-1.5086,-1.5083,-0.4421,-0.4426,0.7704,0.7706,0.5183,0.5176,0.2655,0.2652,0.1393,0.139,0.0776,0.0775,0
125,0,0,0.1461,0.1459,0.2762,0.2761,0.9437,0.9438,-1.0385,-1.0392,0.3367,0.3389,0.9837,0.9834,-1.486,-1.4863,-0.4925,-0.4922,0.7772,0.7771,0.5313,0.5308,0.273,0.273,0.1432,0.1431,0.0799,0.0797,0
126,0,0,0.1466,0.1463,0.2788,0.2789,0.966,0.9663,-1.0399,-1.0407,0.2899,0.2923,1.0168,1.0165,-1.4604,-1.4612,-0.5432,-0.5423,0.7833,0.783,0.5441,0.5437,0.2804,0.2806,0.147,0.147,0.0821,0.0819,0
127,0,0,0.1473,0.147,0.2818,0.2821,0.9883,0.9884,-1.0413,-1.0419,0.2438,0.2458,1.0475,1.0472,-1.4323,-1.4331,-0.5943,-0.5932,0.789,0.7884,0.5568,0.5564,0.2876,0.2879,0.1507,0.1508,0.0841,0.0841,0
128,0,0,0.1481,0.1482,0.2852,0.2856,1.0108,1.0103,-1.0425,-1.0428,0.1981,0.1993,1.0762,1.0759,-1.4015,-1.4021,-0.6463,-0.6453,0.794,0.7932,0.5694,0.569,0.2949,0.2951,0.1543,0.1545,0.0861,0.0861,0
129,0,0,0.1489,0.1492,0.2891,0.2889,1.0327,1.0327,-1.0433,-1.0436,0.1519,0.1528,1.1038,1.1034,-1.3674,-1.3681,-0.6999,-0.6986,0.7978,0.7972,0.5818,0.5813,0.3022,0.3022,0.1579,0.1579,0.0879,0.0879,0
130,0,0,0.1504,0.1509,0.2944,0.2932,1.055,1.0549,-1.0446,-1.0447,0.1057,0.106,1.1298,1.1292,-1.3296,-1.3299,-0.7545,-0.7535,0.7985,0.7978,0.5937,0.5934,0.3098,0.3097,0.1621,0.1619,0.0904,0.0904,0
131,0,0,0.1538,0.1541,0.3017,0.2989,1.0781,1.0766,-1.047,-1.0462,0.0595,0.0586,1.1539,1.1534,-1.2879,-1.2872,-0.81,-0.8097,0.798,0.7964,0.6053,0.605,0.3177,0.3177,0.167,0.1667,0.0937,0.0938,0
132,0,0,0.1589,0.1594,0.3111,0.3059,1.1029,1.0963,-1.0508,-1.0477,0.0139,0.0104,1.1756,1.1758,-1.2424,-1.241,-0.8657,-0.866,0.7942,0.7916,0.6173,0.6165,0.3256,0.3261,0.1719,0.1718,0.0976,0.098,0
133,0,0,0.164,0.1659,0.3186,0.3131,1.1271,1.1163,-1.0532,-1.0487,-0.0321,-0.0375,1.1959,1.1965,-1.1943,-1.1939,-0.9223,-0.9214,0.7895,0.7871,0.6281,0.6269,0.3321,0.333,0.1758,0.176,0.1005,0.1017,0
134,0,0,0.1683,0.1727,0.3237,0.3202,1.1495,1.1372,-1.0542,-1.0494,-0.079,-0.084,1.2149,1.2154,-1.1447,-1.1465,-0.9789,-0.9758,0.7853,0.7836,0.6377,0.636,0.3374,0.3385,0.1789,0.1791,0.1024,0.1045,0
135,0,0,0.1716,0.1777,0.3264,0.3285,1.1679,1.1608,-1.0518,-1.0508,-0.1278,-0.1266,1.2323,1.2308,-1.0966,-1.0968,-1.0322,-1.0302,0.7819,0.7797,0.6461,0.6439,0.3424,0.3432,0.1816,0.1811,0.1035,0.1068,0
136,0,0,0.1749,0.1791,0.3297,0.336,1.1846,1.1847,-1.0477,-1.0509,-0.1756,-0.1683,1.2465,1.2447,-1.0511,-1.0461,-1.0799,-1.0839,0.7777,0.7749,0.6543,0.6521,0.3468,0.3475,0.1834,0.1823,0.1037,0.107,0
137,0,0,0.1786,0.1794,0.3341,0.3414,1.201,1.2073,-1.043,-1.0499,-0.2212,-0.2101,1.258,1.2575,-1.0081,-0.9962,-1.123,-1.1354,0.7729,0.7702,0.662,0.6605,0.3504,0.3513,0.1843,0.1831,0.1036,0.1058,0
138,0,0,0.1826,0.1809,0.3387,0.3427,1.2208,1.225,-1.0397,-1.0451,-0.2624,-0.2553,1.268,1.2707,-0.9656,-0.9524,-1.1658,-1.1812,0.7703,0.7688,0.6671,0.6674,0.3518,0.3533,0.184,0.1836,0.1028,0.1034,0
139,0,0,0.187,0.1843,0.3447,0.3446,1.2431,1.2414,-1.0379,-1.0404,-0.303,-0.2984,1.2782,1.2802,-0.925,-0.9143,-1.2076,-1.2199,0.7698,0.7684,0.6722,0.6727,0.3538,0.355,0.1839,0.1845,0.1026,0.1029,0
140,0,0,0.192,0.1903,0.3525,0.3485,1.2669,1.2579,-1.0369,-1.0374,-0.3434,-0.3383,1.2884,1.2865,-0.8877,-0.8813,-1.2468,-1.2524,0.7699,0.7683,0.6779,0.6772,0.3567,0.3568,0.1839,0.1861,0.1027,0.1033,0
141,0,0,0.1978,0.1963,0.3607,0.3566,1.2883,1.2784,-1.0358,-1.0364,-0.3824,-0.3753,1.2971,1.291,-0.8568,-0.8524,-1.2793,-1.2807,0.7709,0.7689,0.6851,0.6832,0.3605,0.3595,0.1844,0.1871,0.1027,0.1039,0
142,0,0,0.2039,0.2029,0.368,0.3656,1.3056,1.2982,-1.0334,-1.0342,-0.4191,-0.4125,1.303,1.297,-0.8335,-0.8304,-1.3047,-1.3048,0.7739,0.7714,0.6915,0.6899,0.3625,0.3618,0.1845,0.187,0.1021,0.1035,0
143,0,0,0.2102,0.2099,0.3741,0.374,1.3197,1.3156,-1.0282,-1.029,-0.4539,-0.4502,1.3073,1.3052,-0.8163,-0.8142,-1.3244,-1.3251,0.7803,0.7781,0.6968,0.6966,0.3633,0.3635,0.1842,0.1853,0.1001,0.1008,0
144,0,0,0.2168,0.2173,0.3799,0.381,1.3327,1.3289,-1.0213,-1.0217,-0.4891,-0.4869,1.3132,1.3126,-0.8044,-0.8029,-1.3399,-1.3408,0.7876,0.7856,0.702,0.7026,0.363,0.365,0.1832,0.1833,0.0983,0.0983,0
145,0,0,0.224,0.2243,0.386,0.3878,1.3467,1.3413,-1.0144,-1.0141,-0.5249,-0.5232,1.3205,1.3197,-0.7943,-0.7946,-1.3543,-1.3534,0.7947,0.793,0.7071,0.7087,0.3631,0.3662,0.1821,0.182,0.0972,0.0966,0
146,0,0,0.2314,0.2309,0.3924,0.3944,1.3618,1.3541,-1.0079,-1.0069,-0.5617,-0.5599,1.3298,1.3273,-0.785,-0.7886,-1.3681,-1.3638,0.8011,0.8001,0.7115,0.7147,0.3643,0.3671,0.181,0.1811,0.0964,0.0955,0
147,0,0,0.2382,0.2374,0.3998,0.4013,1.3755,1.3694,-1.0009,-1.0003,-0.6003,-0.5984,1.3402,1.3394,-0.7755,-0.7855,-1.3816,-1.3733,0.8074,0.809,0.7137,0.7194,0.3657,0.3664,0.1801,0.1804,0.0953,0.0938,0
148,0,0,0.2438,0.2438,0.4061,0.4082,1.3871,1.3854,-0.9929,-0.9928,-0.641,-0.6397,1.3539,1.3546,-0.772,-0.7834,-1.3893,-1.3806,0.8126,0.8174,0.7148,0.7201,0.3657,0.3649,0.1787,0.1793,0.0938,0.092,0
149,0,0,0.2485,0.2496,0.4109,0.4142,1.3973,1.4,-0.9834,-0.9836,-0.6838,-0.6837,1.3719,1.3723,-0.7711,-0.7819,-1.3926,-1.3855,0.8165,0.8231,0.7153,0.7196,0.3637,0.3626,0.1766,0.1775,0.0921,0.0905,0
150,0,0,0.2534,0.253,0.4144,0.4178,1.4088,1.4094,-0.9717,-0.9721,-0.7293,-0.7285,1.3926,1.3919,-0.7757,-0.7811,-1.3899,-1.3878,0.8187,0.8226,0.7156,0.7209,0.3613,0.3615,0.1749,0.176,0.0899,0.0896,0
151,0,0,0.2588,0.2559,0.4177,0.4192,1.4183,1.4142,-0.9576,-0.9581,-0.777,-0.7743,1.4158,1.4135,-0.782,-0.7821,-1.3889,-1.3879,0.8216,0.8214,0.7164,0.7216,0.3588,0.3605,0.1734,0.1746,0.0884,0.0885,0
152,0,0,0.2643,0.2589,0.4207,0.4198,1.424,1.4168,-0.9411,-0.9414,-0.8263,-0.8218,1.4415,1.4369,-0.7882,-0.7877,-1.389,-1.3862,0.8256,0.8197,0.7175,0.7217,0.3563,0.3594,0.172,0.173,0.0878,0.0873,0
153,0,0,0.2687,0.2645,0.4232,0.422,1.4238,1.4192,-0.9243,-0.9216,-0.8749,-0.8737,1.4699,1.4606,-0.7942,-0.7948,-1.3889,-1.3815,0.8301,0.8204,0.7166,0.7168,0.3528,0.3568,0.1702,0.1711,0.0882,0.0866,0
154,0,0,0.2699,0.2684,0.4235,0.4226,1.4228,1.4197,-0.9055,-0.9002,-0.9244,-0.927,1.4986,1.4859,-0.8013,-0.8023,-1.3867,-1.3753,0.8309,0.8216,0.7133,0.7108,0.3492,0.3538,0.1682,0.1694,0.0882,0.0866,0
155,0,0,0.2701,0.2703,0.4225,0.4226,1.4194,1.4197,-0.8841,-0.8776,-0.9755,-0.9806,1.5267,1.5135,-0.8102,-0.81,-1.3769,-1.3685,0.8295,0.8227,0.7059,0.7056,0.3458,0.3507,0.1662,0.1679,0.0871,0.0867,0
156,0,0,0.2689,0.269,0.4195,0.4201,1.4154,1.4164,-0.859,-0.8545,-1.03,-1.0337,1.5544,1.5456,-0.8205,-0.8194,-1.3661,-1.3623,0.8267,0.8237,0.6994,0.7009,0.3431,0.3473,0.1641,0.166,0.0852,0.0861,0
157,0,0,0.2668,0.267,0.417,0.4163,1.4098,1.4102,-0.8317,-0.8299,-1.0867,-1.0876,1.5842,1.5792,-0.8326,-0.8311,-1.3548,-1.3543,0.8243,0.8235,0.6943,0.6954,0.3415,0.3437,0.1632,0.1643,0.0848,0.0852,0
158,0,0,0.2639,0.2648,0.4154,0.4127,1.402,1.4016,-0.8029,-0.8035,-1.1446,-1.1423,1.6168,1.6131,-0.8475,-0.8462,-1.3432,-1.3431,0.8224,0.8225,0.6902,0.6895,0.3408,0.3404,0.1629,0.1633,0.0852,0.0845,0
159,0,0,0.2602,0.263,0.4145,0.4104,1.3913,1.3928,-0.7738,-0.776,-1.2018,-1.1964,1.6516,1.6454,-0.8667,-0.8671,-1.3298,-1.3284,0.8197,0.8233,0.6862,0.6852,0.3415,0.3392,0.1646,0.165,0.0883,0.088,0
160,0,0,0.2595,0.2627,0.413,0.4102,1.3797,1.3814,-0.7439,-0.7481,-1.257,-1.2487,1.6847,1.6784,-0.8915,-0.8942,-1.3134,-1.3113,0.8194,0.8259,0.6837,0.6827,0.3428,0.3395,0.168,0.1689,0.0928,0.095,0
161,0,0,0.2603,0.2628,0.4102,0.4106,1.3676,1.3663,-0.7136,-0.7193,-1.3093,-1.2994,1.7155,1.712,-0.9232,-0.9284,-1.2924,-1.2909,0.8214,0.8319,0.682,0.6813,0.3438,0.341,0.1719,0.1736,0.0971,0.1025,0
162,0,0,0.2605,0.2626,0.4073,0.4071,1.3543,1.3484,-0.6845,-0.6866,-1.3562,-1.3509,1.7451,1.7439,-0.9615,-0.9668,-1.264,-1.2624,0.8273,0.8371,0.6805,0.6802,0.3426,0.3404,0.1727,0.174,0.0987,0.1033,0
163,0,0,0.2594,0.2602,0.4023,0.3999,1.3367,1.3312,-0.6542,-0.6508,-1.3995,-1.4008,1.7763,1.7738,-1.0058,-1.0108,-1.2302,-1.2278,0.8364,0.8452,0.6771,0.6792,0.3399,0.3386,0.1717,0.1726,0.0983,0.1018,0
164,0,0,0.2555,0.2515,0.3941,0.39,1.3139,1.3149,-0.6213,-0.6138,-1.4408,-1.4471,1.8089,1.8021,-1.0562,-1.0602,-1.1922,-1.1892,0.8488,0.8585,0.6701,0.6779,0.3359,0.335,0.1671,0.167,0.0952,0.0953,0
165,0,0,0.2541,0.2418,0.3848,0.384,1.2901,1.2953,-0.5826,-0.5818,-1.4854,-1.4839,1.8395,1.831,-1.112,-1.1129,-1.1536,-1.1542,0.8676,0.8765,0.6629,0.6751,0.3329,0.3326,0.1639,0.1635,0.0919,0.0901,0
166,0,0,0.2515,0.2402,0.3782,0.3803,1.2694,1.2746,-0.5453,-0.552,-1.5271,-1.5169,1.8649,1.857,-1.1687,-1.1661,-1.1142,-1.1181,0.8883,0.8935,0.6613,0.6717,0.3305,0.3303,0.1626,0.1625,0.0913,0.0885,0
167,0,0,0.2463,0.2421,0.3736,0.3774,1.2522,1.2544,-0.5113,-0.5229,-1.5646,-1.5487,1.8862,1.8801,-1.2246,-1.2195,-1.0736,-1.0791,0.9081,0.9086,0.6612,0.668,0.3283,0.3279,0.162,0.1623,0.0916,0.0881,0
168,0,0,0.2388,0.2422,0.3674,0.3702,1.2374,1.2386,-0.4821,-0.4906,-1.5969,-1.5848,1.9071,1.9016,-1.2786,-1.2753,-1.0301,-1.0335,0.9233,0.9247,0.66,0.6642,0.3239,0.3242,0.1603,0.1606,0.0903,0.0872,0
169,0,0,0.2337,0.2404,0.3606,0.3616,1.2216,1.2227,-0.4526,-0.457,-1.6299,-1.6227,1.9287,1.9236,-1.3324,-1.3314,-0.9833,-0.984,0.9375,0.9398,0.6569,0.6595,0.3177,0.3189,0.1567,0.157,0.0867,0.0844,0
170,0,0,0.2307,0.2333,0.3535,0.3533,1.2039,1.2056,-0.4213,-0.4229,-1.6647,-1.6612,1.95,1.9457,-1.3854,-1.386,-0.9338,-0.9323,0.9511,0.953,0.6511,0.6536,0.3103,0.3118,0.1509,0.1511,0.0797,0.0784,0
171,0,0,0.2278,0.2288,0.3478,0.3471,1.1843,1.1858,-0.3882,-0.3896,-1.6989,-1.6967,1.9667,1.9652,-1.4346,-1.4356,-0.8837,-0.8819,0.963,0.962,0.6459,0.6474,0.3044,0.3048,0.1457,0.1459,0.0746,0.0742,0
172,0,0,0.2245,0.2248,0.3417,0.3409,1.165,1.1654,-0.3551,-0.3567,-1.731,-1.7292,1.9801,1.9801,-1.4795,-1.48,-0.8365,-0.8355,0.9725,0.9708,0.6407,0.6417,0.3004,0.3002,0.1426,0.1425,0.0723,0.0723,0
173,0,0,0.2206,0.221,0.3349,0.3345,1.1462,1.145,-0.3225,-0.3238,-1.7607,-1.7592,1.9911,1.9913,-1.5203,-1.5202,-0.7929,-0.7931,0.9804,0.9798,0.6358,0.6369,0.2976,0.2973,0.1411,0.1406,0.0714,0.0716,0
174,0,0,0.2164,0.2166,0.3277,0.328,1.1268,1.1246,-0.2902,-0.2904,-1.7887,-1.7877,2.001,1.9998,-1.5588,-1.5578,-0.752,-0.753,0.9871,0.9876,0.632,0.6336,0.296,0.2959,0.1405,0.1396,0.0707,0.0707,0
175,0.0002,0.0002,0.212,0.212,0.3205,0.3215,1.1068,1.1048,-0.2582,-0.2571,-1.815,-1.8154,2.0084,2.0071,-1.5958,-1.5938,-0.7114,-0.7134,0.9922,0.9926,0.6302,0.6311,0.2958,0.2959,0.1401,0.1391,0.0703,0.0705,0
176,0.0003,0.0003,0.2076,0.2076,0.3136,0.315,1.0865,1.0861,-0.2264,-0.2241,-1.8399,-1.8424,2.0137,2.0136,-1.6315,-1.6286,-0.6706,-0.6736,0.996,0.9952,0.63,0.6294,0.297,0.2971,0.1397,0.1387,0.07,0.0703,0
177,0.0004,0.0004,0.2036,0.2032,0.3067,0.3076,1.0677,1.0691,-0.195,-0.1918,-1.8642,-1.8687,2.0172,2.0189,-1.6656,-1.6629,-0.6299,-0.6333,0.9983,0.9968,0.6306,0.6285,0.2998,0.3002,0.1392,0.138,0.07,0.0703,0
178,0.0004,0.0004,0.1993,0.1987,0.2995,0.2995,1.0514,1.0533,-0.1635,-0.1607,-1.8892,-1.8942,2.0204,2.024,-1.6986,-1.6977,-0.5892,-0.5921,0.9984,0.9978,0.6316,0.631,0.3044,0.3052,0.1384,0.1373,0.0697,0.0702,0
179,0.0003,0.0003,0.1946,0.194,0.2919,0.2911,1.0378,1.039,-0.1318,-0.1306,-1.9154,-1.9193,2.0236,2.029,-1.731,-1.7328,-0.5487,-0.5502,0.9967,0.9981,0.6337,0.6359,0.3108,0.3121,0.1372,0.1364,0.0692,0.0699,0
180,0,0,0.1899,0.1895,0.2845,0.2833,1.0267,1.0265,-0.1004,-0.1012,-1.9429,-1.9443,2.0282,2.0332,-1.7637,-1.7676,-0.5094,-0.5082,0.9962,0.9971,0.6382,0.6425,0.319,0.3204,0.1352,0.1357,0.0688,0.0697,0
181,-0.0006,-0.0006,0.1857,0.1853,0.2774,0.2765,1.0168,1.0158,-0.0693,-0.0717,-1.9712,-1.9702,2.0338,2.0377,-1.7974,-1.8023,-0.4699,-0.4658,0.9959,0.9946,0.6462,0.6496,0.3294,0.3303,0.1339,0.1351,0.0688,0.0693,0
182,-0.0014,-0.0014,0.1817,0.1813,0.2707,0.2703,1.008,1.0071,-0.0385,-0.0417,-2.0005,-1.9982,2.0408,2.0434,-1.8327,-1.8378,-0.4296,-0.423,0.995,0.9911,0.6568,0.6575,0.3417,0.3419,0.1328,0.1344,0.0693,0.0688,0
183,-0.0026,-0.0026,0.1774,0.1774,0.2641,0.2637,1.0007,1.0001,-0.0072,-0.01,-2.0326,-2.0312,2.0504,2.0537,-1.8705,-1.8758,-0.3864,-0.3801,0.9916,0.9886,0.6695,0.6683,0.3558,0.3555,0.1332,0.134,0.0693,0.0681,0
184,-0.0041,-0.0041,0.173,0.1734,0.2569,0.2566,0.9964,0.9958,0.0245,0.0226,-2.0684,-2.0681,2.0634,2.0671,-1.9114,-1.9159,-0.3422,-0.3377,0.9889,0.9876,0.6836,0.6808,0.3717,0.371,0.1338,0.1338,0.0686,0.0675,0
185,-0.006,-0.006,0.1686,0.1691,0.2489,0.2491,0.9952,0.9943,0.0568,0.0559,-2.1082,-2.1085,2.0808,2.0835,-1.9557,-1.9584,-0.2975,-0.2956,0.9881,0.9888,0.6988,0.6962,0.3895,0.389,0.134,0.1335,0.0677,0.0673,0
186,-0.0084,-0.0084,0.1639,0.1643,0.2405,0.2417,0.9964,0.9961,0.0905,0.0892,-2.1518,-2.1513,2.1019,2.1031,-2.0035,-2.0045,-0.2526,-0.2522,0.9902,0.9904,0.7157,0.7139,0.4094,0.4095,0.1334,0.133,0.0672,0.0672,0
187,-0.0113,-0.0113,0.1605,0.1606,0.2339,0.2355,1.0002,1.0007,0.125,0.1236,-2.1998,-2.1987,2.1267,2.1264,-2.0546,-2.0546,-0.2087,-0.2082,0.9948,0.9937,0.7353,0.7349,0.4319,0.4323,0.1331,0.1329,0.0676,0.0681,0
188,-0.0147,-0.0147,0.1579,0.1578,0.2288,0.2303,1.0067,1.0081,0.1601,0.1591,-2.2523,-2.2508,2.1553,2.1536,-2.1087,-2.1086,-0.1658,-0.1639,1.0021,0.9992,0.7585,0.7596,0.4574,0.457,0.1335,0.1334,0.0699,0.0709,0
189,-0.0187,-0.0187,0.1564,0.1557,0.2246,0.2258,1.0164,1.0189,0.1957,0.1955,-2.3086,-2.3061,2.1875,2.1826,-2.1662,-2.1649,-0.123,-0.1195,1.0115,1.007,0.7852,0.7875,0.4854,0.484,0.1348,0.135,0.0726,0.0737,0
190,-0.0233,-0.0233,0.1553,0.1541,0.2213,0.2219,1.0307,1.0311,0.2311,0.2332,-2.366,-2.3637,2.2215,2.2142,-2.2271,-2.225,-0.078,-0.0734,1.0207,1.0158,0.8149,0.8182,0.5156,0.514,0.1375,0.1378,0.0751,0.0755,0
191,-0.0286,-0.0286,0.1538,0.1531,0.219,0.2183,1.0488,1.0441,0.2666,0.2724,-2.4238,-2.4234,2.2565,2.2486,-2.2904,-2.2886,-0.0306,-0.025,1.0295,1.0258,0.8471,0.8512,0.5475,0.5467,0.1415,0.1414,0.077,0.0765,0
192,-0.0345,-0.0345,0.15,0.1502,0.2165,0.2148,1.0687,1.057,0.3042,0.3141,-2.4828,-2.4868,2.2907,2.2867,-2.3525,-2.3547,0.017,0.0249,1.0394,1.0398,0.8811,0.8849,0.5793,0.5802,0.1446,0.1441,0.079,0.0784,0
193,-0.0411,-0.0411,0.1442,0.1451,0.2123,0.2103,1.0864,1.0734,0.3459,0.3565,-2.5438,-2.5488,2.3248,2.3226,-2.4125,-2.4161,0.0655,0.0734,1.0524,1.056,0.9154,0.917,0.6117,0.6138,0.1449,0.1448,0.0782,0.079,0
194,-0.0485,-0.0485,0.1357,0.1346,0.2054,0.2025,1.1039,1.0919,0.3916,0.3986,-2.6057,-2.6072,2.3585,2.3547,-2.4701,-2.4715,0.115,0.1206,1.0685,1.0727,0.9498,0.9479,0.6454,0.6479,0.1438,0.1442,0.0763,0.0786,0
195,-0.0566,-0.0566,0.1287,0.1252,0.1975,0.1931,1.1229,1.1137,0.4365,0.439,-2.6631,-2.6589,2.3896,2.3809,-2.526,-2.5221,0.1667,0.1687,1.0849,1.0852,0.984,0.9803,0.6825,0.6849,0.143,0.143,0.0734,0.0775,0
196,-0.0656,-0.0656,0.1223,0.1202,0.1924,0.1852,1.1442,1.1382,0.4785,0.478,-2.7119,-2.7058,2.4129,2.4043,-2.5756,-2.57,0.2172,0.2163,1.0991,1.098,1.0195,1.0152,0.7216,0.7251,0.1428,0.1425,0.0723,0.0764,0
197,-0.0753,-0.0753,0.1165,0.1168,0.1881,0.1793,1.1677,1.1644,0.5175,0.516,-2.752,-2.7478,2.4288,2.4242,-2.6179,-2.614,0.2655,0.2627,1.1114,1.112,1.0559,1.0522,0.7617,0.7681,0.1432,0.1436,0.0745,0.0756,0
198,-0.086,-0.086,0.1116,0.1124,0.1851,0.1757,1.1901,1.1924,0.5541,0.5542,-2.7849,-2.7839,2.4397,2.4375,-2.6531,-2.6492,0.3113,0.3061,1.1245,1.1265,1.093,1.0885,0.8026,0.8114,0.1443,0.1457,0.0779,0.0759,0
199,-0.0974,-0.0974,0.1075,0.1063,0.1799,0.1714,1.2123,1.2198,0.5903,0.5913,-2.8113,-2.811,2.4466,2.4429,-2.6812,-2.6757,0.3556,0.3496,1.1378,1.1381,1.1291,1.1245,0.8437,0.8513,0.145,0.1459,0.0796,0.0772,0
200,-0.1098,-0.1098,0.1035,0.098,0.1701,0.166,1.235,1.2459,0.6262,0.6269,-2.8302,-2.8286,2.4477,2.4417,-2.701,-2.6937,0.3988,0.3934,1.1505,1.1471,1.1633,1.16,0.884,0.8884,0.1446,0.1444,0.0796,0.0788,0
201,-0.1232,-0.1232,0.0962,0.0909,0.16,0.1594,1.2594,1.2676,0.6621,0.6593,-2.8396,-2.8363,2.438,2.4338,-2.7092,-2.7043,0.4405,0.4363,1.1599,1.1568,1.1951,1.1946,0.9222,0.9233,0.1426,0.1419,0.0787,0.0786,0
202,-0.1374,-0.1374,0.0872,0.0839,0.152,0.1525,1.2845,1.2886,0.6941,0.69,-2.835,-2.8323,2.4247,2.4236,-2.7062,-2.7037,0.4811,0.4777,1.1654,1.1637,1.2234,1.2237,0.9594,0.9594,0.14,0.1393,0.0773,0.0773,0
203,-0.1528,-0.1528,0.0775,0.0768,0.1455,0.1458,1.3085,1.3087,0.7225,0.7197,-2.8219,-2.8203,2.4022,2.4025,-2.6952,-2.6941,0.5206,0.5178,1.1683,1.1677,1.2515,1.2522,0.9969,0.9967,0.1371,0.1365,0.0757,0.0756,0
204,-0.1691,-0.1691,0.069,0.0687,0.139,0.1397,1.3314,1.3304,0.7473,0.7471,-2.7986,-2.7981,2.3761,2.3759,-2.6748,-2.6736,0.5575,0.556,1.1688,1.1671,1.279,1.279,1.0355,1.0358,0.1343,0.1335,0.0739,0.0743,0
205,-0.1864,-0.1864,0.0608,0.0603,0.1324,0.1335,1.3539,1.3524,0.771,0.7732,-2.7711,-2.7714,2.3477,2.3457,-2.6509,-2.6491,0.5925,0.5926,1.1672,1.1651,1.306,1.3052,1.0754,1.0757,0.1312,0.1303,0.0721,0.0731,0
206,-0.2049,-0.2049,0.0529,0.0518,0.1256,0.1272,1.3765,1.3746,0.7947,0.7985,-2.7397,-2.7393,2.3188,2.3144,-2.6213,-2.6185,0.6266,0.6282,1.1661,1.1634,1.3328,1.3315,1.1166,1.1166,0.1276,0.1266,0.0703,0.0718,0
207,-0.2245,-0.2245,0.0446,0.0434,0.1184,0.1203,1.3997,1.3978,0.8205,0.8243,-2.7101,-2.709,2.2928,2.2871,-2.5928,-2.5897,0.6618,0.6645,1.1657,1.1634,1.3602,1.3583,1.1589,1.1584,0.1235,0.1222,0.069,0.0699,0
208,-0.2452,-0.2452,0.0364,0.036,0.1118,0.1135,1.4253,1.424,0.849,0.8514,-2.6854,-2.6844,2.2715,2.2676,-2.5679,-2.5676,0.6981,0.7027,1.1679,1.1665,1.3904,1.3893,1.2026,1.2023,0.1195,0.118,0.0684,0.0684,0
209,-0.2672,-0.2672,0.0287,0.0297,0.1059,0.1068,1.4541,1.4538,0.8804,0.8807,-2.6679,-2.6674,2.2568,2.2564,-2.5496,-2.5524,0.7365,0.7431,1.1731,1.1724,1.4246,1.4253,1.2478,1.2484,0.116,0.1146,0.0681,0.0676,0
210,-0.2904,-0.2904,0.0219,0.0238,0.1008,0.0998,1.486,1.4883,0.9139,0.9152,-2.6606,-2.6622,2.2502,2.2529,-2.5426,-2.5462,0.7793,0.7848,1.1831,1.183,1.4633,1.4668,1.2959,1.298,0.1137,0.1128,0.0666,0.0676,0
211,-0.315,-0.315,0.016,0.0186,0.0954,0.0933,1.5228,1.5268,0.9516,0.9547,-2.6597,-2.6648,2.2588,2.2623,-2.5425,-2.5469,0.826,0.8283,1.1985,1.1994,1.5077,1.5121,1.3471,1.3509,0.1122,0.1115,0.064,0.0669,0
212,-0.3409,-0.3409,0.011,0.0143,0.0896,0.0877,1.5648,1.5694,0.9951,0.9997,-2.6772,-2.6837,2.2744,2.2788,-2.5594,-2.5617,0.8767,0.8747,1.2223,1.2243,1.5599,1.5643,1.4036,1.4069,0.1112,0.11,0.0609,0.0654,0
213,-0.3682,-0.3682,0.0077,0.011,0.0838,0.0834,1.614,1.6167,1.046,1.0497,-2.7102,-2.7154,2.3051,2.3086,-2.5897,-2.5908,0.9308,0.9278,1.2552,1.2572,1.62,1.6224,1.4639,1.4656,0.109,0.1076,0.0592,0.0634,0
214,-0.397,-0.397,0.006,0.0082,0.0783,0.079,1.6672,1.6676,1.104,1.1062,-2.7583,-2.7612,2.3483,2.3501,-2.6342,-2.6343,0.9904,0.9878,1.2965,1.298,1.686,1.6864,1.5276,1.5278,0.107,0.1059,0.0587,0.0618,0
215,-0.4274,-0.4274,0.0052,0.0061,0.0732,0.074,1.7262,1.7259,1.1698,1.1706,-2.8237,-2.8246,2.4056,2.4059,-2.6954,-2.695,1.0567,1.0552,1.3466,1.3474,1.758,1.758,1.5955,1.5951,0.1059,0.1055,0.06,0.0611,0
216,-0.4594,-0.4594,0.0045,0.0047,0.0683,0.0687,1.7899,1.7899,1.2431,1.2434,-2.9042,-2.9044,2.4743,2.4743,-2.7711,-2.7707,1.1297,1.1289,1.4049,1.4054,1.8371,1.8372,1.6676,1.6673,0.1064,0.1063,0.0613,0.0613,0
217,-0.4931,-0.4931,0.0044,0.0043,0.0633,0.0637,1.8594,1.8597,1.3234,1.3237,-2.9986,-2.9987,2.5538,2.5536,-2.8602,-2.8599,1.2087,1.2082,1.4715,1.4719,1.9239,1.9241,1.7444,1.7443,0.1079,0.108,0.0625,0.0621,0
218,-0.5286,-0.5286,0.0051,0.0046,0.0586,0.0593,1.9357,1.9358,1.4105,1.4117,-3.1069,-3.1074,2.644,2.6436,-2.9628,-2.9623,1.2937,1.2933,1.5468,1.5474,2.019,2.019,1.8266,1.8266,0.1102,0.1106,0.0638,0.0635,0
219,-0.5661,-0.5661,0.007,0.0065,0.0553,0.0553,2.0179,2.019,1.5034,1.5055,-3.2257,-3.2274,2.7424,2.7428,-3.0754,-3.0756,1.3833,1.3834,1.63,1.6305,2.1211,2.121,1.9142,1.9154,0.1133,0.1149,0.0655,0.0651,0
220,-0.6057,-0.6057,0.0097,0.0097,0.0529,0.052,2.1046,2.1064,1.6008,1.6036,-3.3506,-3.353,2.8457,2.8465,-3.1935,-3.1944,1.4767,1.4776,1.7178,1.7191,2.2289,2.2277,2.0068,2.0089,0.1168,0.1191,0.0679,0.0675,0
221,-0.6475,-0.6475,0.013,0.0139,0.052,0.0493,2.1955,2.1976,1.7017,1.7051,-3.4782,-3.4806,2.9524,2.9528,-3.3142,-3.3153,1.5736,1.5752,1.8089,1.8118,2.3417,2.3382,2.1044,2.1064,0.1202,0.1223,0.0706,0.0707,0
222,-0.6916,-0.6916,0.0162,0.0164,0.049,0.0465,2.2906,2.2917,1.8031,1.808,-3.6026,-3.6043,3.0592,3.0577,-3.4328,-3.4323,1.6738,1.6749,1.9007,1.9056,2.4553,2.4507,2.2047,2.2042,0.1229,0.1231,0.0728,0.0732,0
223,-0.7381,-0.7381,0.0177,0.0183,0.0451,0.0432,2.3888,2.3909,1.9031,1.9085,-3.7175,-3.7187,3.1612,3.1585,-3.5425,-3.5409,1.7742,1.775,1.9931,1.9973,2.5674,2.5636,2.3054,2.3036,0.1241,0.1232,0.073,0.0738,0
224,-0.7873,-0.7873,0.0183,0.0201,0.0398,0.0395,2.4933,2.4979,2.0012,2.006,-3.8241,-3.8253,3.2602,3.2575,-3.6443,-3.6427,1.8738,1.8753,2.0852,2.0865,2.6811,2.6793,2.4102,2.4086,0.1239,0.1231,0.0718,0.0729,0
225,-0.8397,-0.8397,0.0192,0.0234,0.036,0.0364,2.6032,2.6078,2.0967,2.101,-3.9203,-3.9216,3.3541,3.3522,-3.7354,-3.7351,1.9713,1.9749,2.1747,2.1741,2.7972,2.7955,2.5199,2.52,0.1229,0.1231,0.0707,0.0722,0
226,-0.8949,-0.8949,0.0207,0.0256,0.0327,0.0337,2.7163,2.7184,2.1892,2.1941,-4.0051,-4.0067,3.4435,3.4419,-3.8155,-3.8164,2.0675,2.0732,2.26,2.2599,2.9128,2.9106,2.6345,2.6353,0.1207,0.121,0.0696,0.0709,0
227,-0.9517,-0.9517,0.0222,0.0259,0.0298,0.031,2.7994,2.7994,2.2901,2.2954,-4.0798,-4.0815,3.531,3.5296,-3.8872,-3.8886,2.1736,2.1802,2.3532,2.3542,2.9944,2.9922,2.7219,2.7224,0.1166,0.1166,0.0677,0.0686,0
228,-1.0015,-1.0015,0.023,0.0254,0.0272,0.0281,2.7657,2.7655,2.4247,2.4293,-4.1529,-4.1543,3.6217,3.6206,-3.9631,-3.9647,2.3138,2.3201,2.4802,2.4814,2.9571,2.9557,2.6939,2.694,0.1113,0.1112,0.0649,0.0654,0
229,-1.0429,-1.0429,0.0231,0.0243,0.0249,0.0252,2.5913,2.5921,2.5992,2.6022,-4.2222,-4.2233,3.7151,3.7145,-4.0426,-4.044,2.4946,2.4993,2.6477,2.6482,2.7765,2.776,2.5258,2.5257,0.1047,0.105,0.0611,0.0615,0
230,-1.0852,-1.0852,0.0227,0.0232,0.0225,0.0223,2.386,2.3872,2.7836,2.7847,-4.2861,-4.2867,3.8089,3.8089,-4.1183,-4.1195,2.686,2.6889,2.8253,2.8254,2.5621,2.5621,2.3263,2.3264,0.0973,0.0978,0.0566,0.0568,0
231,-1.132,-1.132,0.0217,0.0217,0.0199,0.0196,2.192,2.1929,2.9669,2.967,-4.3452,-4.3455,3.9041,3.9044,-4.1892,-4.1901,2.8777,2.8791,3.0026,3.0025,2.3564,2.3564,2.1379,2.1381,0.0891,0.0895,0.0515,0.0517,0
232,-1.1798,-1.1798,0.0201,0.02,0.0172,0.0171,1.9623,1.9627,3.1647,3.1647,-4.4047,-4.4048,4.005,4.0052,-4.2627,-4.2631,3.0847,3.0854,3.1947,3.1947,2.1125,2.1126,1.9138,1.914,0.08,0.0802,0.0461,0.0462,0
233,-1.2318,-1.2318,0.0182,0.0181,0.0147,0.0148,1.7321,1.7322,3.3707,3.3711,-4.4713,-4.4713,4.1155,4.1153,-4.3434,-4.3433,3.3005,3.3009,3.396,3.396,1.8664,1.8666,1.6895,1.6896,0.0707,0.0707,0.0406,0.0406,0
234,-1.289,-1.289,0.0162,0.0161,0.0125,0.0128,1.5114,1.5112,3.5853,3.5862,-4.548,-4.5483,4.2374,4.2372,-4.4336,-4.4333,3.5252,3.525,3.6064,3.6064,1.6285,1.6289,1.4745,1.4746,0.0613,0.0613,0.0351,0.0352,0
235,-1.3468,-1.3468,0.0142,0.0141,0.0106,0.0108,1.2395,1.2391,3.8277,3.829,-4.6382,-4.6391,4.3733,4.3734,-4.5398,-4.5394,3.7776,3.7764,3.8446,3.8447,1.3394,1.3397,1.2085,1.2084,0.0521,0.0522,0.0297,0.0298,0
236,-1.4025,-1.4025,0.0122,0.0121,0.0089,0.0088,0.883,0.8823,4.109,4.1105,-4.7465,-4.7475,4.5259,4.5262,-4.6682,-4.6672,4.0684,4.0658,4.1221,4.1222,0.9659,0.9661,0.8574,0.8572,0.0433,0.0436,0.0245,0.0244,0
237,-1.4651,-1.4651,0.0103,0.0101,0.0075,0.0071,0.5479,0.5473,4.4007,4.4019,-4.8715,-4.8719,4.6925,4.6921,-4.8117,-4.8098,4.3685,4.3651,4.4107,4.4106,0.6151,0.615,0.5274,0.5272,0.0351,0.0354,0.0196,0.0193,0
238,-1.537,-1.537,0.0086,0.0082,0.0061,0.0057,0.2606,0.2604,4.6976,4.6984,-5.0145,-5.0142,4.8733,4.8722,-4.9703,-4.9679,4.6724,4.6691,4.7052,4.7048,0.3134,0.3135,0.245,0.2445,0.0277,0.0278,0.0153,0.0148,0
239,-1.6311,-1.6311,0.0069,0.0064,0.0047,0.0045,0.1597,0.1599,4.9668,4.9673,-5.1788,-5.1785,5.0709,5.0698,-5.1402,-5.1381,4.9476,4.9448,4.9727,4.9718,0.1995,0.2001,0.1483,0.1476,0.0211,0.0209,0.0117,0.0112,0
240,-1.7519,-1.7519,0.0054,0.0046,0.0034,0.0035,0.3131,0.3136,5.1828,5.1832,-5.3511,-5.3515,5.2713,5.2712,-5.3044,-5.3033,5.1685,5.1665,5.1868,5.1859,0.3418,0.3427,0.305,0.3043,0.0153,0.0151,0.0086,0.0082,0
241,-1.8695,-1.8695,0.0041,0.0031,0.0024,0.0025,0.4369,0.4373,5.3966,5.3966,-5.4989,-5.4995,5.442,5.4426,-5.4453,-5.4453,5.3863,5.3855,5.3986,5.3982,0.4565,0.4572,0.431,0.4306,0.0103,0.0105,0.0059,0.0057,0
242,-1.9915,-1.9915,0.0029,0.0018,0.0016,0.0017,0.6511,0.6513,5.5645,5.564,-5.6062,-5.6064,5.5684,5.5691,-5.541,-5.5419,5.5577,5.5584,5.5646,5.5651,0.6632,0.6635,0.6467,0.6468,0.0061,0.0068,0.0036,0.0035,0
243,-2.1212,-2.1212,0.0019,0.0011,0.0011,0.0012,1.3457,1.3455,5.4466,5.4452,-5.4705,-5.4698,5.4461,5.4465,-5.3693,-5.3706,5.442,5.4438,5.4457,5.4464,1.3525,1.3528,1.3425,1.3427,0.0034,0.0043,0.0021,0.002,0
244,-2.2099,-2.2099,0.0011,0.0006,0.0007,0.0008,2.8361,2.8359,4.6405,4.6392,-4.6524,-4.6515,4.6377,4.6378,-4.476,-4.4771,4.6377,4.6394,4.6394,4.6399,2.8395,2.8397,2.8341,2.8343,0.0017,0.0024,0.0011,0.001,0
245,-1.326,-1.326,0.0007,0.0004,0.0004,0.0005,1.7017,1.7015,3.0455,3.0447,-2.836,-2.8355,2.2097,2.2098,-2.6557,-2.6563,3.0049,3.0058,2.9066,2.9069,1.7037,1.7038,1.7005,1.7006,0.001,0.0014,0.0006,0.0006,0
246,-0.663,-0.663,0.0003,0.0002,0.0002,0.0002,0.8508,0.8508,1.8492,1.8488,-1.4737,-1.4734,0.3887,0.3887,-1.2904,-1.2907,1.7802,1.7807,1.6069,1.6071,0.8518,0.8519,0.8502,0.8503,0.0005,0.0007,0.0003,0.0003,0
247,-0.221,-0.221,0.0001,0.0001,0.0001,0.0001,0.2836,0.2836,1.0517,1.0516,-0.5655,-0.5654,-0.8253,-0.8253,-0.3803,-0.3804,0.9638,0.9639,0.7405,0.7405,0.2839,0.284,0.2834,0.2834,0.0002,0.0002,0.0001,0.0001,0
248,0,0,0,0,0,0,0,0,0.6529,0.653,-0.1114,-0.1114,-1.4323,-1.4323,0.0748,0.0748,0.5555,0.5555,0.3073,0.3073,0,0,0,0,0,0,0,0,0
