position,bga_05,bga_06,bga_07,bga_08,bga_09,bga_10,bga_11,bga_12,bga_13,bga_14,bga_15,bga_16,bga_17,bga_18,bga_19,bga_20,bga_21,bga_22,bga_23,bga_24,bga_25,bga_26,bga_27,bga_28,bga_29,bga_30,bga_31,bga_32,bga_33,bga_34,bga_35,bga_36,bga_37,bga_38,bga_39,bga_40,bga_41,bga_42,bga_43,bga_44,bga_45,bga_46,bga_47,bga_48,bga_49,bga_50,bga_00
-51,0.081707,-0.081707,0.385048,-0.385048,0.390222,-0.390222,0.06553,-0.065529,0.007641,-0.007645,0.003121,-0.003124,0,0,0,0,0,0,0,0,0,0,0,0,0,0,0,0,0,0,0,0,0,0,0,0,0,0,0,0,0,0,0,0,0,0,0
-47.69,0.079999,-0.079982,0.380461,-0.38048,0.395244,-0.395223,0.06525,-0.065295,0.007659,-0.007656,0.003144,-0.003129,0,0,0,0,0,0,0,0,0,0,0,0,0,0,0,0,0,0,0,0,0,0,0,0,0,0,0,0,0,0,0,0,0,0,0
-44.38,0.077543,-0.07755,0.373949,-0.373946,0.401775,-0.401782,0.065122,-0.06512,0.007706,-0.007689,0.003194,-0.003167,0,0,0,0,0,0,0,0,0,0,0,0,0,0,0,0,0,0,0,0,0,0,0,0,0,0,0,0,0,0,0,0,0,0,0
-41.06,0.075595,-0.075532,0.368197,-0.368232,0.407081,-0.407064,0.065102,-0.065091,0.007778,-0.007964,0.00332,-0.003231,0,0,0,0,0,0,0,0,0,0,0,0,0,0,0,0,0,0,0,0,0,0,0,0,0,0,0,0,0,0,0,0,0,0,0
-37.75,0.073612,-0.073617,0.362226,-0.362222,0.41208,-0.412083,0.066172,-0.066174,0.007846,-0.007815,0.003209,-0.003219,0,0,0,0,0,0,0,0,0,0,0,0,0,0,0,0,0,0,0,0,0,0,0,0,0,0,0,0,0,0,0,0,0,0,0
-34.44,0.070733,-0.07079,0.352567,-0.352518,0.419353,-0.419387,0.06817,-0.068112,0.008038,-0.008025,0.003299,-0.003304,0,0,0,0,0,0,0,0,0,0,0,0,0,0,0,0,0,0,0,0,0,0,0,0,0,0,0,0,0,0,0,0,0,0,0
-31.12,0.068399,-0.068389,0.343672,-0.343682,0.425337,-0.425339,0.070572,-0.070582,0.008259,-0.008232,0.003377,-0.003354,0,0,0,0,0,0,0,0,0,0,0,0,0,0,0,0,0,0,0,0,0,0,0,0,0,0,0,0,0,0,0,0,0,0,0
-27.81,0.065813,-0.065803,0.333272,-0.333283,0.431646,-0.431642,0.073974,-0.073993,0.008553,-0.008522,0.003472,-0.003445,0,0,0,0,0,0,0,0,0,0,0,0,0,0,0,0,0,0,0,0,0,0,0,0,0,0,0,0,0,0,0,0,0,0,0
-24.5,0.062464,-0.062461,0.318821,-0.318824,0.439412,-0.439408,0.079315,-0.079328,0.00898,-0.008952,0.003601,-0.003576,0,0,0,0,0,0,0,0,0,0,0,0,0,0,0,0,0,0,0,0,0,0,0,0,0,0,0,0,0,0,0,0,0,0,0
-21.19,0.058387,-0.059024,0.301549,-0.301048,0.447693,-0.447865,0.086274,-0.085968,0.00954,-0.009419,0.003786,-0.003724,0,0,0,0,0,0,0,0,0,0,0,0,0,0,0,0,0,0,0,0,0,0,0,0,0,0,0,0,0,0,0,0,0,0,0
-17.88,0.054996,-0.055321,0.285432,-0.285363,0.454559,-0.454065,0.093228,-0.093641,0.0101,-0.010235,0.00399,-0.003941,0,0,0,0,0,0,0,0,0,0,0,0,0,0,0,0,0,0,0,0,0,0,0,0,0,0,0,0,0,0,0,0,0,0,0
-14.56,0.051537,-0.051422,0.26687,-0.266986,0.461178,-0.461086,0.101804,-0.101925,0.010815,-0.010776,0.004139,-0.004156,0,0,0,0,0,0,0,0,0,0,0,0,0,0,0,0,0,0,0,0,0,0,0,0,0,0,0,0,0,0,0,0,0,0,0
-11.25,0.046865,-0.046508,0.241083,-0.241337,0.46943,-0.469411,0.114072,-0.114201,0.011875,-0.011781,0.004461,-0.004368,0,0,0,0,0,0,0,0,0,0,0,0,0,0,0,0,0,0,0,0,0,0,0,0,0,0,0,0,0,0,0,0,0,0,0
-7.94,0.042707,-0.042715,0.221387,-0.221378,0.474821,-0.474822,0.124047,-0.124051,0.012834,-0.012816,0.004778,-0.004739,0,0,0,0,0,0,0,0,0,0,0,0,0,0,0,0,0,0,0,0,0,0,0,0,0,0,0,0,0,0,0,0,0,0,0
-4.62,0.038969,-0.038965,0.201875,-0.201875,0.479284,-0.479294,0.134707,-0.134717,0.013926,-0.013878,0.005169,-0.005124,0,0,0,0,0,0,0,0,0,0,0,0,0,0,0,0,0,0,0,0,0,0,0,0,0,0,0,0,0,0,0,0,0,0,0
-1.31,0.034309,-0.034616,0.177177,-0.177,0.4838,-0.483747,0.149777,-0.149736,0.015525,-0.015608,0.005755,-0.005755,0,0,0,0,0,0,0,0,0,0,0,0,0,0,0,0,0,0,0,0,0,0,0,0,0,0,0,0,0,0,0,0,0,0,0
2,0.031302,-0.031302,0.160335,-0.160332,0.485676,-0.485684,0.161721,-0.161718,0.016997,-0.016996,0.006228,-0.006227,0,0,0,0,0,0,0,0,0,0,0,0,0,0,0,0,0,0,0,0,0,0,0,0,0,0,0,0,0,0,0,0,0,0,0
8.5,0.025648,-0.025791,0.127391,-0.128152,0.486964,-0.485846,0.190171,-0.190806,0.021124,-0.020834,0.007698,-0.007729,0,0,0,0,0,0,0,0,0,0,0,0,0,0,0,0,0,0,0,0,0,0,0,0,0,0,0,0,0,0,0,0,0,0,0
15,0.021569,-0.022153,0.107051,-0.106468,0.483679,-0.483884,0.215976,-0.215679,0.024508,-0.024959,0.009027,-0.009054,0,0,0,0,0,0,0,0,0,0,0,0,0,0,0,0,0,0,0,0,0,0,0,0,0,0,0,0,0,0,0,0,0,0,0
21.5,0.020477,-0.01943,0.089986,-0.091087,0.47478,-0.474524,0.249762,-0.250651,0.030775,-0.029259,0.012245,-0.010292,0,0,0,0,0,0,0,0,0,0,0,0,0,0,0,0,0,0,0,0,0,0,0,0,0,0,0,0,0,0,0,0,0,0,0
28,0.018009,-0.018009,0.080756,-0.080764,0.465891,-0.465884,0.277422,-0.277423,0.034004,-0.033998,0.012396,-0.012413,0,0,0,0,0,0,0,0,0,0,0,0,0,0,0,0,0,0,0,0,0,0,0,0,0,0,0,0,0,0,0,0,0,0,0
34.5,0.016975,-0.017101,0.073718,-0.073886,0.450995,-0.450813,0.310477,-0.310486,0.038876,-0.038912,0.013958,-0.013948,0,0,0,0,0,0,0,0,0,0,0,0,0,0,0,0,0,0,0,0,0,0,0,0,0,0,0,0,0,0,0,0,0,0,0
41,0.016552,-0.016712,0.070244,-0.070435,0.435084,-0.434885,0.338879,-0.338868,0.042898,-0.04295,0.015124,-0.015146,0,0,0,0,0,0,0,0,0,0,0,0,0,0,0,0,0,0,0,0,0,0,0,0,0,0,0,0,0,0,0,0,0,0,0
47.5,0.016175,-0.01619,0.067372,-0.067361,0.41276,-0.41276,0.369928,-0.369923,0.0469,-0.04692,0.015948,-0.015912,0,0,0,0,0,0,0,0,0,0,0,0,0,0,0,0,0,0,0,0,0,0,0,0,0,0,0,0,0,0,0,0,0,0,0
54,0.015389,-0.015397,0.064644,-0.064636,0.38919,-0.389194,0.396467,-0.39647,0.049596,-0.049594,0.016297,-0.016294,0,0,0,0,0,0,0,0,0,0,0,0,0,0,0,0,0,0,0,0,0,0,0,0,0,0,0,0,0,0,0,0,0,0,0
60.5,0.013767,-0.013953,0.060243,-0.060218,0.357636,-0.357589,0.425114,-0.425109,0.051978,-0.052037,0.016185,-0.016071,0.000433,-0.00038,0,0,0,0,0,0,0,0,0,0,0,0,0,0,0,0,0,0,0,0,0,0,0,0,0,0,0,0,0,0,0,0,0
67,0.012265,-0.012404,0.055216,-0.055259,0.328134,-0.328081,0.446217,-0.446165,0.054303,-0.054445,0.01594,-0.015832,0.000993,-0.001027,0,0,0,0,0,0,0,0,0,0,0,0,0,0,0,0,0,0,0,0,0,0,0,0,0,0,0,0,0,0,0,0,0
73.5,0.010362,-0.009609,0.048841,-0.048005,0.290644,-0.291318,0.468092,-0.467621,0.058673,-0.059678,0.016057,-0.016435,0.002053,-0.002137,0,0,0,0,0,0,0,0,0,0,0,0,0,0,0,0,0,0,0,0,0,0,0,0,0,0,0,0,0,0,0,0,0
80,0.00762,-0.007493,0.041899,-0.042328,0.257676,-0.257567,0.482777,-0.482614,0.065736,-0.066004,0.01779,-0.017747,0.003297,-0.003437,0,0,0,0,0,0,0,0,0,0,0,0,0,0,0,0,0,0,0,0,0,0,0,0,0,0,0,0,0,0,0,0,0
86.5,0.005241,-0.005234,0.035133,-0.03499,0.219669,-0.219726,0.49614,-0.496128,0.078903,-0.078926,0.021804,-0.021771,0.00562,-0.005711,0,0,0,0,0,0,0,0,0,0,0,0,0,0,0,0,0,0,0,0,0,0,0,0,0,0,0,0,0,0,0,0,0
93,0.003068,-0.00277,0.029566,-0.029546,0.185916,-0.186535,0.505116,-0.503813,0.095133,-0.096776,0.027465,-0.027397,0.007734,-0.00856,0,0,0,0,0,0,0,0,0,0,0,0,0,0,0,0,0,0,0,0,0,0,0,0,0,0,0,0,0,0,0,0,0
99.5,0.00112,-0.001405,0.02284,-0.023429,0.153735,-0.153339,0.508662,-0.508858,0.124147,-0.124134,0.03855,-0.038094,0.012266,-0.011984,0,0,0,0,0,0,0,0,0,0,0,0,0,0,0,0,0,0,0,0,0,0,0,0,0,0,0,0,0,0,0,0,0
106,0,0,0.018839,-0.018819,0.127737,-0.127748,0.508543,-0.508536,0.156489,-0.156507,0.050509,-0.050488,0.016522,-0.01653,0,0,0,0,0,0,0,0,0,0,0,0,0,0,0,0,0,0,0,0,0,0,0,0,0,0,0,0,0,0,0,0,0
111.12,0,0,0.01627,-0.015845,0.109559,-0.108504,0.50427,-0.505908,0.190404,-0.189204,0.06365,-0.063532,0.020831,-0.02048,0,0,0,0,0,0,0,0,0,0,0,0,0,0,0,0,0,0,0,0,0,0,0,0,0,0,0,0,0,0,0,0,0
116.25,0,0,0.014111,-0.014082,0.092672,-0.092921,0.49853,-0.498227,0.22811,-0.228038,0.079501,-0.079929,0.025711,-0.025761,0,0,0,0,0,0,0,0,0,0,0,0,0,0,0,0,0,0,0,0,0,0,0,0,0,0,0,0,0,0,0,0,0
121.38,0,0,0.012342,-0.01277,0.078168,-0.078357,0.489213,-0.488861,0.2687,-0.268913,0.097203,-0.09717,0.03114,-0.031129,0,0,0,0,0,0,0,0,0,0,0,0,0,0,0,0,0,0,0,0,0,0,0,0,0,0,0,0,0,0,0,0,0
126.5,0,0,0.011126,-0.011328,0.064101,-0.064004,0.473939,-0.473975,0.318422,-0.318364,0.120288,-0.1204,0.03825,-0.03812,0,0,0,0,0,0,0,0,0,0,0,0,0,0,0,0,0,0,0,0,0,0,0,0,0,0,0,0,0,0,0,0,0
131.62,0,0,0.010571,-0.012139,0.055917,-0.05571,0.457512,-0.457243,0.360908,-0.36205,0.142017,-0.140414,0.044689,-0.044873,0,0,0,0,0,0,0,0,0,0,0,0,0,0,0,0,0,0,0,0,0,0,0,0,0,0,0,0,0,0,0,0,0
136.75,0,0,0.009524,-0.009879,0.047339,-0.047329,0.441901,-0.441819,0.396048,-0.396068,0.162076,-0.162162,0.051318,-0.051102,0,0,0,0,0,0,0,0,0,0,0,0,0,0,0,0,0,0,0,0,0,0,0,0,0,0,0,0,0,0,0,0,0
141.88,0,0,0.008711,-0.00897,0.042137,-0.041417,0.423682,-0.424139,0.428697,-0.428275,0.18357,-0.183881,0.058149,-0.058262,0,0,0,0,0,0,0,0,0,0,0,0,0,0,0,0,0,0,0,0,0,0,0,0,0,0,0,0,0,0,0,0,0
147,0,0,0.008039,-0.008361,0.039029,-0.038879,0.405494,-0.405528,0.455212,-0.455145,0.205123,-0.205268,0.065484,-0.06531,0,0,0,0,0,0,0,0,0,0,0,0,0,0,0,0,0,0,0,0,0,0,0,0,0,0,0,0,0,0,0,0,0
152.12,0,0,0.007047,-0.007423,0.037711,-0.03821,0.388232,-0.387853,0.474956,-0.474874,0.226486,-0.226602,0.072854,-0.072771,0.003655,-0.003669,0,0,0,0,0,0,0,0,0,0,0,0,0,0,0,0,0,0,0,0,0,0,0,0,0,0,0,0,0,0,0
157.25,0,0,0.005904,-0.006365,0.038594,-0.038909,0.372709,-0.372411,0.487072,-0.487282,0.247939,-0.247898,0.081018,-0.080632,0.008044,-0.008067,0,0,0,0,0,0,0,0,0,0,0,0,0,0,0,0,0,0,0,0,0,0,0,0,0,0,0,0,0,0,0
162.38,0,0,0.005624,-0.004874,0.043482,-0.041848,0.356262,-0.357224,0.497032,-0.498244,0.266885,-0.266376,0.088097,-0.087908,0.013909,-0.013214,0,0,0,0,0,0,0,0,0,0,0,0,0,0,0,0,0,0,0,0,0,0,0,0,0,0,0,0,0,0,0
167.5,0,0,0.003458,-0.003084,0.043461,-0.044044,0.342308,-0.342219,0.500297,-0.499034,0.294125,-0.294621,0.098942,-0.099445,0.020933,-0.02131,0,0,0,0,0,0,0,0,0,0,0,0,0,0,0,0,0,0,0,0,0,0,0,0,0,0,0,0,0,0,0
172.62,0,0,0.002342,-0.002492,0.045527,-0.045518,0.3297,-0.329655,0.500487,-0.500617,0.31573,-0.315563,0.108388,-0.108498,0.027189,-0.027175,0,0,0,0,0,0,0,0,0,0,0,0,0,0,0,0,0,0,0,0,0,0,0,0,0,0,0,0,0,0,0
177.75,0,0,0.001416,-0.001481,0.046468,-0.046569,0.318602,-0.318532,0.498194,-0.498247,0.336886,-0.33679,0.118223,-0.118301,0.033567,-0.033554,0,0,0,0,0,0,0,0,0,0,0,0,0,0,0,0,0,0,0,0,0,0,0,0,0,0,0,0,0,0,0
182.88,0,0,0.000554,-0.000633,0.045225,-0.046381,0.30881,-0.308057,0.493429,-0.494402,0.357738,-0.357013,0.128552,-0.128792,0.039771,-0.039499,0,0,0,0,0,0,0,0,0,0,0,0,0,0,0,0,0,0,0,0,0,0,0,0,0,0,0,0,0,0,0
188,0,0,0,0,0.043191,-0.043303,0.297612,-0.297545,0.488353,-0.488413,0.378859,-0.378737,0.139669,-0.139788,0.045345,-0.045333,0,0,0,0,0,0,0,0,0,0,0,0,0,0,0,0,0,0,0,0,0,0,0,0,0,0,0,0,0,0,0
191.75,0,0,0,0,0.039005,-0.039168,0.289237,-0.289046,0.482865,-0.483276,0.395214,-0.395058,0.149085,-0.14907,0.049433,-0.049364,0.002501,-0.002547,0,0,0,0,0,0,0,0,0,0,0,0,0,0,0,0,0,0,0,0,0,0,0,0,0,0,0,0,0
195.5,0,0,0,0,0.033507,-0.033623,0.280647,-0.280585,0.477222,-0.477261,0.410775,-0.410666,0.158523,-0.158622,0.05302,-0.053023,0.00557,-0.005576,0,0,0,0,0,0,0,0,0,0,0,0,0,0,0,0,0,0,0,0,0,0,0,0,0,0,0,0,0
199.25,0,0,0,0,0.028802,-0.028785,0.27398,-0.274058,0.472446,-0.472248,0.422181,-0.422132,0.166015,-0.166118,0.055646,-0.055695,0.008138,-0.008169,0,0,0,0,0,0,0,0,0,0,0,0,0,0,0,0,0,0,0,0,0,0,0,0,0,0,0,0,0
203,0,0,0,0,0.022239,-0.022251,0.265636,-0.265565,0.46458,-0.46477,0.436753,-0.436946,0.176601,-0.176434,0.059002,-0.05883,0.011774,-0.011781,0,0,0,0,0,0,0,0,0,0,0,0,0,0,0,0,0,0,0,0,0,0,0,0,0,0,0,0,0
206.75,0,0,0,0,0.015228,-0.015184,0.255857,-0.25574,0.456582,-0.456867,0.451188,-0.45099,0.187588,-0.1876,0.062262,-0.062459,0.015458,-0.015536,0,0,0,0,0,0,0,0,0,0,0,0,0,0,0,0,0,0,0,0,0,0,0,0,0,0,0,0,0
210.5,0,0,0,0,0.008722,-0.008796,0.246491,-0.246495,0.447623,-0.447547,0.464211,-0.464265,0.19938,-0.199302,0.065835,-0.065866,0.019112,-0.019151,0,0,0,0,0,0,0,0,0,0,0,0,0,0,0,0,0,0,0,0,0,0,0,0,0,0,0,0,0
214.25,0,0,0,0,0.004528,-0.004514,0.238977,-0.239064,0.440045,-0.439879,0.473845,-0.473897,0.208686,-0.208629,0.068698,-0.068712,0.021689,-0.021765,0,0,0,0,0,0,0,0,0,0,0,0,0,0,0,0,0,0,0,0,0,0,0,0,0,0,0,0,0
218,0,0,0,0,0,0,0.228666,-0.228672,0.428888,-0.428868,0.485874,-0.485891,0.221745,-0.221696,0.072801,-0.072831,0.024807,-0.024866,0,0,0,0,0,0,0,0,0,0,0,0,0,0,0,0,0,0,0,0,0,0,0,0,0,0,0,0,0
221.75,0,0,0,0,0,0,0.217687,-0.217702,0.416484,-0.416447,0.497021,-0.497083,0.235646,-0.235579,0.077428,-0.077435,0.027434,-0.027471,0,0,0,0,0,0,0,0,0,0,0,0,0,0,0,0,0,0,0,0,0,0,0,0,0,0,0,0,0
225.5,0,0,0,0,0,0,0.206387,-0.206397,0.403013,-0.40299,0.50713,-0.507159,0.250391,-0.250342,0.082603,-0.082623,0.02965,-0.029699,0,0,0,0,0,0,0,0,0,0,0,0,0,0,0,0,0,0,0,0,0,0,0,0,0,0,0,0,0
229.25,0,0,0,0,0,0,0.19767,-0.197678,0.392153,-0.39213,0.513951,-0.513979,0.261993,-0.261936,0.086865,-0.086895,0.031096,-0.031146,0,0,0,0,0,0,0,0,0,0,0,0,0,0,0,0,0,0,0,0,0,0,0,0,0,0,0,0,0
233,0,0,0,0,0,0,0.186189,-0.186202,0.377061,-0.377038,0.521691,-0.521688,0.278021,-0.277986,0.093048,-0.093077,0.032888,-0.032935,0,0,0,0,0,0,0,0,0,0,0,0,0,0,0,0,0,0,0,0,0,0,0,0,0,0,0,0,0
236.75,0,0,0,0,0,0,0.174955,-0.175,0.361259,-0.361186,0.527793,-0.527821,0.294732,-0.294685,0.099829,-0.099846,0.034608,-0.034651,0,0,0,0,0,0,0,0,0,0,0,0,0,0,0,0,0,0,0,0,0,0,0,0,0,0,0,0,0
240.5,0,0,0,0,0,0,0.164241,-0.164267,0.344964,-0.344957,0.532046,-0.531988,0.312006,-0.312038,0.107239,-0.107242,0.036423,-0.036416,0,0,0,0,0,0,0,0,0,0,0,0,0,0,0,0,0,0,0,0,0,0,0,0,0,0,0,0,0
244.25,0,0,0,0,0,0,0.156694,-0.156678,0.332418,-0.332439,0.533791,-0.533787,0.325482,-0.325491,0.113226,-0.113216,0.037876,-0.037886,0,0,0,0,0,0,0,0,0,0,0,0,0,0,0,0,0,0,0,0,0,0,0,0,0,0,0,0,0
248,0,0,0,0,0,0,0.147518,-0.14752,0.315779,-0.315778,0.534172,-0.534168,0.343829,-0.34383,0.121749,-0.121745,0.04007,-0.040081,0,0,0,0,0,0,0,0,0,0,0,0,0,0,0,0,0,0,0,0,0,0,0,0,0,0,0,0,0
251.75,0,0,0,0,0,0,0.139511,-0.139532,0.299165,-0.299154,0.532264,-0.532245,0.362616,-0.362633,0.130954,-0.130941,0.04265,-0.042651,0,0,0,0,0,0,0,0,0,0,0,0,0,0,0,0,0,0,0,0,0,0,0,0,0,0,0,0,0
255.5,0,0,0,0,0,0,0.132441,-0.132272,0.282648,-0.28279,0.528038,-0.528096,0.381713,-0.381727,0.140818,-0.140797,0.045628,-0.045626,0,0,0,0,0,0,0,0,0,0,0,0,0,0,0,0,0,0,0,0,0,0,0,0,0,0,0,0,0
259.25,0,0,0,0,0,0,0.127333,-0.127271,0.270434,-0.270512,0.52363,-0.523611,0.39609,-0.396089,0.148662,-0.148683,0.048097,-0.048098,0,0,0,0,0,0,0,0,0,0,0,0,0,0,0,0,0,0,0,0,0,0,0,0,0,0,0,0,0
263,0,0,0,0,0,0,0.120509,-0.120526,0.254634,-0.254612,0.515858,-0.515866,0.415023,-0.415022,0.159804,-0.159795,0.051698,-0.051709,0,0,0,0,0,0,0,0,0,0,0,0,0,0,0,0,0,0,0,0,0,0,0,0,0,0,0,0,0
266.75,0,0,0,0,0,0,0.113534,-0.113492,0.239244,-0.239265,0.506322,-0.50635,0.433477,-0.433492,0.171614,-0.171592,0.055618,-0.055628,0,0,0,0,0,0,0,0,0,0,0,0,0,0,0,0,0,0,0,0,0,0,0,0,0,0,0,0,0
270.5,0,0,0,0,0,0,0.105707,-0.105782,0.224383,-0.224295,0.495143,-0.495159,0.451353,-0.451353,0.184046,-0.184003,0.059826,-0.059869,0,0,0,0,0,0,0,0,0,0,0,0,0,0,0,0,0,0,0,0,0,0,0,0,0,0,0,0,0
274.25,0,0,0,0,0,0,0.099149,-0.099154,0.213488,-0.213584,0.48572,-0.485599,0.464255,-0.464253,0.193938,-0.193945,0.063217,-0.06324,0,0,0,0,0,0,0,0,0,0,0,0,0,0,0,0,0,0,0,0,0,0,0,0,0,0,0,0,0
278,0,0,0,0,0,0,0.089133,-0.089129,0.199938,-0.199947,0.47187,-0.471864,0.48031,-0.480312,0.207665,-0.207661,0.067939,-0.067946,0,0,0,0,0,0,0,0,0,0,0,0,0,0,0,0,0,0,0,0,0,0,0,0,0,0,0,0,0
281.75,0,0,0,0,0,0,0.077377,-0.077337,0.186991,-0.187034,0.456777,-0.456782,0.495078,-0.495,0.222111,-0.222163,0.072918,-0.072963,0.003414,-0.003394,0,0,0,0,0,0,0,0,0,0,0,0,0,0,0,0,0,0,0,0,0,0,0,0,0,0,0
285.5,0,0,0,0,0,0,0.064356,-0.064352,0.174881,-0.174874,0.440504,-0.440511,0.50831,-0.508303,0.237278,-0.237235,0.078153,-0.078233,0.007847,-0.007855,0,0,0,0,0,0,0,0,0,0,0,0,0,0,0,0,0,0,0,0,0,0,0,0,0,0,0
289.25,0,0,0,0,0,0,0.05406,-0.054142,0.166125,-0.166152,0.427636,-0.427544,0.517093,-0.517098,0.249106,-0.249064,0.082395,-0.082454,0.011701,-0.011686,0,0,0,0,0,0,0,0,0,0,0,0,0,0,0,0,0,0,0,0,0,0,0,0,0,0,0
293,0,0,0,0,0,0,0.040483,-0.040537,0.155129,-0.155097,0.409703,-0.409662,0.527067,-0.527161,0.265593,-0.265544,0.088504,-0.088486,0.017276,-0.017261,0,0,0,0,0,0,0,0,0,0,0,0,0,0,0,0,0,0,0,0,0,0,0,0,0,0,0
296.75,0,0,0,0,0,0,0.027507,-0.027501,0.144666,-0.144693,0.391258,-0.391236,0.535009,-0.535028,0.282739,-0.282742,0.095109,-0.09509,0.023139,-0.023136,0,0,0,0,0,0,0,0,0,0,0,0,0,0,0,0,0,0,0,0,0,0,0,0,0,0,0
300.5,0,0,0,0,0,0,0.015712,-0.015682,0.134839,-0.134867,0.372329,-0.372338,0.540747,-0.540728,0.300633,-0.300637,0.10225,-0.102278,0.029008,-0.028982,0,0,0,0,0,0,0,0,0,0,0,0,0,0,0,0,0,0,0,0,0,0,0,0,0,0,0
304.25,0,0,0,0,0,0,0.008027,-0.008038,0.12771,-0.127732,0.357881,-0.357852,0.54341,-0.54342,0.314648,-0.314646,0.108128,-0.108121,0.033264,-0.033256,0,0,0,0,0,0,0,0,0,0,0,0,0,0,0,0,0,0,0,0,0,0,0,0,0,0,0
308,0,0,0,0,0,0,0,0,0.118675,-0.118673,0.338607,-0.338607,0.544802,-0.544805,0.333878,-0.333878,0.11655,-0.116547,0.038483,-0.038485,0,0,0,0,0,0,0,0,0,0,0,0,0,0,0,0,0,0,0,0,0,0,0,0,0,0,0
311.75,0,0,0,0,0,0,0,0,0.109982,-0.110022,0.319201,-0.319331,0.543529,-0.543247,0.353465,-0.353705,0.125728,-0.125628,0.043051,-0.042951,0,0,0,0,0,0,0,0,0,0,0,0,0,0,0,0,0,0,0,0,0,0,0,0,0,0,0
315.5,0,0,0,0,0,0,0,0,0.101932,-0.101891,0.30024,-0.300234,0.539344,-0.539412,0.373984,-0.373978,0.135787,-0.135757,0.047007,-0.04702,0,0,0,0,0,0,0,0,0,0,0,0,0,0,0,0,0,0,0,0,0,0,0,0,0,0,0
319.25,0,0,0,0,0,0,0,0,0.09609,-0.096082,0.286109,-0.286113,0.534965,-0.534965,0.389416,-0.389359,0.1438,-0.143868,0.049774,-0.04977,0,0,0,0,0,0,0,0,0,0,0,0,0,0,0,0,0,0,0,0,0,0,0,0,0,0,0
323,0,0,0,0,0,0,0,0,0.088827,-0.08872,0.267715,-0.267858,0.52707,-0.526961,0.409751,-0.409769,0.155336,-0.155364,0.053216,-0.053228,0,0,0,0,0,0,0,0,0,0,0,0,0,0,0,0,0,0,0,0,0,0,0,0,0,0,0
326.75,0,0,0,0,0,0,0,0,0.082138,-0.082162,0.250114,-0.250098,0.516951,-0.516958,0.429716,-0.429635,0.167362,-0.16745,0.056592,-0.056592,0,0,0,0,0,0,0,0,0,0,0,0,0,0,0,0,0,0,0,0,0,0,0,0,0,0,0
330.5,0,0,0,0,0,0,0,0,0.076127,-0.076137,0.233018,-0.233031,0.504928,-0.5049,0.448736,-0.448773,0.180431,-0.1804,0.060084,-0.060082,0,0,0,0,0,0,0,0,0,0,0,0,0,0,0,0,0,0,0,0,0,0,0,0,0,0,0
334.25,0,0,0,0,0,0,0,0,0.071946,-0.071975,0.220718,-0.220723,0.494671,-0.494646,0.462407,-0.462375,0.190625,-0.190669,0.062896,-0.062877,0,0,0,0,0,0,0,0,0,0,0,0,0,0,0,0,0,0,0,0,0,0,0,0,0,0,0
338,0,0,0,0,0,0,0,0,0.067046,-0.067042,0.205159,-0.205154,0.479468,-0.479474,0.479288,-0.479294,0.205025,-0.20502,0.067,-0.066997,0,0,0,0,0,0,0,0,0,0,0,0,0,0,0,0,0,0,0,0,0,0,0,0,0,0,0
341.75,0,0,0,0,0,0,0,0,0.062813,-0.062778,0.190647,-0.190639,0.462752,-0.462786,0.494488,-0.49445,0.220059,-0.22009,0.071676,-0.071667,0.003437,-0.003447,0,0,0,0,0,0,0,0,0,0,0,0,0,0,0,0,0,0,0,0,0,0,0,0,0
345.5,0,0,0,0,0,0,0,0,0.059059,-0.059068,0.177065,-0.176997,0.444786,-0.444839,0.507834,-0.507869,0.235891,-0.235867,0.076958,-0.076947,0.007901,-0.007898,0,0,0,0,0,0,0,0,0,0,0,0,0,0,0,0,0,0,0,0,0,0,0,0,0
349.25,0,0,0,0,0,0,0,0,0.056445,-0.056437,0.167482,-0.16747,0.430575,-0.430595,0.516574,-0.51655,0.248258,-0.248293,0.08132,-0.081297,0.011773,-0.01176,0,0,0,0,0,0,0,0,0,0,0,0,0,0,0,0,0,0,0,0,0,0,0,0,0
353,0,0,0,0,0,0,0,0,0.053116,-0.053128,0.155495,-0.155481,0.411014,-0.411024,0.526424,-0.526411,0.265288,-0.265297,0.087683,-0.087686,0.017391,-0.017382,0,0,0,0,0,0,0,0,0,0,0,0,0,0,0,0,0,0,0,0,0,0,0,0,0
356.75,0,0,0,0,0,0,0,0,0.049778,-0.049745,0.144322,-0.144335,0.390946,-0.390962,0.534171,-0.534127,0.282997,-0.283024,0.09466,-0.094661,0.023276,-0.023278,0,0,0,0,0,0,0,0,0,0,0,0,0,0,0,0,0,0,0,0,0,0,0,0,0
360.5,0,0,0,0,0,0,0,0,0.046179,-0.046168,0.133902,-0.133901,0.370632,-0.370645,0.539648,-0.539634,0.301386,-0.301409,0.10226,-0.102241,0.029165,-0.029161,0,0,0,0,0,0,0,0,0,0,0,0,0,0,0,0,0,0,0,0,0,0,0,0,0
364.25,0,0,0,0,0,0,0,0,0.043181,-0.043187,0.126519,-0.126516,0.355383,-0.355373,0.542132,-0.542153,0.31566,-0.315653,0.108437,-0.108426,0.033423,-0.03343,0,0,0,0,0,0,0,0,0,0,0,0,0,0,0,0,0,0,0,0,0,0,0,0,0
368,0,0,0,0,0,0,0,0,0.038698,-0.038698,0.117269,-0.117267,0.335367,-0.335367,0.543364,-0.543366,0.335138,-0.335138,0.117159,-0.117157,0.038659,-0.038658,0,0,0,0,0,0,0,0,0,0,0,0,0,0,0,0,0,0,0,0,0,0,0,0,0
371.75,0,0,0,0,0,0,0,0,0.033505,-0.033501,0.108599,-0.108619,0.315892,-0.315886,0.542111,-0.542098,0.355139,-0.355157,0.126548,-0.126531,0.043213,-0.043214,0,0,0,0,0,0,0,0,0,0,0,0,0,0,0,0,0,0,0,0,0,0,0,0,0
375.5,0,0,0,0,0,0,0,0,0.027825,-0.027819,0.100559,-0.100541,0.296988,-0.296987,0.538301,-0.53833,0.375538,-0.375526,0.13662,-0.136615,0.047186,-0.0472,0,0,0,0,0,0,0,0,0,0,0,0,0,0,0,0,0,0,0,0,0,0,0,0,0
379.25,0,0,0,0,0,0,0,0,0.023377,-0.023369,0.094874,-0.094872,0.283135,-0.283129,0.533982,-0.533998,0.390865,-0.390852,0.144644,-0.144651,0.049923,-0.049926,0,0,0,0,0,0,0,0,0,0,0,0,0,0,0,0,0,0,0,0,0,0,0,0,0
383,0,0,0,0,0,0,0,0,0.017474,-0.017474,0.087877,-0.087875,0.265344,-0.265365,0.526256,-0.526225,0.410935,-0.410918,0.155904,-0.155925,0.053337,-0.05335,0,0,0,0,0,0,0,0,0,0,0,0,0,0,0,0,0,0,0,0,0,0,0,0,0
386.75,0,0,0,0,0,0,0,0,0.011826,-0.011831,0.081455,-0.081479,0.24826,-0.248248,0.516389,-0.516382,0.430494,-0.43052,0.167937,-0.167911,0.05667,-0.056662,0,0,0,0,0,0,0,0,0,0,0,0,0,0,0,0,0,0,0,0,0,0,0,0,0
390.5,0,0,0,0,0,0,0,0,0.006756,-0.006754,0.075658,-0.075641,0.23187,-0.231891,0.504559,-0.504545,0.449269,-0.449287,0.180677,-0.180662,0.060096,-0.060098,0,0,0,0,0,0,0,0,0,0,0,0,0,0,0,0,0,0,0,0,0,0,0,0,0
394.25,0,0,0,0,0,0,0,0,0.003451,-0.003449,0.071713,-0.071698,0.22005,-0.220063,0.494434,-0.494428,0.46266,-0.462682,0.190823,-0.190809,0.062905,-0.062896,0,0,0,0,0,0,0,0,0,0,0,0,0,0,0,0,0,0,0,0,0,0,0,0,0
398,0,0,0,0,0,0,0,0,0,0,0.066998,-0.067001,0.205081,-0.205086,0.479464,-0.479459,0.479308,-0.479303,0.204965,-0.204969,0.066968,-0.066971,0,0,0,0,0,0,0,0,0,0,0,0,0,0,0,0,0,0,0,0,0,0,0,0,0
401.75,0,0,0,0,0,0,0,0,0,0,0.062883,-0.062909,0.190909,-0.190931,0.462871,-0.462833,0.4943,-0.494297,0.219902,-0.219924,0.071644,-0.071606,0.003433,-0.003448,0,0,0,0,0,0,0,0,0,0,0,0,0,0,0,0,0,0,0,0,0,0,0
405.5,0,0,0,0,0,0,0,0,0,0,0.059202,-0.059221,0.177542,-0.177582,0.44498,-0.444927,0.507582,-0.507591,0.235651,-0.235649,0.076896,-0.07689,0.007901,-0.007901,0,0,0,0,0,0,0,0,0,0,0,0,0,0,0,0,0,0,0,0,0,0,0
409.25,0,0,0,0,0,0,0,0,0,0,0.056629,-0.056649,0.167988,-0.16798,0.430717,-0.430722,0.516339,-0.516325,0.248012,-0.248032,0.081269,-0.081261,0.011782,-0.011772,0,0,0,0,0,0,0,0,0,0,0,0,0,0,0,0,0,0,0,0,0,0,0
413,0,0,0,0,0,0,0,0,0,0,0.053305,-0.053295,0.155996,-0.155978,0.411159,-0.411187,0.526205,-0.526174,0.265089,-0.265104,0.087626,-0.087636,0.017371,-0.017373,0,0,0,0,0,0,0,0,0,0,0,0,0,0,0,0,0,0,0,0,0,0,0
416.75,0,0,0,0,0,0,0,0,0,0,0.049923,-0.049916,0.144709,-0.144732,0.39108,-0.391059,0.533964,-0.533979,0.282901,-0.282869,0.094574,-0.094615,0.023273,-0.023263,0,0,0,0,0,0,0,0,0,0,0,0,0,0,0,0,0,0,0,0,0,0,0
420.5,0,0,0,0,0,0,0,0,0,0,0.046239,-0.046239,0.134191,-0.13415,0.370729,-0.370762,0.539529,-0.539533,0.301252,-0.301299,0.102238,-0.102174,0.029171,-0.029162,0,0,0,0,0,0,0,0,0,0,0,0,0,0,0,0,0,0,0,0,0,0,0
424.25,0,0,0,0,0,0,0,0,0,0,0.043213,-0.043221,0.126635,-0.126624,0.355437,-0.355437,0.542086,-0.542099,0.315596,-0.315597,0.108396,-0.108386,0.033417,-0.033413,0,0,0,0,0,0,0,0,0,0,0,0,0,0,0,0,0,0,0,0,0,0,0
428,0,0,0,0,0,0,0,0,0,0,0.038675,-0.038676,0.117231,-0.117233,0.335358,-0.335359,0.543379,-0.543375,0.335111,-0.335112,0.117128,-0.11713,0.038644,-0.038645,0,0,0,0,0,0,0,0,0,0,0,0,0,0,0,0,0,0,0,0,0,0,0
431.75,0,0,0,0,0,0,0,0,0,0,0.033447,-0.033453,0.108481,-0.108475,0.315845,-0.31584,0.542103,-0.542115,0.355185,-0.355186,0.126532,-0.126522,0.043195,-0.043196,0,0,0,0,0,0,0,0,0,0,0,0,0,0,0,0,0,0,0,0,0,0,0
435.5,0,0,0,0,0,0,0,0,0,0,0.027737,-0.027718,0.100383,-0.100379,0.296905,-0.29692,0.53841,-0.538406,0.375492,-0.3755,0.136583,-0.136582,0.047172,-0.047168,0,0,0,0,0,0,0,0,0,0,0,0,0,0,0,0,0,0,0,0,0,0,0
439.25,0,0,0,0,0,0,0,0,0,0,0.023307,-0.023299,0.094682,-0.094681,0.283058,-0.283062,0.534049,-0.534046,0.390865,-0.390858,0.144618,-0.14462,0.049902,-0.049914,0,0,0,0,0,0,0,0,0,0,0,0,0,0,0,0,0,0,0,0,0,0,0
443,0,0,0,0,0,0,0,0,0,0,0.017397,-0.017391,0.087695,-0.087704,0.265291,-0.265284,0.526316,-0.526321,0.410939,-0.410936,0.155877,-0.155883,0.053324,-0.053317,0,0,0,0,0,0,0,0,0,0,0,0,0,0,0,0,0,0,0,0,0,0,0
446.75,0,0,0,0,0,0,0,0,0,0,0.011791,-0.011792,0.081312,-0.081312,0.248191,-0.248192,0.516444,-0.516441,0.430512,-0.43051,0.16789,-0.167894,0.056654,-0.056651,0,0,0,0,0,0,0,0,0,0,0,0,0,0,0,0,0,0,0,0,0,0,0
450.5,0,0,0,0,0,0,0,0,0,0,0.006715,-0.006713,0.075573,-0.075565,0.231819,-0.231812,0.504588,-0.504606,0.449294,-0.449261,0.180658,-0.180686,0.060087,-0.060092,0,0,0,0,0,0,0,0,0,0,0,0,0,0,0,0,0,0,0,0,0,0,0
454.25,0,0,0,0,0,0,0,0,0,0,0.003445,-0.003446,0.071654,-0.071649,0.220034,-0.220036,0.49446,-0.494459,0.462668,-0.462668,0.190813,-0.190793,0.062858,-0.062897,0,0,0,0,0,0,0,0,0,0,0,0,0,0,0,0,0,0,0,0,0,0,0
458,0,0,0,0,0,0,0,0,0,0,0,0,0.066988,-0.066991,0.205081,-0.205087,0.479486,-0.47948,0.479309,-0.479304,0.204932,-0.204937,0.066954,-0.066957,0,0,0,0,0,0,0,0,0,0,0,0,0,0,0,0,0,0,0,0,0,0,0
461.75,0,0,0,0,0,0,0,0,0,0,0,0,0.062875,-0.062933,0.190927,-0.190904,0.462844,-0.462829,0.494306,-0.494331,0.219888,-0.219899,0.071644,-0.071586,0.003433,-0.003427,0,0,0,0,0,0,0,0,0,0,0,0,0,0,0,0,0,0,0,0,0
465.5,0,0,0,0,0,0,0,0,0,0,0,0,0.059261,-0.059278,0.177585,-0.177551,0.444931,-0.444958,0.507589,-0.507575,0.235662,-0.235693,0.076868,-0.076837,0.007894,-0.007878,0,0,0,0,0,0,0,0,0,0,0,0,0,0,0,0,0,0,0,0,0
469.25,0,0,0,0,0,0,0,0,0,0,0,0,0.056669,-0.056691,0.168021,-0.168006,0.430748,-0.43075,0.5163,-0.516313,0.248006,-0.248005,0.081258,-0.081248,0.011766,-0.011759,0,0,0,0,0,0,0,0,0,0,0,0,0,0,0,0,0,0,0,0,0
473,0,0,0,0,0,0,0,0,0,0,0,0,0.053335,-0.053345,0.156009,-0.155988,0.411163,-0.411173,0.526214,-0.526225,0.265065,-0.265056,0.087606,-0.087601,0.017377,-0.017386,0,0,0,0,0,0,0,0,0,0,0,0,0,0,0,0,0,0,0,0,0
476.75,0,0,0,0,0,0,0,0,0,0,0,0,0.049926,-0.049941,0.144715,-0.144703,0.39109,-0.391081,0.533971,-0.533999,0.282859,-0.282834,0.094567,-0.094572,0.023244,-0.023255,0,0,0,0,0,0,0,0,0,0,0,0,0,0,0,0,0,0,0,0,0
480.5,0,0,0,0,0,0,0,0,0,0,0,0,0.046282,-0.046281,0.134162,-0.134148,0.37077,-0.370742,0.539447,-0.539553,0.301318,-0.301245,0.102202,-0.102217,0.029149,-0.02916,0,0,0,0,0,0,0,0,0,0,0,0,0,0,0,0,0,0,0,0,0
484.25,0,0,0,0,0,0,0,0,0,0,0,0,0.043216,-0.043224,0.126618,-0.126632,0.35541,-0.355398,0.542108,-0.542107,0.31557,-0.315578,0.108381,-0.108371,0.033409,-0.033408,0,0,0,0,0,0,0,0,0,0,0,0,0,0,0,0,0,0,0,0,0
488,0,0,0,0,0,0,0,0,0,0,0,0,0.038671,-0.038672,0.117226,-0.117228,0.335337,-0.335338,0.543397,-0.543393,0.335083,-0.335084,0.117106,-0.117108,0.038633,-0.038634,0,0,0,0,0,0,0,0,0,0,0,0,0,0,0,0,0,0,0,0,0
491.75,0,0,0,0,0,0,0,0,0,0,0,0,0.033448,-0.033442,0.108499,-0.1085,0.31582,-0.315806,0.542127,-0.542157,0.355169,-0.355144,0.126489,-0.126497,0.043171,-0.043185,0,0,0,0,0,0,0,0,0,0,0,0,0,0,0,0,0,0,0,0,0
495.5,0,0,0,0,0,0,0,0,0,0,0,0,0.027735,-0.027734,0.100371,-0.100371,0.296877,-0.296878,0.538426,-0.538424,0.375497,-0.37549,0.136568,-0.136572,0.047157,-0.047168,0,0,0,0,0,0,0,0,0,0,0,0,0,0,0,0,0,0,0,0,0
499.25,0,0,0,0,0,0,0,0,0,0,0,0,0.023276,-0.023273,0.094692,-0.094663,0.283061,-0.283103,0.534092,-0.534057,0.390799,-0.390839,0.144565,-0.144549,0.049887,-0.049858,0,0,0,0,0,0,0,0,0,0,0,0,0,0,0,0,0,0,0,0,0
503,0,0,0,0,0,0,0,0,0,0,0,0,0.01739,-0.017406,0.087655,-0.087691,0.265284,-0.26528,0.526337,-0.526301,0.410909,-0.410922,0.155853,-0.155857,0.053321,-0.053303,0,0,0,0,0,0,0,0,0,0,0,0,0,0,0,0,0,0,0,0,0
506.75,0,0,0,0,0,0,0,0,0,0,0,0,0.011773,-0.011772,0.081295,-0.081303,0.248173,-0.248174,0.516459,-0.516452,0.430501,-0.430508,0.167872,-0.16787,0.056637,-0.056629,0,0,0,0,0,0,0,0,0,0,0,0,0,0,0,0,0,0,0,0,0
510.5,0,0,0,0,0,0,0,0,0,0,0,0,0.006702,-0.006709,0.075573,-0.075536,0.231809,-0.231807,0.504583,-0.504614,0.449289,-0.449256,0.180639,-0.180652,0.060056,-0.060082,0,0,0,0,0,0,0,0,0,0,0,0,0,0,0,0,0,0,0,0,0
514.25,0,0,0,0,0,0,0,0,0,0,0,0,0.003438,-0.003441,0.07164,-0.071628,0.220027,-0.220013,0.494448,-0.494469,0.46265,-0.462669,0.190784,-0.190768,0.062859,-0.062848,0,0,0,0,0,0,0,0,0,0,0,0,0,0,0,0,0,0,0,0,0
518,0,0,0,0,0,0,0,0,0,0,0,0,0,0,0.066977,-0.066974,0.20505,-0.205045,0.479486,-0.479491,0.479296,-0.479301,0.204914,-0.204909,0.066935,-0.066932,0,0,0,0,0,0,0,0,0,0,0,0,0,0,0,0,0,0,0,0,0
521.75,0,0,0,0,0,0,0,0,0,0,0,0,0,0,0.062864,-0.062893,0.190915,-0.190895,0.462879,-0.462876,0.494269,-0.494315,0.219866,-0.219825,0.071588,-0.071588,0.00344,-0.003446,0,0,0,0,0,0,0,0,0,0,0,0,0,0,0,0,0,0,0
525.5,0,0,0,0,0,0,0,0,0,0,0,0,0,0,0.05926,-0.059277,0.177564,-0.177525,0.444902,-0.444931,0.507606,-0.507603,0.235638,-0.235633,0.076828,-0.076845,0.0079,-0.007887,0,0,0,0,0,0,0,0,0,0,0,0,0,0,0,0,0,0,0
529.25,0,0,0,0,0,0,0,0,0,0,0,0,0,0,0.056654,-0.056664,0.167988,-0.167993,0.430749,-0.430743,0.516324,-0.516317,0.247984,-0.247987,0.081236,-0.081242,0.011763,-0.011763,0,0,0,0,0,0,0,0,0,0,0,0,0,0,0,0,0,0,0
533,0,0,0,0,0,0,0,0,0,0,0,0,0,0,0.053339,-0.053331,0.15598,-0.155968,0.411164,-0.411175,0.526209,-0.526218,0.265057,-0.265042,0.087575,-0.08758,0.017353,-0.017372,0,0,0,0,0,0,0,0,0,0,0,0,0,0,0,0,0,0,0
536.75,0,0,0,0,0,0,0,0,0,0,0,0,0,0,0.049934,-0.049897,0.144681,-0.144681,0.391055,-0.391061,0.533992,-0.534021,0.282835,-0.282807,0.094555,-0.094562,0.023227,-0.023248,0,0,0,0,0,0,0,0,0,0,0,0,0,0,0,0,0,0,0
540.5,0,0,0,0,0,0,0,0,0,0,0,0,0,0,0.046261,-0.04626,0.1341,-0.134095,0.370737,-0.370742,0.539557,-0.539553,0.301233,-0.301234,0.102197,-0.102191,0.029129,-0.029145,0,0,0,0,0,0,0,0,0,0,0,0,0,0,0,0,0,0,0
544.25,0,0,0,0,0,0,0,0,0,0,0,0,0,0,0.043209,-0.043218,0.126598,-0.126589,0.3554,-0.355403,0.542127,-0.542119,0.315562,-0.315551,0.108335,-0.108356,0.03339,-0.033388,0,0,0,0,0,0,0,0,0,0,0,0,0,0,0,0,0,0,0
548,0,0,0,0,0,0,0,0,0,0,0,0,0,0,0.038661,-0.038662,0.117192,-0.117194,0.335324,-0.335325,0.543411,-0.543408,0.335077,-0.335077,0.117088,-0.11709,0.038614,-0.038615,0,0,0,0,0,0,0,0,0,0,0,0,0,0,0,0,0,0,0
551.75,0,0,0,0,0,0,0,0,0,0,0,0,0,0,0.033445,-0.033433,0.108429,-0.10845,0.315798,-0.315786,0.542141,-0.542141,0.355183,-0.355164,0.12647,-0.126491,0.043155,-0.043162,0,0,0,0,0,0,0,0,0,0,0,0,0,0,0,0,0,0,0
555.5,0,0,0,0,0,0,0,0,0,0,0,0,0,0,0.027733,-0.027724,0.100341,-0.100342,0.296863,-0.296868,0.538436,-0.53843,0.375479,-0.37549,0.13654,-0.136531,0.047135,-0.047135,0,0,0,0,0,0,0,0,0,0,0,0,0,0,0,0,0,0,0
559.25,0,0,0,0,0,0,0,0,0,0,0,0,0,0,0.023271,-0.023276,0.09464,-0.094645,0.283032,-0.283058,0.534096,-0.534045,0.390794,-0.390859,0.1446,-0.144552,0.049879,-0.049861,0,0,0,0,0,0,0,0,0,0,0,0,0,0,0,0,0,0,0
563,0,0,0,0,0,0,0,0,0,0,0,0,0,0,0.017388,-0.017387,0.087662,-0.087649,0.265256,-0.265242,0.526306,-0.526339,0.410941,-0.410914,0.15583,-0.155844,0.053272,-0.053283,0,0,0,0,0,0,0,0,0,0,0,0,0,0,0,0,0,0,0
566.75,0,0,0,0,0,0,0,0,0,0,0,0,0,0,0.01178,-0.011773,0.081288,-0.081291,0.248161,-0.248157,0.516455,-0.516461,0.430497,-0.430493,0.167847,-0.167849,0.056609,-0.05661,0,0,0,0,0,0,0,0,0,0,0,0,0,0,0,0,0,0,0
570.5,0,0,0,0,0,0,0,0,0,0,0,0,0,0,0.006719,-0.006708,0.075539,-0.075528,0.231776,-0.231798,0.504605,-0.504592,0.449273,-0.449262,0.180614,-0.180628,0.060059,-0.060061,0,0,0,0,0,0,0,0,0,0,0,0,0,0,0,0,0,0,0
574.25,0,0,0,0,0,0,0,0,0,0,0,0,0,0,0.003437,-0.003431,0.071628,-0.071624,0.219988,-0.219989,0.494471,-0.494473,0.462659,-0.462668,0.19076,-0.190744,0.062842,-0.062853,0,0,0,0,0,0,0,0,0,0,0,0,0,0,0,0,0,0,0
578,0,0,0,0,0,0,0,0,0,0,0,0,0,0,0,0,0.066963,-0.066964,0.205032,-0.205034,0.479488,-0.479486,0.479304,-0.479302,0.204896,-0.204898,0.066918,-0.066919,0,0,0,0,0,0,0,0,0,0,0,0,0,0,0,0,0,0,0
581.75,0,0,0,0,0,0,0,0,0,0,0,0,0,0,0,0,0.06284,-0.062914,0.190879,-0.190853,0.462884,-0.462868,0.494317,-0.494305,0.219816,-0.219826,0.07158,-0.071572,0.003433,-0.003437,0,0,0,0,0,0,0,0,0,0,0,0,0,0,0,0,0
585.5,0,0,0,0,0,0,0,0,0,0,0,0,0,0,0,0,0.059238,-0.05924,0.177536,-0.177543,0.444981,-0.444976,0.507567,-0.507574,0.235589,-0.235588,0.076839,-0.076837,0.007902,-0.007895,0,0,0,0,0,0,0,0,0,0,0,0,0,0,0,0,0
589.25,0,0,0,0,0,0,0,0,0,0,0,0,0,0,0,0,0.056663,-0.056655,0.167965,-0.167962,0.430722,-0.430729,0.516336,-0.516335,0.247976,-0.247979,0.081218,-0.08121,0.011757,-0.011763,0,0,0,0,0,0,0,0,0,0,0,0,0,0,0,0,0
593,0,0,0,0,0,0,0,0,0,0,0,0,0,0,0,0,0.05332,-0.053337,0.155947,-0.15593,0.411143,-0.411147,0.526219,-0.526214,0.265064,-0.26505,0.087553,-0.087575,0.017364,-0.017361,0,0,0,0,0,0,0,0,0,0,0,0,0,0,0,0,0
596.75,0,0,0,0,0,0,0,0,0,0,0,0,0,0,0,0,0.04991,-0.049904,0.144685,-0.144691,0.391043,-0.391063,0.534042,-0.53398,0.28279,-0.282833,0.094561,-0.094552,0.023259,-0.023261,0,0,0,0,0,0,0,0,0,0,0,0,0,0,0,0,0
600.5,0,0,0,0,0,0,0,0,0,0,0,0,0,0,0,0,0.046245,-0.046253,0.134133,-0.134111,0.37073,-0.370738,0.539532,-0.539556,0.301219,-0.301244,0.102208,-0.10216,0.029151,-0.029134,0,0,0,0,0,0,0,0,0,0,0,0,0,0,0,0,0
604.25,0,0,0,0,0,0,0,0,0,0,0,0,0,0,0,0,0.043192,-0.043213,0.126578,-0.126599,0.355408,-0.355378,0.542116,-0.542126,0.315558,-0.315552,0.108344,-0.10835,0.0334,-0.033387,0,0,0,0,0,0,0,0,0,0,0,0,0,0,0,0,0
608,0,0,0,0,0,0,0,0,0,0,0,0,0,0,0,0,0.038658,-0.038657,0.11719,-0.117189,0.335322,-0.335322,0.543406,-0.543408,0.335073,-0.335073,0.117083,-0.117082,0.038623,-0.038622,0,0,0,0,0,0,0,0,0,0,0,0,0,0,0,0,0
611.75,0,0,0,0,0,0,0,0,0,0,0,0,0,0,0,0,0.033441,-0.033423,0.10844,-0.108444,0.315799,-0.315795,0.542151,-0.542171,0.35513,-0.355143,0.126481,-0.126458,0.043178,-0.04317,0,0,0,0,0,0,0,0,0,0,0,0,0,0,0,0,0
615.5,0,0,0,0,0,0,0,0,0,0,0,0,0,0,0,0,0.027712,-0.027712,0.100336,-0.10032,0.296867,-0.296855,0.538402,-0.538444,0.375487,-0.375491,0.136554,-0.136527,0.04715,-0.047157,0,0,0,0,0,0,0,0,0,0,0,0,0,0,0,0,0
619.25,0,0,0,0,0,0,0,0,0,0,0,0,0,0,0,0,0.023278,-0.023278,0.094642,-0.09463,0.283065,-0.28309,0.534099,-0.534076,0.390752,-0.390828,0.144588,-0.144514,0.049866,-0.049859,0,0,0,0,0,0,0,0,0,0,0,0,0,0,0,0,0
623,0,0,0,0,0,0,0,0,0,0,0,0,0,0,0,0,0.017388,-0.01738,0.087645,-0.087663,0.265267,-0.265248,0.52633,-0.526347,0.410912,-0.410881,0.155821,-0.155849,0.053282,-0.053287,0,0,0,0,0,0,0,0,0,0,0,0,0,0,0,0,0
626.75,0,0,0,0,0,0,0,0,0,0,0,0,0,0,0,0,0.011772,-0.011773,0.081271,-0.081267,0.248162,-0.248144,0.516433,-0.516464,0.430514,-0.430503,0.167831,-0.167831,0.05661,-0.056622,0,0,0,0,0,0,0,0,0,0,0,0,0,0,0,0,0
630.5,0,0,0,0,0,0,0,0,0,0,0,0,0,0,0,0,0.006737,-0.00672,0.075526,-0.075523,0.231771,-0.23176,0.504587,-0.504611,0.449283,-0.449284,0.180614,-0.180607,0.060062,-0.060063,0,0,0,0,0,0,0,0,0,0,0,0,0,0,0,0,0
634.25,0,0,0,0,0,0,0,0,0,0,0,0,0,0,0,0,0.003444,-0.003439,0.071627,-0.071604,0.219995,-0.22002,0.494472,-0.494459,0.462647,-0.462674,0.190739,-0.190727,0.062866,-0.062847,0,0,0,0,0,0,0,0,0,0,0,0,0,0,0,0,0
638,0,0,0,0,0,0,0,0,0,0,0,0,0,0,0,0,0,0,0.066959,-0.06696,0.20504,-0.205042,0.479486,-0.479484,0.479298,-0.479296,0.204885,-0.204887,0.066925,-0.066926,0,0,0,0,0,0,0,0,0,0,0,0,0,0,0,0,0
641.75,0,0,0,0,0,0,0,0,0,0,0,0,0,0,0,0,0,0,0.062858,-0.062885,0.190896,-0.190874,0.462866,-0.462875,0.494288,-0.494271,0.219858,-0.219862,0.071564,-0.07158,0.003436,-0.003434,0,0,0,0,0,0,0,0,0,0,0,0,0,0,0
645.5,0,0,0,0,0,0,0,0,0,0,0,0,0,0,0,0,0,0,0.059222,-0.059231,0.177554,-0.177536,0.444937,-0.44495,0.507603,-0.507609,0.23557,-0.235578,0.076838,-0.076824,0.007891,-0.007882,0,0,0,0,0,0,0,0,0,0,0,0,0,0,0
649.25,0,0,0,0,0,0,0,0,0,0,0,0,0,0,0,0,0,0,0.056651,-0.056666,0.16798,-0.167981,0.430727,-0.430719,0.516339,-0.516336,0.247942,-0.247936,0.081216,-0.08123,0.011773,-0.011768,0,0,0,0,0,0,0,0,0,0,0,0,0,0,0
653,0,0,0,0,0,0,0,0,0,0,0,0,0,0,0,0,0,0,0.053307,-0.053308,0.155952,-0.155959,0.411166,-0.41115,0.526202,-0.526236,0.265037,-0.265015,0.08757,-0.087567,0.017356,-0.01736,0,0,0,0,0,0,0,0,0,0,0,0,0,0,0
656.75,0,0,0,0,0,0,0,0,0,0,0,0,0,0,0,0,0,0,0.049905,-0.049893,0.144695,-0.144677,0.391065,-0.391088,0.533991,-0.533986,0.282806,-0.282814,0.09456,-0.094555,0.023242,-0.023243,0,0,0,0,0,0,0,0,0,0,0,0,0,0,0
660.5,0,0,0,0,0,0,0,0,0,0,0,0,0,0,0,0,0,0,0.046246,-0.046229,0.134126,-0.134109,0.370703,-0.370724,0.539567,-0.539569,0.301202,-0.301219,0.10222,-0.102199,0.029131,-0.029124,0,0,0,0,0,0,0,0,0,0,0,0,0,0,0
664.25,0,0,0,0,0,0,0,0,0,0,0,0,0,0,0,0,0,0,0.043189,-0.043205,0.126616,-0.126601,0.355388,-0.355389,0.542111,-0.542126,0.315556,-0.31555,0.108346,-0.108352,0.033396,-0.033383,0,0,0,0,0,0,0,0,0,0,0,0,0,0,0
668,0,0,0,0,0,0,0,0,0,0,0,0,0,0,0,0,0,0,0.038651,-0.038649,0.117205,-0.117201,0.335321,-0.33532,0.543407,-0.543417,0.335063,-0.335061,0.117089,-0.117085,0.038615,-0.038614,0,0,0,0,0,0,0,0,0,0,0,0,0,0,0
671.75,0,0,0,0,0,0,0,0,0,0,0,0,0,0,0,0,0,0,0.033427,-0.033424,0.108458,-0.10844,0.315783,-0.315785,0.54215,-0.54217,0.355153,-0.355134,0.126486,-0.126496,0.043163,-0.043172,0,0,0,0,0,0,0,0,0,0,0,0,0,0,0
675.5,0,0,0,0,0,0,0,0,0,0,0,0,0,0,0,0,0,0,0.027702,-0.027723,0.100374,-0.10035,0.296885,-0.296883,0.538417,-0.538438,0.375464,-0.375484,0.136524,-0.1365,0.047155,-0.047136,0,0,0,0,0,0,0,0,0,0,0,0,0,0,0
679.25,0,0,0,0,0,0,0,0,0,0,0,0,0,0,0,0,0,0,0.023266,-0.02327,0.094678,-0.094663,0.283004,-0.283027,0.534093,-0.534071,0.3908,-0.390842,0.144613,-0.144574,0.04987,-0.04987,0,0,0,0,0,0,0,0,0,0,0,0,0,0,0
683,0,0,0,0,0,0,0,0,0,0,0,0,0,0,0,0,0,0,0.0174,-0.017379,0.087663,-0.087661,0.265248,-0.265241,0.526321,-0.526341,0.410924,-0.410904,0.155825,-0.155827,0.053274,-0.053295,0,0,0,0,0,0,0,0,0,0,0,0,0,0,0
686.75,0,0,0,0,0,0,0,0,0,0,0,0,0,0,0,0,0,0,0.011779,-0.011763,0.081279,-0.081292,0.248154,-0.248136,0.516453,-0.516472,0.430494,-0.430498,0.167841,-0.167829,0.05661,-0.056616,0,0,0,0,0,0,0,0,0,0,0,0,0,0,0
690.5,0,0,0,0,0,0,0,0,0,0,0,0,0,0,0,0,0,0,0.006715,-0.006711,0.075534,-0.075541,0.231811,-0.231795,0.504603,-0.504619,0.44926,-0.449258,0.180584,-0.180581,0.060055,-0.060057,0,0,0,0,0,0,0,0,0,0,0,0,0,0,0
694.25,0,0,0,0,0,0,0,0,0,0,0,0,0,0,0,0,0,0,0.003426,-0.003456,0.071643,-0.07163,0.219993,-0.220006,0.494471,-0.494454,0.462665,-0.462687,0.190738,-0.190719,0.062817,-0.062818,0,0,0,0,0,0,0,0,0,0,0,0,0,0,0
698,0,0,0,0,0,0,0,0,0,0,0,0,0,0,0,0,0,0,0,0,0.06697,-0.066971,0.205024,-0.205026,0.479489,-0.479487,0.4793,-0.479298,0.204879,-0.204881,0.066911,-0.066912,0,0,0,0,0,0,0,0,0,0,0,0,0,0,0
701.75,0,0,0,0,0,0,0,0,0,0,0,0,0,0,0,0,0,0,0,0,0.062851,-0.062908,0.190874,-0.190847,0.462878,-0.462874,0.494289,-0.494283,0.219851,-0.219851,0.071576,-0.071577,0.003425,-0.003429,0,0,0,0,0,0,0,0,0,0,0,0,0
705.5,0,0,0,0,0,0,0,0,0,0,0,0,0,0,0,0,0,0,0,0,0.059251,-0.059254,0.177484,-0.17746,0.444926,-0.444948,0.507621,-0.507616,0.235574,-0.235592,0.076858,-0.076828,0.007878,-0.007882,0,0,0,0,0,0,0,0,0,0,0,0,0
709.25,0,0,0,0,0,0,0,0,0,0,0,0,0,0,0,0,0,0,0,0,0.056665,-0.056671,0.16795,-0.16796,0.43074,-0.430724,0.516329,-0.51634,0.247953,-0.247935,0.081189,-0.081203,0.011763,-0.011764,0,0,0,0,0,0,0,0,0,0,0,0,0
713,0,0,0,0,0,0,0,0,0,0,0,0,0,0,0,0,0,0,0,0,0.053332,-0.053313,0.155939,-0.155941,0.411143,-0.411152,0.526234,-0.526218,0.265049,-0.265033,0.087538,-0.087577,0.01736,-0.017369,0,0,0,0,0,0,0,0,0,0,0,0,0
716.75,0,0,0,0,0,0,0,0,0,0,0,0,0,0,0,0,0,0,0,0,0.049916,-0.049928,0.144681,-0.144647,0.391078,-0.391085,0.533971,-0.534016,0.282802,-0.282774,0.094538,-0.094535,0.023244,-0.023245,0,0,0,0,0,0,0,0,0,0,0,0,0
720.5,0,0,0,0,0,0,0,0,0,0,0,0,0,0,0,0,0,0,0,0,0.046269,-0.046249,0.134112,-0.134105,0.370728,-0.37075,0.539552,-0.539532,0.301217,-0.301203,0.102154,-0.102185,0.029131,-0.029142,0,0,0,0,0,0,0,0,0,0,0,0,0
724.25,0,0,0,0,0,0,0,0,0,0,0,0,0,0,0,0,0,0,0,0,0.043216,-0.043214,0.126583,-0.126576,0.355387,-0.355386,0.542124,-0.542141,0.315521,-0.315519,0.10834,-0.108339,0.03341,-0.03339,0,0,0,0,0,0,0,0,0,0,0,0,0
728,0,0,0,0,0,0,0,0,0,0,0,0,0,0,0,0,0,0,0,0,0.038661,-0.038662,0.117181,-0.117182,0.335307,-0.335307,0.543414,-0.543412,0.335059,-0.335059,0.117059,-0.11706,0.038617,-0.038617,0,0,0,0,0,0,0,0,0,0,0,0,0
731.75,0,0,0,0,0,0,0,0,0,0,0,0,0,0,0,0,0,0,0,0,0.033438,-0.033422,0.108428,-0.108457,0.315783,-0.315759,0.542157,-0.542171,0.355135,-0.355107,0.126447,-0.12646,0.043155,-0.04318,0,0,0,0,0,0,0,0,0,0,0,0,0
735.5,0,0,0,0,0,0,0,0,0,0,0,0,0,0,0,0,0,0,0,0,0.027729,-0.027736,0.100317,-0.10034,0.29685,-0.296854,0.538454,-0.538416,0.375475,-0.375502,0.136508,-0.13649,0.047142,-0.047143,0,0,0,0,0,0,0,0,0,0,0,0,0
739.25,0,0,0,0,0,0,0,0,0,0,0,0,0,0,0,0,0,0,0,0,0.023278,-0.023272,0.094627,-0.094647,0.283006,-0.282984,0.534093,-0.534111,0.39083,-0.390829,0.14452,-0.144524,0.049881,-0.049865,0,0,0,0,0,0,0,0,0,0,0,0,0
743,0,0,0,0,0,0,0,0,0,0,0,0,0,0,0,0,0,0,0,0,0.017395,-0.017385,0.087637,-0.087653,0.265238,-0.265213,0.526336,-0.526364,0.410923,-0.410889,0.155798,-0.155823,0.053278,-0.053285,0,0,0,0,0,0,0,0,0,0,0,0,0
746.75,0,0,0,0,0,0,0,0,0,0,0,0,0,0,0,0,0,0,0,0,0.011769,-0.011771,0.08126,-0.081287,0.248127,-0.248112,0.516474,-0.516469,0.430512,-0.430514,0.16781,-0.167808,0.056616,-0.056612,0,0,0,0,0,0,0,0,0,0,0,0,0
750.5,0,0,0,0,0,0,0,0,0,0,0,0,0,0,0,0,0,0,0,0,0.006703,-0.006705,0.075529,-0.075524,0.231783,-0.231786,0.504621,-0.504624,0.449259,-0.449252,0.18058,-0.180587,0.060054,-0.060059,0,0,0,0,0,0,0,0,0,0,0,0,0
754.25,0,0,0,0,0,0,0,0,0,0,0,0,0,0,0,0,0,0,0,0,0.003438,-0.003431,0.071618,-0.071607,0.219961,-0.21995,0.494473,-0.494494,0.46267,-0.462672,0.190732,-0.190721,0.06283,-0.062842,0,0,0,0,0,0,0,0,0,0,0,0,0
758,0,0,0,0,0,0,0,0,0,0,0,0,0,0,0,0,0,0,0,0,0,0,0.066956,-0.066954,0.205009,-0.205006,0.479499,-0.479503,0.479314,-0.479318,0.204865,-0.204861,0.066921,-0.066919,0,0,0,0,0,0,0,0,0,0,0,0,0
761.75,0,0,0,0,0,0,0,0,0,0,0,0,0,0,0,0,0,0,0,0,0,0,0.062861,-0.062883,0.190842,-0.190823,0.462878,-0.462885,0.494312,-0.494312,0.219802,-0.219803,0.07158,-0.07158,0.003429,-0.003427,0,0,0,0,0,0,0,0,0,0,0
765.5,0,0,0,0,0,0,0,0,0,0,0,0,0,0,0,0,0,0,0,0,0,0,0.059244,-0.059212,0.177514,-0.177494,0.444963,-0.445002,0.507593,-0.507581,0.235573,-0.235571,0.076816,-0.076837,0.007896,-0.007891,0,0,0,0,0,0,0,0,0,0,0
769.25,0,0,0,0,0,0,0,0,0,0,0,0,0,0,0,0,0,0,0,0,0,0,0.056644,-0.056647,0.16794,-0.16793,0.43073,-0.430739,0.51635,-0.516354,0.247922,-0.247927,0.081216,-0.081207,0.011753,-0.011751,0,0,0,0,0,0,0,0,0,0,0
773,0,0,0,0,0,0,0,0,0,0,0,0,0,0,0,0,0,0,0,0,0,0,0.053311,-0.053323,0.15593,-0.155951,0.411172,-0.411143,0.526214,-0.526243,0.265005,-0.265001,0.087584,-0.087561,0.017359,-0.017357,0,0,0,0,0,0,0,0,0,0,0
776.75,0,0,0,0,0,0,0,0,0,0,0,0,0,0,0,0,0,0,0,0,0,0,0.049916,-0.049904,0.144642,-0.144658,0.391064,-0.391058,0.534022,-0.534019,0.282771,-0.282775,0.094575,-0.094561,0.023224,-0.023251,0,0,0,0,0,0,0,0,0,0,0
780.5,0,0,0,0,0,0,0,0,0,0,0,0,0,0,0,0,0,0,0,0,0,0,0.046255,-0.046235,0.1341,-0.134087,0.370692,-0.370704,0.539572,-0.539588,0.301234,-0.301212,0.102153,-0.102166,0.029126,-0.029141,0,0,0,0,0,0,0,0,0,0,0
784.25,0,0,0,0,0,0,0,0,0,0,0,0,0,0,0,0,0,0,0,0,0,0,0.043203,-0.043209,0.126577,-0.126568,0.355366,-0.355375,0.542168,-0.542158,0.315509,-0.315527,0.108344,-0.108331,0.033388,-0.033378,0,0,0,0,0,0,0,0,0,0,0
788,0,0,0,0,0,0,0,0,0,0,0,0,0,0,0,0,0,0,0,0,0,0,0.03865,-0.038649,0.117174,-0.117171,0.335303,-0.335301,0.543433,-0.54344,0.335053,-0.335052,0.117075,-0.117072,0.038609,-0.038608,0,0,0,0,0,0,0,0,0,0,0
791.75,0,0,0,0,0,0,0,0,0,0,0,0,0,0,0,0,0,0,0,0,0,0,0.033423,-0.033432,0.108433,-0.10841,0.315757,-0.315763,0.542178,-0.542187,0.355141,-0.355134,0.126482,-0.126477,0.043157,-0.043169,0,0,0,0,0,0,0,0,0,0,0
795.5,0,0,0,0,0,0,0,0,0,0,0,0,0,0,0,0,0,0,0,0,0,0,0.027718,-0.027711,0.10032,-0.100315,0.296845,-0.296837,0.53844,-0.538463,0.375478,-0.375466,0.136522,-0.136523,0.04713,-0.04714,0,0,0,0,0,0,0,0,0,0,0
799.25,0,0,0,0,0,0,0,0,0,0,0,0,0,0,0,0,0,0,0,0,0,0,0.023275,-0.023268,0.09466,-0.094633,0.282993,-0.282991,0.534061,-0.534096,0.390841,-0.390841,0.144559,-0.144551,0.049866,-0.049861,0,0,0,0,0,0,0,0,0,0,0
803,0,0,0,0,0,0,0,0,0,0,0,0,0,0,0,0,0,0,0,0,0,0,0.017378,-0.017379,0.087622,-0.087619,0.265216,-0.265205,0.526327,-0.526347,0.410936,-0.410911,0.155819,-0.155844,0.053279,-0.053276,0,0,0,0,0,0,0,0,0,0,0
806.75,0,0,0,0,0,0,0,0,0,0,0,0,0,0,0,0,0,0,0,0,0,0,0.01177,-0.011752,0.081273,-0.081263,0.248096,-0.248112,0.516493,-0.516486,0.430503,-0.430489,0.167812,-0.167824,0.056607,-0.056612,0,0,0,0,0,0,0,0,0,0,0
810.5,0,0,0,0,0,0,0,0,0,0,0,0,0,0,0,0,0,0,0,0,0,0,0.006718,-0.00671,0.075528,-0.07551,0.231749,-0.231763,0.504622,-0.504623,0.44928,-0.449278,0.180599,-0.180596,0.060041,-0.060054,0,0,0,0,0,0,0,0,0,0,0
814.25,0,0,0,0,0,0,0,0,0,0,0,0,0,0,0,0,0,0,0,0,0,0,0.003433,-0.003427,0.071608,-0.071606,0.219969,-0.219958,0.494474,-0.494488,0.462668,-0.46268,0.190747,-0.190733,0.062817,-0.062816,0,0,0,0,0,0,0,0,0,0,0
818,0,0,0,0,0,0,0,0,0,0,0,0,0,0,0,0,0,0,0,0,0,0,0,0,0.066942,-0.066942,0.204994,-0.204993,0.479503,-0.479504,0.479309,-0.479309,0.204873,-0.204872,0.066907,-0.066907,0,0,0,0,0,0,0,0,0,0,0
821.75,0,0,0,0,0,0,0,0,0,0,0,0,0,0,0,0,0,0,0,0,0,0,0,0,0.062832,-0.062852,0.190846,-0.190846,0.462885,-0.462877,0.494315,-0.494292,0.219836,-0.219847,0.071556,-0.071563,0.003414,-0.003435,0,0,0,0,0,0,0,0,0
825.5,0,0,0,0,0,0,0,0,0,0,0,0,0,0,0,0,0,0,0,0,0,0,0,0,0.059218,-0.059226,0.177494,-0.177496,0.444977,-0.444976,0.507599,-0.507565,0.235562,-0.235591,0.076825,-0.076826,0.007883,-0.007884,0,0,0,0,0,0,0,0,0
829.25,0,0,0,0,0,0,0,0,0,0,0,0,0,0,0,0,0,0,0,0,0,0,0,0,0.056638,-0.056634,0.167932,-0.167921,0.430742,-0.430753,0.516325,-0.516326,0.247953,-0.247948,0.08121,-0.081211,0.011741,-0.011749,0,0,0,0,0,0,0,0,0
833,0,0,0,0,0,0,0,0,0,0,0,0,0,0,0,0,0,0,0,0,0,0,0,0,0.053297,-0.053292,0.155919,-0.155917,0.411139,-0.41115,0.526257,-0.526227,0.26503,-0.265038,0.087551,-0.087564,0.01735,-0.017365,0,0,0,0,0,0,0,0,0
836.75,0,0,0,0,0,0,0,0,0,0,0,0,0,0,0,0,0,0,0,0,0,0,0,0,0.04986,-0.049883,0.144657,-0.144653,0.391073,-0.39107,0.534023,-0.534023,0.282763,-0.282781,0.094565,-0.094555,0.023254,-0.023224,0,0,0,0,0,0,0,0,0
840.5,0,0,0,0,0,0,0,0,0,0,0,0,0,0,0,0,0,0,0,0,0,0,0,0,0.046214,-0.046213,0.134084,-0.134069,0.370691,-0.3707,0.539577,-0.539579,0.301253,-0.301235,0.102142,-0.10216,0.029125,-0.029136,0,0,0,0,0,0,0,0,0
844.25,0,0,0,0,0,0,0,0,0,0,0,0,0,0,0,0,0,0,0,0,0,0,0,0,0.043198,-0.043192,0.126556,-0.126553,0.355393,-0.355399,0.542147,-0.542141,0.315537,-0.315535,0.108313,-0.108316,0.033362,-0.033374,0,0,0,0,0,0,0,0,0
848,0,0,0,0,0,0,0,0,0,0,0,0,0,0,0,0,0,0,0,0,0,0,0,0,0.038639,-0.038641,0.117162,-0.117167,0.335304,-0.335306,0.543442,-0.54343,0.335062,-0.335064,0.117054,-0.117059,0.038592,-0.038594,0,0,0,0,0,0,0,0,0
851.75,0,0,0,0,0,0,0,0,0,0,0,0,0,0,0,0,0,0,0,0,0,0,0,0,0.033417,-0.033416,0.108436,-0.108441,0.315776,-0.315783,0.542203,-0.542185,0.355109,-0.355118,0.126434,-0.126442,0.043141,-0.043122,0,0,0,0,0,0,0,0,0
855.5,0,0,0,0,0,0,0,0,0,0,0,0,0,0,0,0,0,0,0,0,0,0,0,0,0.027705,-0.027709,0.100298,-0.100312,0.29685,-0.296842,0.538452,-0.538444,0.375502,-0.375496,0.136501,-0.136499,0.047104,-0.047126,0,0,0,0,0,0,0,0,0
859.25,0,0,0,0,0,0,0,0,0,0,0,0,0,0,0,0,0,0,0,0,0,0,0,0,0.023244,-0.02326,0.094644,-0.094642,0.282976,-0.282992,0.534117,-0.534088,0.390806,-0.390856,0.144547,-0.144518,0.049864,-0.049831,0,0,0,0,0,0,0,0,0
863,0,0,0,0,0,0,0,0,0,0,0,0,0,0,0,0,0,0,0,0,0,0,0,0,0.017383,-0.017378,0.08763,-0.087625,0.265229,-0.265211,0.526331,-0.526362,0.410937,-0.410917,0.155789,-0.155789,0.053244,-0.053265,0,0,0,0,0,0,0,0,0
866.75,0,0,0,0,0,0,0,0,0,0,0,0,0,0,0,0,0,0,0,0,0,0,0,0,0.011769,-0.01177,0.081261,-0.081256,0.248111,-0.248118,0.516472,-0.516466,0.430512,-0.430515,0.167807,-0.167802,0.05658,-0.056584,0,0,0,0,0,0,0,0,0
870.5,0,0,0,0,0,0,0,0,0,0,0,0,0,0,0,0,0,0,0,0,0,0,0,0,0.006719,-0.006711,0.075505,-0.075509,0.231758,-0.231751,0.504625,-0.504631,0.449272,-0.449291,0.180567,-0.180542,0.060034,-0.060037,0,0,0,0,0,0,0,0,0
874.25,0,0,0,0,0,0,0,0,0,0,0,0,0,0,0,0,0,0,0,0,0,0,0,0,0.003439,-0.003428,0.07162,-0.071584,0.219944,-0.219954,0.494485,-0.494499,0.462665,-0.462673,0.190713,-0.190683,0.062795,-0.062832,0,0,0,0,0,0,0,0,0
878,0,0,0,0,0,0,0,0,0,0,0,0,0,0,0,0,0,0,0,0,0,0,0,0,0,0,0.066947,-0.066947,0.204998,-0.204998,0.479495,-0.479495,0.47932,-0.47932,0.204841,-0.20484,0.066881,-0.066881,0,0,0,0,0,0,0,0,0
881.75,0,0,0,0,0,0,0,0,0,0,0,0,0,0,0,0,0,0,0,0,0,0,0,0,0,0,0.062818,-0.062876,0.190869,-0.190829,0.462851,-0.46286,0.494322,-0.494319,0.219821,-0.219814,0.071531,-0.071544,0.00344,-0.003432,0,0,0,0,0,0,0
885.5,0,0,0,0,0,0,0,0,0,0,0,0,0,0,0,0,0,0,0,0,0,0,0,0,0,0,0.059214,-0.059227,0.177496,-0.177502,0.444973,-0.444958,0.507593,-0.507605,0.235533,-0.235535,0.076797,-0.076779,0.00789,-0.007894,0,0,0,0,0,0,0
889.25,0,0,0,0,0,0,0,0,0,0,0,0,0,0,0,0,0,0,0,0,0,0,0,0,0,0,0.056638,-0.056638,0.167925,-0.167929,0.430713,-0.430708,0.516364,-0.516369,0.247932,-0.24792,0.081166,-0.081176,0.011745,-0.011754,0,0,0,0,0,0,0
893,0,0,0,0,0,0,0,0,0,0,0,0,0,0,0,0,0,0,0,0,0,0,0,0,0,0,0.053298,-0.053294,0.155916,-0.15592,0.411125,-0.411129,0.526266,-0.526245,0.264989,-0.264998,0.087516,-0.087518,0.017349,-0.017359,0,0,0,0,0,0,0
896.75,0,0,0,0,0,0,0,0,0,0,0,0,0,0,0,0,0,0,0,0,0,0,0,0,0,0,0.049904,-0.04988,0.144629,-0.144636,0.391034,-0.391042,0.534064,-0.534062,0.282694,-0.282728,0.094539,-0.094501,0.023243,-0.02323,0,0,0,0,0,0,0
900.5,0,0,0,0,0,0,0,0,0,0,0,0,0,0,0,0,0,0,0,0,0,0,0,0,0,0,0.046245,-0.046239,0.134033,-0.134038,0.370694,-0.370698,0.539596,-0.539585,0.301204,-0.301205,0.102126,-0.102134,0.02911,-0.029119,0,0,0,0,0,0,0
904.25,0,0,0,0,0,0,0,0,0,0,0,0,0,0,0,0,0,0,0,0,0,0,0,0,0,0,0.043191,-0.043196,0.126541,-0.126531,0.355356,-0.355357,0.542174,-0.542188,0.315484,-0.315488,0.108285,-0.108274,0.033381,-0.033376,0,0,0,0,0,0,0
908,0,0,0,0,0,0,0,0,0,0,0,0,0,0,0,0,0,0,0,0,0,0,0,0,0,0,0.038641,-0.038642,0.117138,-0.11714,0.335273,-0.335274,0.543458,-0.543453,0.335028,-0.335028,0.117015,-0.117016,0.038596,-0.038596,0,0,0,0,0,0,0
911.75,0,0,0,0,0,0,0,0,0,0,0,0,0,0,0,0,0,0,0,0,0,0,0,0,0,0,0.033415,-0.033415,0.108408,-0.108391,0.315735,-0.315757,0.54222,-0.542206,0.355078,-0.355091,0.126403,-0.126406,0.043143,-0.043123,0,0,0,0,0,0,0
915.5,0,0,0,0,0,0,0,0,0,0,0,0,0,0,0,0,0,0,0,0,0,0,0,0,0,0,0.027708,-0.027696,0.100273,-0.100297,0.296803,-0.296792,0.538481,-0.538474,0.375458,-0.375467,0.136479,-0.136473,0.047125,-0.047117,0,0,0,0,0,0,0
919.25,0,0,0,0,0,0,0,0,0,0,0,0,0,0,0,0,0,0,0,0,0,0,0,0,0,0,0.023261,-0.02326,0.09462,-0.094573,0.282978,-0.282998,0.534104,-0.534123,0.390809,-0.390814,0.144501,-0.14449,0.049858,-0.049862,0,0,0,0,0,0,0
923,0,0,0,0,0,0,0,0,0,0,0,0,0,0,0,0,0,0,0,0,0,0,0,0,0,0,0.017361,-0.017376,0.087596,-0.087602,0.265211,-0.265205,0.526357,-0.526353,0.410913,-0.410928,0.155763,-0.15576,0.053278,-0.053259,0,0,0,0,0,0,0
926.75,0,0,0,0,0,0,0,0,0,0,0,0,0,0,0,0,0,0,0,0,0,0,0,0,0,0,0.011767,-0.011765,0.081231,-0.081238,0.248096,-0.248099,0.516496,-0.516488,0.430507,-0.430511,0.167775,-0.167779,0.056604,-0.056593,0,0,0,0,0,0,0
930.5,0,0,0,0,0,0,0,0,0,0,0,0,0,0,0,0,0,0,0,0,0,0,0,0,0,0,0.006732,-0.006708,0.075504,-0.075497,0.231692,-0.231712,0.504635,-0.50463,0.449324,-0.449286,0.180518,-0.180557,0.060018,-0.060029,0,0,0,0,0,0,0
934.25,0,0,0,0,0,0,0,0,0,0,0,0,0,0,0,0,0,0,0,0,0,0,0,0,0,0,0.003439,-0.003445,0.071594,-0.071542,0.219919,-0.219945,0.494494,-0.494492,0.462692,-0.462709,0.190691,-0.190657,0.062806,-0.06284,0,0,0,0,0,0,0
938,0,0,0,0,0,0,0,0,0,0,0,0,0,0,0,0,0,0,0,0,0,0,0,0,0,0,0,0,0.066909,-0.066913,0.204966,-0.204971,0.479497,-0.479492,0.479344,-0.479338,0.204824,-0.204829,0.066892,-0.066895,0,0,0,0,0,0,0
941.75,0,0,0,0,0,0,0,0,0,0,0,0,0,0,0,0,0,0,0,0,0,0,0,0,0,0,0,0,0.062821,-0.062828,0.19081,-0.190777,0.462863,-0.462889,0.49434,-0.494357,0.219793,-0.219769,0.071539,-0.071551,0.003423,-0.003412,0,0,0,0,0
945.5,0,0,0,0,0,0,0,0,0,0,0,0,0,0,0,0,0,0,0,0,0,0,0,0,0,0,0,0,0.059176,-0.059191,0.177455,-0.177451,0.444926,-0.444922,0.507675,-0.507678,0.235545,-0.235547,0.076789,-0.076783,0.007875,-0.007872,0,0,0,0,0
949.25,0,0,0,0,0,0,0,0,0,0,0,0,0,0,0,0,0,0,0,0,0,0,0,0,0,0,0,0,0.056612,-0.056608,0.167891,-0.167908,0.43071,-0.430698,0.516408,-0.516389,0.247923,-0.247916,0.08117,-0.081191,0.011731,-0.011752,0,0,0,0,0
953,0,0,0,0,0,0,0,0,0,0,0,0,0,0,0,0,0,0,0,0,0,0,0,0,0,0,0,0,0.053275,-0.05327,0.155899,-0.155894,0.411125,-0.411134,0.526291,-0.526277,0.265,-0.264991,0.087537,-0.087564,0.017349,-0.017356,0,0,0,0,0
956.75,0,0,0,0,0,0,0,0,0,0,0,0,0,0,0,0,0,0,0,0,0,0,0,0,0,0,0,0,0.049887,-0.049869,0.144625,-0.144631,0.391019,-0.391019,0.534072,-0.534075,0.28277,-0.282754,0.094525,-0.094541,0.023222,-0.02324,0,0,0,0,0
960.5,0,0,0,0,0,0,0,0,0,0,0,0,0,0,0,0,0,0,0,0,0,0,0,0,0,0,0,0,0.046208,-0.046192,0.134061,-0.134049,0.370692,-0.370709,0.539607,-0.5396,0.301206,-0.301194,0.102143,-0.102167,0.029125,-0.029124,0,0,0,0,0
964.25,0,0,0,0,0,0,0,0,0,0,0,0,0,0,0,0,0,0,0,0,0,0,0,0,0,0,0,0,0.043169,-0.04316,0.126529,-0.126528,0.355337,-0.355346,0.542202,-0.542191,0.315515,-0.315514,0.108298,-0.108304,0.033375,-0.033383,0,0,0,0,0
968,0,0,0,0,0,0,0,0,0,0,0,0,0,0,0,0,0,0,0,0,0,0,0,0,0,0,0,0,0.038619,-0.03862,0.117142,-0.117144,0.335271,-0.335272,0.543473,-0.543469,0.335046,-0.335046,0.117047,-0.117049,0.038607,-0.038608,0,0,0,0,0
971.75,0,0,0,0,0,0,0,0,0,0,0,0,0,0,0,0,0,0,0,0,0,0,0,0,0,0,0,0,0.033409,-0.033402,0.108414,-0.108431,0.31574,-0.315735,0.542217,-0.542212,0.355124,-0.35512,0.126437,-0.126445,0.043179,-0.043179,0,0,0,0,0
975.5,0,0,0,0,0,0,0,0,0,0,0,0,0,0,0,0,0,0,0,0,0,0,0,0,0,0,0,0,0.027704,-0.027695,0.100304,-0.1003,0.296826,-0.296809,0.538473,-0.538513,0.375483,-0.375444,0.136523,-0.13655,0.047136,-0.047145,0,0,0,0,0
979.25,0,0,0,0,0,0,0,0,0,0,0,0,0,0,0,0,0,0,0,0,0,0,0,0,0,0,0,0,0.023254,-0.023259,0.094596,-0.09462,0.282984,-0.282976,0.534138,-0.534124,0.390837,-0.39083,0.144518,-0.144537,0.049898,-0.049887,0,0,0,0,0
983,0,0,0,0,0,0,0,0,0,0,0,0,0,0,0,0,0,0,0,0,0,0,0,0,0,0,0,0,0.017375,-0.017371,0.087609,-0.08764,0.265205,-0.265178,0.526377,-0.526389,0.410891,-0.410901,0.155855,-0.155847,0.053321,-0.053303,0,0,0,0,0
986.75,0,0,0,0,0,0,0,0,0,0,0,0,0,0,0,0,0,0,0,0,0,0,0,0,0,0,0,0,0.011753,-0.011762,0.081244,-0.081246,0.248088,-0.24809,0.516514,-0.516508,0.4305,-0.430512,0.167865,-0.167857,0.056646,-0.056639,0,0,0,0,0
990.5,0,0,0,0,0,0,0,0,0,0,0,0,0,0,0,0,0,0,0,0,0,0,0,0,0,0,0,0,0.006713,-0.006704,0.075519,-0.075502,0.231714,-0.231729,0.504639,-0.50464,0.449302,-0.449281,0.180621,-0.180635,0.060071,-0.060089,0,0,0,0,0
994.25,0,0,0,0,0,0,0,0,0,0,0,0,0,0,0,0,0,0,0,0,0,0,0,0,0,0,0,0,0.003427,-0.003432,0.071586,-0.071587,0.219925,-0.219928,0.494512,-0.494505,0.462676,-0.462686,0.190755,-0.190741,0.062854,-0.062866,0,0,0,0,0
998,0,0,0,0,0,0,0,0,0,0,0,0,0,0,0,0,0,0,0,0,0,0,0,0,0,0,0,0,0,0,0.066928,-0.066928,0.204973,-0.204973,0.47952,-0.47952,0.479336,-0.479336,0.204877,-0.204876,0.066905,-0.066904,0,0,0,0,0
1001.75,0,0,0,0,0,0,0,0,0,0,0,0,0,0,0,0,0,0,0,0,0,0,0,0,0,0,0,0,0,0,0.062801,-0.062894,0.19085,-0.190785,0.462873,-0.46288,0.494364,-0.494384,0.219795,-0.219792,0.071551,-0.071505,0.003423,-0.00343,0,0,0
1005.5,0,0,0,0,0,0,0,0,0,0,0,0,0,0,0,0,0,0,0,0,0,0,0,0,0,0,0,0,0,0,0.059225,-0.059207,0.177484,-0.177492,0.44495,-0.444945,0.507663,-0.507704,0.235532,-0.235499,0.07675,-0.076751,0.007868,-0.007874,0,0,0
1009.25,0,0,0,0,0,0,0,0,0,0,0,0,0,0,0,0,0,0,0,0,0,0,0,0,0,0,0,0,0,0,0.056615,-0.056616,0.167904,-0.167938,0.430775,-0.430748,0.51644,-0.51642,0.247846,-0.247867,0.081085,-0.081079,0.011717,-0.011712,0,0,0
1013,0,0,0,0,0,0,0,0,0,0,0,0,0,0,0,0,0,0,0,0,0,0,0,0,0,0,0,0,0,0,0.053285,-0.053269,0.155903,-0.155912,0.411161,-0.41117,0.526358,-0.526331,0.264927,-0.264937,0.087405,-0.087411,0.017297,-0.017314,0,0,0
1016.75,0,0,0,0,0,0,0,0,0,0,0,0,0,0,0,0,0,0,0,0,0,0,0,0,0,0,0,0,0,0,0.049879,-0.049894,0.144639,-0.144645,0.391108,-0.39109,0.534108,-0.534125,0.282669,-0.282668,0.094412,-0.094402,0.023175,-0.023164,0,0,0
1020.5,0,0,0,0,0,0,0,0,0,0,0,0,0,0,0,0,0,0,0,0,0,0,0,0,0,0,0,0,0,0,0.046227,-0.046203,0.134089,-0.134071,0.370697,-0.370732,0.539705,-0.53967,0.301116,-0.301118,0.102022,-0.102049,0.029071,-0.029076,0,0,0
1024.25,0,0,0,0,0,0,0,0,0,0,0,0,0,0,0,0,0,0,0,0,0,0,0,0,0,0,0,0,0,0,0.043181,-0.043171,0.126582,-0.126583,0.355392,-0.355379,0.542206,-0.542252,0.315481,-0.31549,0.10824,-0.1082,0.03334,-0.03333,0,0,0
1028,0,0,0,0,0,0,0,0,0,0,0,0,0,0,0,0,0,0,0,0,0,0,0,0,0,0,0,0,0,0,0.03863,-0.038632,0.117144,-0.117148,0.335293,-0.335294,0.543482,-0.543472,0.33507,-0.335072,0.117056,-0.11706,0.038588,-0.03859,0,0,0
1031.75,0,0,0,0,0,0,0,0,0,0,0,0,0,0,0,0,0,0,0,0,0,0,0,0,0,0,0,0,0,0,0.033398,-0.033398,0.108389,-0.108392,0.315723,-0.315726,0.542158,-0.542148,0.35524,-0.355239,0.126589,-0.126595,0.043179,-0.043177,0,0,0
1035.5,0,0,0,0,0,0,0,0,0,0,0,0,0,0,0,0,0,0,0,0,0,0,0,0,0,0,0,0,0,0,0.027706,-0.027697,0.100285,-0.100274,0.296771,-0.296744,0.538299,-0.538366,0.375687,-0.375671,0.136794,-0.136787,0.047219,-0.047216,0,0,0
1039.25,0,0,0,0,0,0,0,0,0,0,0,0,0,0,0,0,0,0,0,0,0,0,0,0,0,0,0,0,0,0,0.023257,-0.023266,0.094551,-0.094572,0.282864,-0.282858,0.533937,-0.533918,0.391084,-0.391093,0.14493,-0.14493,0.049966,-0.049958,0,0,0
1043,0,0,0,0,0,0,0,0,0,0,0,0,0,0,0,0,0,0,0,0,0,0,0,0,0,0,0,0,0,0,0.017372,-0.017346,0.087553,-0.087507,0.265017,-0.265041,0.526064,-0.526088,0.411288,-0.411272,0.1563,-0.156292,0.053386,-0.053432,0,0,0
1046.75,0,0,0,0,0,0,0,0,0,0,0,0,0,0,0,0,0,0,0,0,0,0,0,0,0,0,0,0,0,0,0.011745,-0.011758,0.081184,-0.081212,0.24802,-0.247992,0.516144,-0.516156,0.430857,-0.430771,0.168315,-0.168393,0.056738,-0.056751,0,0,0
1050.5,0,0,0,0,0,0,0,0,0,0,0,0,0,0,0,0,0,0,0,0,0,0,0,0,0,0,0,0,0,0,0.006698,-0.006691,0.075492,-0.075419,0.231601,-0.231624,0.504333,-0.504368,0.44957,-0.449486,0.181017,-0.181102,0.060167,-0.060163,0,0,0
1054.25,0,0,0,0,0,0,0,0,0,0,0,0,0,0,0,0,0,0,0,0,0,0,0,0,0,0,0,0,0,0,0.00343,-0.003431,0.071521,-0.071555,0.219823,-0.219851,0.494342,-0.494286,0.462844,-0.462851,0.191012,-0.191029,0.06291,-0.062882,0,0,0
1058,0,0,0,0,0,0,0,0,0,0,0,0,0,0,0,0,0,0,0,0,0,0,0,0,0,0,0,0,0,0,0,0,0.066931,-0.066933,0.204995,-0.204998,0.479505,-0.479502,0.479372,-0.479369,0.204861,-0.204863,0.066871,-0.066872,0,0,0
1061.75,0,0,0,0,0,0,0,0,0,0,0,0,0,0,0,0,0,0,0,0,0,0,0,0,0,0,0,0,0,0,0,0,0.062887,-0.062849,0.19089,-0.1909,0.463061,-0.463096,0.494023,-0.493956,0.219235,-0.219317,0.071313,-0.071319,0.006355,-0.006322,0
1065.5,0,0,0,0,0,0,0,0,0,0,0,0,0,0,0,0,0,0,0,0,0,0,0,0,0,0,0,0,0,0,0,0,0.0593,-0.059282,0.177691,-0.177684,0.445425,-0.445451,0.506771,-0.506775,0.234255,-0.234277,0.07637,-0.076365,0.014598,-0.014573,0
1069.25,0,0,0,0,0,0,0,0,0,0,0,0,0,0,0,0,0,0,0,0,0,0,0,0,0,0,0,0,0,0,0,0,0.056718,-0.056744,0.168244,-0.168236,0.431488,-0.43148,0.515103,-0.515121,0.246019,-0.24601,0.080525,-0.080523,0.021677,-0.021673,0
1073,0,0,0,0,0,0,0,0,0,0,0,0,0,0,0,0,0,0,0,0,0,0,0,0,0,0,0,0,0,0,0,0,0.05346,-0.053452,0.156371,-0.156365,0.412246,-0.412252,0.524469,-0.524461,0.262166,-0.262153,0.0865,-0.086515,0.031954,-0.031964,0
1076.75,0,0,0,0,0,0,0,0,0,0,0,0,0,0,0,0,0,0,0,0,0,0,0,0,0,0,0,0,0,0,0,0,0.0501,-0.050113,0.145301,-0.14534,0.392568,-0.392534,0.531693,-0.531693,0.278903,-0.278906,0.093101,-0.093111,0.042637,-0.042627,0
1080.5,0,0,0,0,0,0,0,0,0,0,0,0,0,0,0,0,0,0,0,0,0,0,0,0,0,0,0,0,0,0,0,0,0.046518,-0.046504,0.13494,-0.134974,0.372518,-0.372471,0.536743,-0.536809,0.296322,-0.296271,0.100228,-0.100256,0.053252,-0.053243,0
1084.25,0,0,0,0,0,0,0,0,0,0,0,0,0,0,0,0,0,0,0,0,0,0,0,0,0,0,0,0,0,0,0,0,0.043527,-0.043507,0.127596,-0.127595,0.357477,-0.35751,0.539021,-0.539002,0.309773,-0.309823,0.105993,-0.106027,0.060883,-0.060821,0
1088,0,0,0,0,0,0,0,0,0,0,0,0,0,0,0,0,0,0,0,0,0,0,0,0,0,0,0,0,0,0,0,0,0.039018,-0.039021,0.118447,-0.118447,0.337708,-0.337714,0.54,-0.539991,0.328297,-0.328298,0.11418,-0.114197,0.069957,-0.06995,0
1091.75,0,0,0,0,0,0,0,0,0,0,0,0,0,0,0,0,0,0,0,0,0,0,0,0,0,0,0,0,0,0,0,0,0.033862,-0.033852,0.109994,-0.109959,0.318423,-0.318433,0.53856,-0.53861,0.347371,-0.347372,0.122945,-0.122958,0.077666,-0.077638,0
1095.5,0,0,0,0,0,0,0,0,0,0,0,0,0,0,0,0,0,0,0,0,0,0,0,0,0,0,0,0,0,0,0,0,0.028158,-0.028156,0.102104,-0.102077,0.299667,-0.299712,0.534976,-0.534938,0.366617,-0.366631,0.132289,-0.132309,0.084146,-0.084135,0
1099.25,0,0,0,0,0,0,0,0,0,0,0,0,0,0,0,0,0,0,0,0,0,0,0,0,0,0,0,0,0,0,0,0,0.02374,-0.023738,0.0966,-0.096589,0.285993,-0.286049,0.530802,-0.530711,0.381145,-0.381134,0.139645,-0.139653,0.088388,-0.088416,0
1103,0,0,0,0,0,0,0,0,0,0,0,0,0,0,0,0,0,0,0,0,0,0,0,0,0,0,0,0,0,0,0,0,0.01785,-0.017869,0.089758,-0.089734,0.268556,-0.268535,0.523327,-0.523382,0.400094,-0.400095,0.14991,-0.149914,0.093489,-0.093473,0
1106.75,0,0,0,0,0,0,0,0,0,0,0,0,0,0,0,0,0,0,0,0,0,0,0,0,0,0,0,0,0,0,0,0,0.012174,-0.012179,0.083456,-0.083454,0.251772,-0.251803,0.514384,-0.514343,0.418064,-0.418152,0.160644,-0.160586,0.098191,-0.098172,0
1110.5,0,0,0,0,0,0,0,0,0,0,0,0,0,0,0,0,0,0,0,0,0,0,0,0,0,0,0,0,0,0,0,0,0.00704,-0.007047,0.077661,-0.077713,0.235844,-0.235861,0.503689,-0.503628,0.435142,-0.435314,0.171845,-0.171727,0.102788,-0.102755,0
1114.25,0,0,0,0,0,0,0,0,0,0,0,0,0,0,0,0,0,0,0,0,0,0,0,0,0,0,0,0,0,0,0,0,0.00366,-0.003627,0.073621,-0.073702,0.224584,-0.22447,0.494444,-0.494518,0.447248,-0.447228,0.180726,-0.18068,0.106497,-0.106528,0
1118,0,0,0,0,0,0,0,0,0,0,0,0,0,0,0,0,0,0,0,0,0,0,0,0,0,0,0,0,0,0,0,0,0,0,0.068812,-0.0688,0.210384,-0.210396,0.481337,-0.481323,0.461788,-0.461806,0.192643,-0.192606,0.111896,-0.111911,0
1121.75,0,0,0,0,0,0,0,0,0,0,0,0,0,0,0,0,0,0,0,0,0,0,0,0,0,0,0,0,0,0,0,0,0,0,0.064346,-0.064313,0.197207,-0.197297,0.467253,-0.46717,0.474338,-0.474446,0.205126,-0.20509,0.118123,-0.118094,0
1125.5,0,0,0,0,0,0,0,0,0,0,0,0,0,0,0,0,0,0,0,0,0,0,0,0,0,0,0,0,0,0,0,0,0,0,0.060285,-0.060256,0.185137,-0.185329,0.451984,-0.451812,0.485451,-0.485603,0.217882,-0.217911,0.125086,-0.125001,0
1129.25,0,0,0,0,0,0,0,0,0,0,0,0,0,0,0,0,0,0,0,0,0,0,0,0,0,0,0,0,0,0,0,0,0,0,0.057375,-0.057339,0.176316,-0.176277,0.439764,-0.439837,0.492894,-0.492735,0.228072,-0.228107,0.130668,-0.130718,0
1133,0,0,0,0,0,0,0,0,0,0,0,0,0,0,0,0,0,0,0,0,0,0,0,0,0,0,0,0,0,0,0,0,0,0,0.05378,-0.053769,0.165281,-0.165295,0.422951,-0.422928,0.501259,-0.501301,0.241527,-0.241483,0.138707,-0.138716,0
1136.75,0,0,0,0,0,0,0,0,0,0,0,0,0,0,0,0,0,0,0,0,0,0,0,0,0,0,0,0,0,0,0,0,0,0,0.050355,-0.050377,0.154638,-0.154615,0.405292,-0.405295,0.50845,-0.50845,0.255085,-0.255031,0.146943,-0.146973,0
1140.5,0,0,0,0,0,0,0,0,0,0,0,0,0,0,0,0,0,0,0,0,0,0,0,0,0,0,0,0,0,0,0,0,0,0,0.047067,-0.047037,0.144298,-0.144301,0.386833,-0.386831,0.51446,-0.51448,0.268459,-0.26844,0.155537,-0.155539,0
1144.25,0,0,0,0,0,0,0,0,0,0,0,0,0,0,0,0,0,0,0,0,0,0,0,0,0,0,0,0,0,0,0,0,0,0,0.044589,-0.044724,0.136711,-0.136504,0.3725,-0.372578,0.517859,-0.518014,0.278672,-0.278861,0.162332,-0.162182,0
1148,0,0,0,0,0,0,0,0,0,0,0,0,0,0,0,0,0,0,0,0,0,0,0,0,0,0,0,0,0,0,0,0,0,0,0.0414,-0.041392,0.126323,-0.126346,0.352994,-0.352971,0.522474,-0.522489,0.291354,-0.291335,0.170288,-0.170294,0
