position,BGA_05,BGA_06,BGA_07,BGA_08,BGA_09,BGA_10,BGA_11,BGA_12,BGA_13,BGA_14,BGA_15,BGA_16,BGA_17,BGA_18,BGA_19,BGA_20,BGA_21,BGA_22,BGA_23,BGA_24,BGA_25,BGA_26,BGA_27,BGA_28,BGA_29,BGA_30,BGA_00
2,0.248,0.248,0.4832,0.4832,-0.9681,-0.9681,0.7006,0.7006,0.1073,0.1073,-1.4921,-1.4921,0.0457,0.0457,0.5997,0.5997,0.3421,0.3421,0.1664,0.1664,0.0838,0.0838,0.0454,0.0454,0.0262,0.0262,0
4,0.2565,0.2565,0.5263,0.5262,-0.971,-0.9718,0.6377,0.6401,0.2032,0.2019,-1.4918,-1.493,-0.0203,-0.0188,0.6198,0.6215,0.3634,0.364,0.1789,0.1791,0.0915,0.0912,0.05,0.0502,0.029,0.0291,0
6.1,0.2653,0.2647,0.5712,0.5701,-0.9744,-0.9754,0.5768,0.5804,0.2946,0.296,-1.4908,-1.4936,-0.0839,-0.0829,0.6392,0.6409,0.3836,0.384,0.1904,0.1907,0.0978,0.0979,0.0544,0.0545,0.0314,0.0317,0
8.2,0.2748,0.275,0.6165,0.616,-0.9783,-0.9791,0.5188,0.5212,0.384,0.3852,-1.4909,-1.4913,-0.1453,-0.147,0.6567,0.6577,0.403,0.4031,0.2014,0.2012,0.1041,0.1047,0.0574,0.058,0.0338,0.0344,0
10.2,0.2861,0.2864,0.6633,0.6637,-0.9833,-0.9836,0.4631,0.4636,0.4714,0.4685,-1.4901,-1.4864,-0.2089,-0.2125,0.6742,0.6749,0.4225,0.4223,0.2126,0.2122,0.1101,0.1109,0.0604,0.062,0.0352,0.0366,0
12.3,0.3011,0.2995,0.7141,0.713,-0.9916,-0.9903,0.41,0.4085,0.5534,0.5476,-1.4848,-1.4798,-0.276,-0.2777,0.6923,0.6915,0.4415,0.441,0.2236,0.2223,0.1153,0.1151,0.0642,0.0659,0.0367,0.038,0
14.3,0.3197,0.3171,0.7681,0.7647,-1.0028,-1.0008,0.3582,0.3562,0.63,0.6246,-1.4751,-1.4728,-0.3426,-0.3404,0.7066,0.7053,0.4587,0.4581,0.2342,0.2299,0.1213,0.1193,0.0672,0.0692,0.0394,0.0401,0
16.4,0.3406,0.338,0.8246,0.8207,-1.0158,-1.0146,0.3065,0.3066,0.7038,0.6991,-1.4641,-1.4644,-0.4064,-0.4021,0.7167,0.7164,0.4741,0.4739,0.244,0.2386,0.1268,0.1249,0.0691,0.0727,0.0429,0.0428,0
18.4,0.3647,0.363,0.8851,0.8836,-1.0331,-1.0329,0.2572,0.258,0.7735,0.7702,-1.4518,-1.4511,-0.4675,-0.4661,0.7255,0.725,0.4888,0.4893,0.2515,0.2489,0.1302,0.1299,0.0709,0.0744,0.045,0.0436,0
20.4,0.394,0.3933,0.9543,0.955,-1.058,-1.0584,0.2104,0.2111,0.8367,0.8364,-1.4328,-1.4322,-0.5291,-0.5301,0.7319,0.7324,0.5029,0.5032,0.2574,0.2571,0.1328,0.133,0.073,0.0744,0.0445,0.0434,0
22.5,0.4294,0.4275,1.0341,1.0332,-1.0897,-1.0901,0.1648,0.1659,0.8944,0.8965,-1.4061,-1.4083,-0.5937,-0.5932,0.7366,0.7384,0.516,0.5156,0.2644,0.2641,0.1354,0.135,0.0755,0.0754,0.044,0.0444,0
24.6,0.4706,0.4673,1.1213,1.1191,-1.1266,-1.1259,0.12,0.1199,0.9498,0.9505,-1.3762,-1.3791,-0.6574,-0.6565,0.7376,0.7432,0.5274,0.5279,0.2713,0.2707,0.1373,0.1389,0.0795,0.0772,0.0443,0.0472,0
26.6,0.5172,0.5148,1.2084,1.2146,-1.1669,-1.1635,0.077,0.0703,1.0031,0.9996,-1.3453,-1.3437,-0.718,-0.7183,0.7366,0.7414,0.537,0.5375,0.2775,0.2781,0.1396,0.1464,0.0862,0.0829,0.0483,0.0505,0
28.6,0.5697,0.5669,1.2978,1.3102,-1.2046,-1.2011,0.0302,0.0214,1.0515,1.048,-1.3108,-1.3061,-0.7787,-0.7797,0.7366,0.736,0.5463,0.5437,0.286,0.2864,0.1449,0.1505,0.0917,0.0903,0.0549,0.0517,0
30.7,0.6259,0.6226,1.3989,1.4002,-1.2399,-1.2396,-0.0231,-0.0237,1.0966,1.0946,-1.2684,-1.2699,-0.8401,-0.8369,0.7334,0.734,0.555,0.5511,0.2897,0.2888,0.1491,0.1476,0.089,0.0889,0.0574,0.0518,0
32.8,0.6818,0.6805,1.5024,1.496,-1.2747,-1.2767,-0.0759,-0.0712,1.1389,1.1383,-1.2217,-1.2317,-0.8989,-0.8889,0.7292,0.731,0.559,0.5593,0.285,0.2851,0.1472,0.1455,0.082,0.082,0.0552,0.0548,0
34.8,0.738,0.7371,1.5962,1.5955,-1.3042,-1.3066,-0.1276,-0.124,1.1857,1.1843,-1.1845,-1.1927,-0.9475,-0.9407,0.7235,0.7275,0.5574,0.5614,0.2792,0.2819,0.1443,0.1425,0.0792,0.0743,0.0495,0.0568,0
36.9,0.7917,0.7905,1.6819,1.6814,-1.3232,-1.3243,-0.1819,-0.1796,1.2423,1.2347,-1.1597,-1.1582,-0.9831,-0.9849,0.7131,0.7208,0.5534,0.556,0.2735,0.2767,0.1399,0.1349,0.0752,0.0667,0.0433,0.0487,0
38.9,0.8409,0.841,1.7532,1.7506,-1.3287,-1.3287,-0.2384,-0.2372,1.3014,1.2934,-1.1381,-1.1329,-1.015,-1.0192,0.7037,0.7089,0.5471,0.5479,0.2657,0.2659,0.1292,0.1271,0.0668,0.0627,0.0368,0.0369,0
41,0.8863,0.8876,1.8055,1.8069,-1.3213,-1.3207,-0.2966,-0.2972,1.3656,1.3633,-1.1213,-1.1194,-1.0452,-1.0468,0.6958,0.6977,0.5373,0.5372,0.2532,0.2522,0.1171,0.1179,0.0583,0.0578,0.031,0.0307,0
43,0.9233,0.9239,1.839,1.8411,-1.2975,-1.2974,-0.3577,-0.3585,1.4423,1.4436,-1.1164,-1.1159,-1.0661,-1.0668,0.6867,0.6861,0.5216,0.5222,0.2362,0.236,0.1055,0.1054,0.0495,0.0493,0.0253,0.0254,0
45,0.9498,0.9487,1.8489,1.8478,-1.2551,-1.2563,-0.4216,-0.4206,1.5316,1.5332,-1.1231,-1.1203,-1.0784,-1.081,0.678,0.675,0.5001,0.503,0.2166,0.2167,0.0916,0.0912,0.0393,0.0388,0.0185,0.0184,0
47.1,0.9663,0.9636,1.8351,1.8317,-1.1976,-1.1993,-0.4867,-0.4846,1.6311,1.6294,-1.1364,-1.1311,-1.0852,-1.0884,0.6683,0.664,0.4765,0.4794,0.1947,0.195,0.076,0.076,0.0287,0.0277,0.0113,0.011,0
49.1,0.9708,0.9683,1.7986,1.797,-1.1266,-1.1288,-0.5522,-0.55,1.7339,1.732,-1.1513,-1.1466,-1.0871,-1.0889,0.6559,0.6506,0.4529,0.4541,0.1722,0.1718,0.0603,0.0606,0.018,0.0173,0.0038,0.0036,0
51.2,0.9627,0.9635,1.7404,1.7421,-1.043,-1.0447,-0.6172,-0.617,1.8342,1.841,-1.1637,-1.1635,-1.0868,-1.0893,0.6418,0.6414,0.4274,0.4283,0.1502,0.1482,0.0454,0.0452,0.0076,0.0064,-0.004,-0.0033,0
53.3,0.9457,0.9486,1.6673,1.6666,-0.9502,-0.9485,-0.6818,-0.6843,1.9347,1.9446,-1.1731,-1.1741,-1.0875,-1.0915,0.6298,0.6335,0.4024,0.4027,0.128,0.1264,0.0305,0.03,-0.0024,-0.0049,-0.0112,-0.0104,0
55.3,0.9227,0.9223,1.5795,1.5787,-0.8485,-0.8454,-0.7466,-0.7493,2.0311,2.0349,-1.1755,-1.1746,-1.0908,-1.0932,0.6173,0.619,0.3831,0.3822,0.1085,0.1088,0.0175,0.0177,-0.0106,-0.0137,-0.0164,-0.0166,0
57.4,0.8909,0.8874,1.4773,1.4818,-0.7369,-0.7383,-0.8103,-0.8102,2.1107,2.113,-1.1636,-1.1643,-1.0956,-1.0978,0.5986,0.6029,0.3686,0.3678,0.0951,0.0958,0.0086,0.0088,-0.0177,-0.0199,-0.0207,-0.0202,0
59.4,0.8496,0.8483,1.3712,1.3747,-0.6218,-0.6267,-0.8701,-0.8673,2.1703,2.1706,-1.135,-1.137,-1.1051,-1.107,0.5788,0.5854,0.3588,0.3579,0.086,0.0868,0.0024,0.002,-0.0246,-0.0242,-0.0241,-0.0224,0
61.5,0.802,0.802,1.2624,1.2612,-0.5069,-0.5095,-0.923,-0.9206,2.2071,2.2028,-1.0896,-1.0899,-1.1206,-1.1208,0.5595,0.5625,0.3552,0.3547,0.0818,0.0826,-0.0014,-0.0015,-0.0275,-0.0262,-0.0258,-0.0246,0
63.5,0.748,0.7491,1.1507,1.1487,-0.3919,-0.3916,-0.9674,-0.967,2.212,2.2095,-1.0233,-1.0227,-1.1429,-1.1428,0.5367,0.5367,0.3585,0.359,0.0845,0.0852,-0.0011,-0.0007,-0.0258,-0.0256,-0.0254,-0.0249,0
65.5,0.6903,0.6929,1.0407,1.0391,-0.2777,-0.2785,-1.0025,-1.0025,2.1821,2.1845,-0.9345,-0.9337,-1.1734,-1.1737,0.5097,0.5077,0.3705,0.3707,0.0934,0.0952,0.0044,0.0047,-0.0206,-0.0211,-0.0224,-0.0216,0
67.6,0.631,0.6326,0.9328,0.9324,-0.1664,-0.1696,-1.0276,-1.0265,2.1234,2.1259,-0.827,-0.8248,-1.2105,-1.2121,0.4777,0.4764,0.3893,0.3881,0.1091,0.1112,0.0152,0.0151,-0.0134,-0.0145,-0.0179,-0.0171,0
69.7,0.5684,0.569,0.8284,0.8276,-0.0588,-0.0639,-1.0432,-1.0408,2.0419,2.0415,-0.7039,-0.703,-1.2555,-1.2547,0.4443,0.4421,0.4121,0.4098,0.1313,0.1326,0.0281,0.0281,-0.0063,-0.0077,-0.0136,-0.0127,0
71.7,0.5046,0.5051,0.729,0.7276,0.0424,0.0383,-1.05,-1.0477,1.9405,1.9399,-0.5698,-0.5737,-1.3048,-1.2985,0.409,0.4024,0.4379,0.4369,0.1562,0.1573,0.0417,0.0426,0.0028,0.002,-0.0084,-0.0075,0
73.8,0.4412,0.4438,0.6365,0.6385,0.1353,0.1347,-1.0493,-1.0483,1.8255,1.8223,-0.431,-0.4369,-1.3524,-1.345,0.3664,0.3615,0.4663,0.4667,0.1833,0.1838,0.0577,0.0592,0.015,0.0124,-0.0014,-0.002,0
75.8,0.3818,0.3873,0.5526,0.5566,0.224,0.221,-1.0439,-1.0418,1.6997,1.6939,-0.2903,-0.2939,-1.4003,-1.3951,0.3203,0.3172,0.4968,0.4978,0.2129,0.214,0.0758,0.0774,0.0276,0.0234,0.0066,0.0057,0
77.8,0.3299,0.3332,0.4778,0.4803,0.305,0.3018,-1.0336,-1.032,1.565,1.5627,-0.1486,-0.1501,-1.4489,-1.4453,0.2722,0.2671,0.5288,0.5314,0.2434,0.246,0.0947,0.0969,0.0389,0.0374,0.0157,0.0151,0
79.9,0.2819,0.282,0.4122,0.4131,0.3784,0.3801,-1.0216,-1.0223,1.4305,1.432,-0.0082,-0.0123,-1.4937,-1.4893,0.219,0.2149,0.5619,0.563,0.2738,0.2755,0.114,0.1157,0.0501,0.0507,0.024,0.023,0
82,0.238,0.238,0.3563,0.3561,0.4503,0.4517,-1.0127,-1.0134,1.3019,1.3037,0.1255,0.1209,-1.5313,-1.5274,0.1626,0.1605,0.5923,0.5917,0.3034,0.304,0.1336,0.1341,0.0616,0.0618,0.0302,0.0298,0
84,0.2014,0.2013,0.3106,0.3102,0.5206,0.5182,-1.0083,-1.0073,1.1798,1.1793,0.2508,0.2504,-1.562,-1.561,0.1026,0.1017,0.6203,0.6197,0.3329,0.3331,0.1526,0.1532,0.073,0.0733,0.0367,0.0373,0
86,0.1721,0.1724,0.2758,0.2757,0.5872,0.5844,-1.008,-1.007,1.0628,1.0618,0.3707,0.3724,-1.5873,-1.587,0.0394,0.0381,0.6475,0.6458,0.362,0.3621,0.1708,0.1731,0.0852,0.085,0.0434,0.0453,0
88.1,0.1504,0.1509,0.2521,0.2526,0.65,0.6497,-1.0103,-1.0115,0.947,0.9505,0.4829,0.486,-1.6016,-1.6013,-0.0275,-0.031,0.6719,0.67,0.3903,0.3893,0.1893,0.1917,0.0972,0.0968,0.0508,0.053,0
90.2,0.1364,0.1344,0.2417,0.2403,0.7107,0.7106,-1.015,-1.0169,0.8331,0.8395,0.5876,0.5907,-1.6025,-1.6035,-0.1011,-0.1026,0.6934,0.6906,0.4186,0.415,0.209,0.2093,0.1107,0.1081,0.0591,0.0624,0
92.2,0.1289,0.1257,0.2392,0.2365,0.7721,0.7717,-1.0243,-1.0257,0.7229,0.7289,0.6894,0.6898,-1.598,-1.6008,-0.1793,-0.1736,0.7152,0.7074,0.4463,0.4424,0.2276,0.2267,0.1219,0.1177,0.0669,0.0705,0
94.3,0.1253,0.1234,0.2358,0.2392,0.8371,0.8342,-1.0364,-1.0377,0.6142,0.6213,0.7862,0.7834,-1.5883,-1.5917,-0.2595,-0.2499,0.7384,0.7273,0.4719,0.471,0.2428,0.2415,0.1277,0.1289,0.0725,0.0728,0
96.3,0.1251,0.1246,0.2403,0.2457,0.8974,0.897,-1.0459,-1.0485,0.5042,0.5127,0.8733,0.8701,-1.5677,-1.5702,-0.3395,-0.3334,0.7558,0.75,0.496,0.4971,0.2567,0.2568,0.1354,0.141,0.0755,0.0754,0
98.3,0.1294,0.1307,0.2568,0.2574,0.9515,0.9568,-1.0527,-1.0566,0.3926,0.4,0.9532,0.9524,-1.5394,-1.5403,-0.4175,-0.4178,0.7679,0.7684,0.5189,0.5222,0.2708,0.2705,0.1446,0.1488,0.0803,0.0806,0
100.4,0.1366,0.1383,0.2746,0.2735,1.0063,1.0101,-1.0576,-1.0595,0.2813,0.2846,1.0286,1.0273,-1.5044,-1.5043,-0.5003,-0.501,0.783,0.784,0.5418,0.5463,0.2844,0.2818,0.1516,0.1527,0.0855,0.0848,0
102.5,0.1464,0.1473,0.2901,0.2893,1.0593,1.0615,-1.0591,-1.0591,0.1707,0.1701,1.0945,1.0923,-1.459,-1.4592,-0.5875,-0.5858,0.7994,0.7995,0.5654,0.5667,0.2963,0.2947,0.1562,0.1563,0.0877,0.0879,0
104.5,0.1602,0.1599,0.3073,0.3072,1.1105,1.1126,-1.0589,-1.0579,0.0595,0.0562,1.1516,1.1508,-1.4048,-1.405,-0.6747,-0.6734,0.8126,0.8128,0.5874,0.5873,0.3067,0.3063,0.1602,0.1606,0.0898,0.0902,0
106.6,0.1767,0.1743,0.3255,0.3264,1.1589,1.1613,-1.0547,-1.0528,-0.0556,-0.0611,1.2067,1.2067,-1.3445,-1.3449,-0.7642,-0.7637,0.8215,0.8238,0.6079,0.6091,0.3169,0.3165,0.1647,0.1649,0.0922,0.0922,0
108.6,0.1914,0.188,0.3431,0.3445,1.2042,1.2072,-1.0436,-1.0428,-0.1787,-0.1822,1.2613,1.2621,-1.2784,-1.2789,-0.8551,-0.8559,0.8275,0.8309,0.6266,0.6279,0.3254,0.3255,0.1676,0.1677,0.0935,0.093,0
110.7,0.2026,0.2007,0.36,0.361,1.2495,1.2506,-1.0288,-1.0282,-0.3053,-0.3076,1.3135,1.3157,-1.2063,-1.207,-0.9446,-0.9455,0.8309,0.8326,0.6414,0.6427,0.3307,0.3319,0.1684,0.1694,0.0933,0.0918,0
112.7,0.214,0.2134,0.3739,0.3734,1.2911,1.2897,-1.0094,-1.0078,-0.4328,-0.436,1.3637,1.3661,-1.1319,-1.1342,-1.0314,-1.0308,0.83,0.8323,0.654,0.6551,0.3346,0.3363,0.168,0.1699,0.0932,0.091,0
114.8,0.227,0.2263,0.3859,0.3838,1.3257,1.3224,-0.9835,-0.9825,-0.5621,-0.5629,1.4113,1.4128,-1.0603,-1.0629,-1.113,-1.1115,0.8276,0.8294,0.6657,0.6661,0.339,0.339,0.1678,0.169,0.0938,0.0909,0
116.8,0.2388,0.2385,0.3969,0.3951,1.3543,1.3513,-0.954,-0.9539,-0.6893,-0.6888,1.4555,1.4563,-0.9944,-0.9944,-1.1846,-1.1838,0.8255,0.8231,0.6744,0.6744,0.342,0.3405,0.1683,0.1685,0.0915,0.0903,0
118.8,0.2479,0.2491,0.4046,0.4041,1.3765,1.3759,-0.9211,-0.9214,-0.8128,-0.8122,1.498,1.4979,-0.9369,-0.9349,-1.2455,-1.2461,0.8229,0.8191,0.6804,0.6812,0.3422,0.3414,0.168,0.1678,0.0882,0.0885,0
120.9,0.2548,0.2564,0.4093,0.4094,1.3908,1.3912,-0.8834,-0.884,-0.9307,-0.9297,1.5384,1.5379,-0.8906,-0.8894,-1.2949,-1.2956,0.8205,0.8193,0.6854,0.6864,0.3416,0.3418,0.1664,0.1662,0.0866,0.0868,0
123,0.2606,0.2612,0.4122,0.4122,1.3977,1.3983,-0.8431,-0.8437,-1.041,-1.0399,1.5774,1.5765,-0.8605,-0.86,-1.327,-1.3274,0.8199,0.8205,0.6885,0.6883,0.3407,0.3411,0.1645,0.1644,0.0851,0.0852,0
125,0.2642,0.2642,0.4122,0.4122,1.3979,1.3981,-0.8012,-0.8019,-1.1414,-1.1404,1.616,1.6153,-0.8516,-0.8505,-1.3401,-1.3411,0.8242,0.8244,0.6892,0.6888,0.3391,0.3392,0.1624,0.1624,0.0834,0.0835,0
127.1,0.2646,0.2655,0.4096,0.4099,1.39,1.3907,-0.7576,-0.7581,-1.2304,-1.2299,1.6544,1.654,-0.8651,-0.8631,-1.3355,-1.3369,0.8339,0.8326,0.6892,0.6889,0.3373,0.3369,0.1605,0.1605,0.082,0.0822,0
129.1,0.2633,0.2653,0.4058,0.4064,1.3757,1.3782,-0.7126,-0.7142,-1.31,-1.3088,1.6921,1.6922,-0.8981,-0.8962,-1.3142,-1.3147,0.8479,0.8445,0.6887,0.6877,0.3352,0.3344,0.1589,0.1587,0.0809,0.0811,0
131.2,0.2614,0.2626,0.4007,0.4002,1.3574,1.359,-0.6665,-0.6689,-1.3811,-1.3782,1.7295,1.7288,-0.9476,-0.9458,-1.2767,-1.2771,0.8636,0.8607,0.6867,0.6851,0.3324,0.331,0.1572,0.1565,0.0795,0.0795,0
133.2,0.2577,0.2582,0.3935,0.3921,1.3338,1.3344,-0.6193,-0.6219,-1.4444,-1.4407,1.7672,1.7654,-1.0126,-1.0096,-1.2243,-1.2268,0.8797,0.8797,0.6827,0.6813,0.3287,0.3268,0.1547,0.1544,0.0786,0.0783,0
135.3,0.2526,0.2535,0.3855,0.3847,1.3064,1.3084,-0.5711,-0.5756,-1.5031,-1.498,1.8052,1.8046,-1.0884,-1.0865,-1.1635,-1.1657,0.8987,0.8994,0.6775,0.6758,0.3248,0.323,0.1525,0.1522,0.0793,0.077,0
137.3,0.2479,0.2476,0.3776,0.3758,1.2774,1.2785,-0.5242,-0.5271,-1.5564,-1.5519,1.8443,1.8421,-1.1713,-1.1721,-1.0969,-1.0944,0.9192,0.9182,0.6715,0.669,0.3202,0.3172,0.1503,0.1504,0.079,0.0758,0
139.3,0.2422,0.2418,0.3695,0.3661,1.2465,1.2443,-0.4771,-0.4764,-1.6053,-1.6036,1.8831,1.8787,-1.2612,-1.2607,-1.022,-1.0198,0.9382,0.9369,0.6634,0.6628,0.3134,0.3103,0.1471,0.149,0.0771,0.0782,0
141.4,0.2351,0.2369,0.3586,0.3574,1.2139,1.2104,-0.4275,-0.4265,-1.6552,-1.6546,1.9208,1.9176,-1.3535,-1.3507,-0.9425,-0.9442,0.955,0.9547,0.6535,0.655,0.3066,0.3056,0.1444,0.1454,0.0753,0.0793,0
143.4,0.2279,0.2294,0.3455,0.3468,1.1804,1.1774,-0.3761,-0.3749,-1.7072,-1.7076,1.9578,1.9566,-1.4408,-1.4397,-0.8651,-0.8656,0.9689,0.9686,0.6444,0.6448,0.3014,0.3014,0.142,0.1418,0.0727,0.0744,0
145.5,0.221,0.2204,0.3338,0.3345,1.1469,1.1458,-0.3236,-0.3222,-1.7611,-1.762,1.9939,1.993,-1.5229,-1.5226,-0.7938,-0.7931,0.9816,0.981,0.638,0.6366,0.2975,0.2974,0.1405,0.1403,0.0724,0.0704,0
147.6,0.2145,0.2124,0.3235,0.3233,1.1141,1.1153,-0.2704,-0.2692,-1.8168,-1.8176,2.0298,2.0286,-1.6023,-1.6029,-0.7293,-0.7276,0.9951,0.9955,0.6337,0.6321,0.2952,0.2951,0.1407,0.1401,0.0736,0.0696,0
149.6,0.2097,0.206,0.317,0.316,1.0832,1.0852,-0.2172,-0.218,-1.874,-1.873,2.062,2.0618,-1.6769,-1.6806,-0.6685,-0.6627,1.0099,1.0082,0.6301,0.6291,0.2947,0.2946,0.1424,0.1426,0.0746,0.0728,0
151.7,0.2064,0.202,0.3109,0.3098,1.0579,1.0585,-0.1664,-0.1686,-1.9319,-1.9269,2.0921,2.0869,-1.7486,-1.7501,-0.6067,-0.6005,1.0238,1.0208,0.628,0.6267,0.2953,0.2953,0.1449,0.1442,0.0767,0.0783,0
153.7,0.2005,0.2011,0.3004,0.3006,1.0374,1.0371,-0.1187,-0.1183,-1.9879,-1.9834,2.1196,2.1097,-1.8179,-1.8164,-0.544,-0.5402,1.0361,1.0385,0.6277,0.6241,0.2952,0.2958,0.1462,0.1427,0.077,0.079,0
155.8,0.1951,0.199,0.292,0.2923,1.0174,1.0163,-0.0713,-0.0677,-2.0407,-2.0402,2.1405,2.1331,-1.883,-1.8829,-0.4834,-0.4788,1.0519,1.0557,0.6284,0.6226,0.2944,0.2946,0.1457,0.1431,0.0762,0.0768,0
157.8,0.1928,0.1923,0.2857,0.2848,0.9964,0.9942,-0.0214,-0.0176,-2.0948,-2.0947,2.1589,2.1522,-1.9462,-1.944,-0.4197,-0.4174,1.0678,1.0677,0.6276,0.6242,0.294,0.2929,0.144,0.1448,0.0756,0.0754,0
159.8,0.1879,0.1859,0.2772,0.2762,0.9727,0.9722,0.0311,0.0331,-2.1485,-2.1481,2.1714,2.1664,-2.0015,-1.9976,-0.3537,-0.3553,1.0781,1.077,0.6263,0.6263,0.294,0.2927,0.143,0.1444,0.0737,0.0738,0
161.9,0.1821,0.1818,0.2685,0.2683,0.9502,0.9509,0.0818,0.0836,-2.1967,-2.1977,2.177,2.1752,-2.0495,-2.0477,-0.2924,-0.2936,1.0876,1.0879,0.628,0.6279,0.2948,0.2939,0.1441,0.1441,0.0729,0.0731,0
163.9,0.1777,0.1777,0.2604,0.2608,0.9295,0.9298,0.1311,0.1329,-2.2407,-2.2419,2.179,2.1782,-2.0952,-2.0944,-0.2332,-0.2337,1.0984,1.0993,0.6308,0.6302,0.297,0.2963,0.1457,0.145,0.0736,0.0737,0
166,0.1726,0.1724,0.252,0.252,0.9077,0.908,0.1806,0.1814,-2.2793,-2.2802,2.1746,2.1751,-2.135,-2.1349,-0.174,-0.1744,1.1076,1.1073,0.633,0.6329,0.2998,0.2995,0.1468,0.1464,0.0745,0.0745,0
168.1,0.1666,0.1664,0.2426,0.2422,0.884,0.8842,0.2292,0.23,-2.3102,-2.3114,2.1636,2.1646,-2.1682,-2.1683,-0.1141,-0.1142,1.1129,1.1113,0.6345,0.6345,0.3024,0.3025,0.1475,0.1475,0.0753,0.0753,0
170.1,0.1592,0.1595,0.2325,0.2319,0.858,0.8581,0.2771,0.2776,-2.3339,-2.3341,2.1467,2.1462,-2.1951,-2.1945,-0.0535,-0.0538,1.1131,1.1128,0.6353,0.6351,0.3048,0.3049,0.1481,0.1481,0.076,0.0757,0
172.2,0.1513,0.152,0.2221,0.2213,0.8315,0.8317,0.3232,0.3231,-2.3498,-2.3484,2.1235,2.1209,-2.2151,-2.2139,0.006,0.0055,1.1103,1.1126,0.6342,0.6347,0.3069,0.307,0.1485,0.1484,0.0768,0.0756,0
174.2,0.1434,0.1434,0.2118,0.2103,0.8041,0.8048,0.3673,0.366,-2.3571,-2.3549,2.0931,2.0907,-2.2284,-2.2274,0.0654,0.065,1.1057,1.1075,0.631,0.6317,0.3084,0.3081,0.1482,0.1481,0.0774,0.0762,0
176.3,0.1359,0.1349,0.2019,0.2005,0.776,0.7748,0.4093,0.4073,-2.3568,-2.3551,2.0561,2.0565,-2.2334,-2.2358,0.1216,0.1244,1.0985,1.1,0.6267,0.6277,0.3087,0.3089,0.1473,0.1472,0.0774,0.0777,0
178.3,0.1292,0.1277,0.1933,0.1932,0.7509,0.7456,0.4467,0.4463,-2.3513,-2.35,2.0165,2.0168,-2.2333,-2.238,0.1731,0.1805,1.0902,1.0916,0.6223,0.6235,0.3107,0.3121,0.1479,0.1477,0.0794,0.08,0
180.3,0.1202,0.1185,0.1848,0.185,0.7255,0.7205,0.4806,0.4822,-2.3388,-2.338,1.9729,1.9711,-2.2282,-2.23,0.2242,0.2295,1.0815,1.0818,0.6167,0.6162,0.3132,0.3147,0.1488,0.1484,0.0815,0.0811,0
182.4,0.1072,0.1064,0.1739,0.174,0.6946,0.694,0.5146,0.5162,-2.318,-2.3193,1.9219,1.9227,-2.2122,-2.2143,0.2719,0.2744,1.0718,1.0735,0.6061,0.6062,0.3114,0.3124,0.1479,0.1472,0.0801,0.0803,0
184.4,0.0944,0.0938,0.1634,0.1638,0.6656,0.6666,0.5465,0.5464,-2.2929,-2.2945,1.8685,1.8716,-2.1901,-2.1951,0.3145,0.3191,1.0611,1.064,0.5927,0.5947,0.3091,0.3097,0.1467,0.146,0.079,0.0799,0
186.5,0.0823,0.082,0.1555,0.1558,0.6422,0.642,0.5728,0.5722,-2.264,-2.2635,1.8156,1.8159,-2.1674,-2.1698,0.3555,0.3591,1.05,1.0513,0.5802,0.5814,0.308,0.3084,0.1462,0.1458,0.0795,0.0798,0
188.6,0.0702,0.0703,0.1493,0.1494,0.6196,0.6187,0.5953,0.5958,-2.231,-2.2302,1.7609,1.7593,-2.1404,-2.1401,0.3919,0.3931,1.0396,1.0402,0.5675,0.5673,0.3066,0.3068,0.1461,0.146,0.0801,0.0805,0
190.6,0.0584,0.0586,0.1443,0.1445,0.5982,0.5969,0.6169,0.6191,-2.2,-2.2004,1.7085,1.7072,-2.1135,-2.1131,0.4232,0.4244,1.0332,1.0329,0.5545,0.5539,0.3051,0.3061,0.1474,0.1468,0.0814,0.0823,0
192.7,0.0478,0.0474,0.1398,0.1411,0.5816,0.5801,0.6404,0.6425,-2.1795,-2.1808,1.6652,1.6655,-2.0962,-2.0969,0.4541,0.4561,1.0334,1.0316,0.5441,0.5429,0.3044,0.3065,0.1495,0.1493,0.0834,0.0839,0
194.7,0.0379,0.0368,0.1356,0.1384,0.5688,0.5686,0.6702,0.6697,-2.1777,-2.1795,1.6367,1.6399,-2.0969,-2.0985,0.4901,0.4898,1.04,1.0379,0.5401,0.5382,0.3064,0.3079,0.1519,0.1534,0.0859,0.086,0
196.8,0.0276,0.0266,0.1325,0.1345,0.559,0.56,0.7094,0.708,-2.2038,-2.2051,1.6308,1.6337,-2.1235,-2.1237,0.5326,0.5294,1.0569,1.0551,0.5441,0.5433,0.3108,0.3117,0.1555,0.1574,0.0889,0.0892,0
198.8,0.0187,0.0181,0.1309,0.1306,0.5564,0.5573,0.7623,0.7595,-2.2669,-2.2677,1.6514,1.6546,-2.1838,-2.1834,0.5828,0.5775,1.0906,1.0887,0.5597,0.5611,0.3195,0.3206,0.1624,0.1633,0.0933,0.0938,0
200.8,0.0118,0.012,0.1285,0.1278,0.5632,0.5628,0.8319,0.8283,-2.3746,-2.3756,1.7034,1.7075,-2.2871,-2.2854,0.6462,0.6363,1.1444,1.1434,0.5926,0.5937,0.3336,0.3349,0.1724,0.1728,0.0991,0.0991,0
202.9,0.0072,0.0078,0.1255,0.1254,0.5801,0.577,0.9225,0.922,-2.5374,-2.5391,1.7947,1.7973,-2.4437,-2.4409,0.7253,0.7149,1.2229,1.2242,0.6448,0.6443,0.354,0.355,0.1857,0.1858,0.107,0.1062,0
204.9,0.0068,0.0068,0.1236,0.1235,0.6075,0.6042,1.0408,1.0428,-2.7658,-2.7677,1.9294,1.9306,-2.6624,-2.6611,0.8244,0.8198,1.3315,1.3327,0.7188,0.7183,0.3833,0.3834,0.204,0.2039,0.1177,0.1171,0
207,0.0102,0.0098,0.1221,0.1222,0.6469,0.6457,1.1921,1.1933,-3.0666,-3.0665,2.1103,2.1094,-2.9508,-2.95,0.9498,0.9503,1.4744,1.4724,0.8191,0.8195,0.4215,0.4211,0.2272,0.2272,0.1311,0.1307,0
209.1,0.0169,0.0162,0.1208,0.1203,0.6978,0.6989,1.3778,1.376,-3.4375,-3.4364,2.3335,2.3335,-3.3065,-3.3073,1.1032,1.106,1.6511,1.6471,0.9471,0.9467,0.4686,0.4681,0.2549,0.255,0.1468,0.1464,0
211.1,0.026,0.0253,0.1204,0.118,0.7584,0.7644,1.5906,1.5866,-3.8624,-3.8637,2.5871,2.5916,-3.7158,-3.7195,1.2825,1.2841,1.8534,1.8508,1.097,1.0952,0.5246,0.5223,0.287,0.286,0.1645,0.1646,0
213.2,0.0386,0.0371,0.1198,0.1163,0.8326,0.8408,1.8179,1.814,-4.3204,-4.321,2.8592,2.8622,-4.1596,-4.1608,1.4788,1.4763,2.0737,2.0731,1.2611,1.2607,0.5869,0.5823,0.3215,0.3195,0.1839,0.1844,0
215.2,0.0543,0.0501,0.1159,0.1157,0.9103,0.9168,2.055,2.0461,-4.7861,-4.7815,3.1304,3.1304,-4.6093,-4.6086,1.6806,1.6771,2.2997,2.3013,1.4319,1.4347,0.6486,0.6451,0.3542,0.3566,0.2023,0.2059,0
217.3,0.0671,0.0636,0.1114,0.1137,0.9821,0.988,2.2901,2.2774,-5.2334,-5.2271,3.3842,3.385,-5.0406,-5.0432,1.8806,1.8832,2.5196,2.5188,1.5992,1.6022,0.7089,0.7074,0.3884,0.3925,0.2204,0.2274,0
219.3,0.0789,0.0791,0.1102,0.1105,1.0491,1.0553,2.5041,2.496,-5.6333,-5.6334,3.604,3.6096,-5.4307,-5.4366,2.0701,2.075,2.7237,2.7178,1.7541,1.7538,0.7674,0.7671,0.4249,0.4218,0.2406,0.2452,0
221.3,0.0922,0.0942,0.1099,0.1099,1.1014,1.1097,2.6884,2.6871,-5.9638,-5.9704,3.778,3.7862,-5.7566,-5.7609,2.2387,2.2361,2.8986,2.8947,1.8883,1.8864,0.8154,0.8142,0.4518,0.4469,0.2577,0.2579,0
223.4,0.1047,0.1062,0.1083,0.1081,1.1411,1.1474,2.8319,2.8358,-6.2053,-6.21,3.896,3.8982,-5.9944,-5.9935,2.3692,2.3648,3.0322,3.0308,1.9916,1.9916,0.8498,0.8458,0.4668,0.4669,0.2683,0.2673,0
225.4,0.1164,0.1159,0.1049,0.1039,1.1653,1.1675,2.9233,2.9254,-6.3303,-6.3309,3.9379,3.9369,-6.1148,-6.1141,2.4486,2.4496,3.1104,3.1093,2.0564,2.0573,0.87,0.8669,0.4764,0.4779,0.2742,0.2742,0
227.5,0.1236,0.1223,0.0999,0.1003,1.1626,1.1612,2.9477,2.9518,-6.3131,-6.3152,3.8914,3.8913,-6.0972,-6.0971,2.4726,2.4733,3.1177,3.1179,2.0731,2.0731,0.871,0.8703,0.4784,0.4792,0.2749,0.2748,0
229.6,0.1264,0.1259,0.0929,0.0968,1.1282,1.1325,2.8929,2.9058,-6.1418,-6.1448,3.7564,3.7508,-5.9351,-5.9317,2.4375,2.441,3.0426,3.0476,2.0359,2.0342,0.8479,0.8458,0.4691,0.4679,0.2653,0.2668,0
231.6,0.1271,0.1264,0.0892,0.0853,1.0679,1.0782,2.761,2.7798,-5.8153,-5.8196,3.5275,3.5186,-5.6255,-5.6187,2.3392,2.3399,2.8922,2.9028,1.9456,1.9488,0.8074,0.7998,0.448,0.4472,0.2367,0.2512,0
233.7,0.1223,0.1248,0.0791,0.0577,0.9768,0.9834,2.5892,2.583,-5.379,-5.3548,3.2261,3.2013,-5.1848,-5.1735,2.1684,2.1797,2.6783,2.6969,1.8085,1.8209,0.7602,0.7441,0.412,0.4107,0.199,0.2248,0
235.7,0.1077,0.124,0.0597,0.0394,0.8606,0.8688,2.3619,2.3283,-4.8195,-4.7834,2.8414,2.8227,-4.6276,-4.6304,1.9483,1.9852,2.427,2.4226,1.6325,1.6346,0.6881,0.6535,0.3624,0.355,0.1733,0.2002,0
237.8,0.0892,0.1101,0.0579,0.0487,0.7576,0.7548,2.0697,2.0167,-4.1147,-4.1439,2.331,2.4069,-3.9479,-4.0165,1.7101,1.7384,2.1411,2.076,1.4247,1.418,0.5931,0.5434,0.3118,0.2953,0.1572,0.1812,0
239.8,0.0662,0.0692,0.0614,0.0559,0.6244,0.6389,1.7888,1.6641,-3.3453,-3.4042,1.708,1.8754,-3.151,-3.3233,1.4263,1.5106,1.7748,1.6798,1.1349,1.1936,0.5068,0.4642,0.2694,0.2429,0.1506,0.1495,0
241.8,0.0403,0.0282,0.0522,0.0489,0.4542,0.5255,1.5019,1.3395,-2.5336,-2.5694,0.9774,1.147,-2.2965,-2.5252,1.127,1.321,1.3705,1.2775,0.7848,0.9322,0.4162,0.3845,0.2236,0.2002,0.1441,0.1151,0
243.9,0.0311,0.0195,0.0478,0.0462,0.3355,0.413,1.1938,1.0752,-1.7188,-1.7418,0.1799,0.3011,-1.4859,-1.6702,0.8948,1.0805,0.9972,0.9235,0.5176,0.6582,0.304,0.2807,0.1643,0.1514,0.113,0.0846,0
245.9,0.0355,0.0297,0.05,0.0492,0.2598,0.2986,0.8932,0.8339,-0.9322,-0.9437,-0.6246,-0.5639,-0.7207,-0.8129,0.7073,0.8001,0.6415,0.6047,0.3256,0.3959,0.1843,0.1726,0.0989,0.0925,0.0658,0.0516,0
248,0.0399,0.0399,0.0522,0.0522,0.1841,0.1841,0.5927,0.5927,-0.1456,-0.1456,-1.429,-1.429,0.0445,0.0445,0.5198,0.5198,0.2858,0.2858,0.1335,0.1335,0.0646,0.0646,0.0336,0.0336,0.0186,0.0186,0
