position,GenIII_05,GenIII_06,GenIII_07,GenIII_08,GenIII_09,GenIII_10,GenIII_11,GenIII_12,GenIII_13,GenIII_14,GenIII_15,GenIII_50,GenIII_16,GenIII_49,GenIII_17,GenIII_51,GenIII_18,GenIII_59,GenIII_19,GenIII_20,GenIII_21,GenIII_22,GenIII_23,GenIII_24,GenIII_25,GenIII_52,GenIII_26,GenIII_58,GenIII_27,GenIII_28,GenIII_29,GenIII_30,GenIII_31,GenIII_53,GenIII_32,GenIII_57,GenIII_33,GenIII_34,GenIII_35,GenIII_36,GenIII_37,GenIII_38,GenIII_39,GenIII_54,GenIII_40,GenIII_56,GenIII_41,GenIII_55,GenIII_42,GenIII_60,GenIII_43,GenIII_44,GenIII_45,GenIII_46,GenIII_47,GenIII_48,GenIII_00
-510,-0.256428,-0.275617,4.64664,4.548665,-0.450317,-0.449283,-3.597803,-3.527541,0.196114,0.277664,0,0,0,0,0,0,0,0,0,0,0,0,0,0,0,0,0,0,0,0,0,0,0,0,0,0,0,0,0,0,0,0,0,0,0,0,0,0,0,0,0,0,0,0,0,0,0
-506,-0.330955,-0.307009,4.557764,4.470667,-0.032177,-0.045977,-3.55783,-3.511915,-0.04696,0.012134,0.041774,0.041774,0.039206,0.039206,0,0,0,0,0,0,0,0,0,0,0,0,0,0,0,0,0,0,0,0,0,0,0,0,0,0,0,0,0,0,0,0,0,0,0,0,0,0,0,0,0,0,0
-503,-0.392592,-0.336729,4.48526,4.406796,0.290588,0.267337,-3.517003,-3.487815,-0.230858,-0.187891,0.07448,0.07448,0.070082,0.070082,0,0,0,0,0,0,0,0,0,0,0,0,0,0,0,0,0,0,0,0,0,0,0,0,0,0,0,0,0,0,0,0,0,0,0,0,0,0,0,0,0,0,0
-499,-0.470155,-0.373687,4.362812,4.296238,0.710792,0.67817,-3.44967,-3.43969,-0.47586,-0.45302,0.127714,0.127714,0.120977,0.120977,0,0,0,0,0,0,0,0,0,0,0,0,0,0,0,0,0,0,0,0,0,0,0,0,0,0,0,0,0,0,0,0,0,0,0,0,0,0,0,0,0,0,0
-495,-0.541346,-0.407146,4.203966,4.149628,1.127249,1.088992,-3.360174,-3.367179,-0.729926,-0.725979,0.189428,0.189428,0.18079,0.18079,0,0,0,0,0,0,0,0,0,0,0,0,0,0,0,0,0,0,0,0,0,0,0,0,0,0,0,0,0,0,0,0,0,0,0,0,0,0,0,0,0,0,0
-491,-0.59619,-0.430765,3.996378,3.952575,1.530826,1.490774,-3.248151,-3.267974,-0.997714,-1.010835,0.263504,0.263504,0.252702,0.252702,0,0,0,0,0,0,0,0,0,0,0,0,0,0,0,0,0,0,0,0,0,0,0,0,0,0,0,0,0,0,0,0,0,0,0,0,0,0,0,0,0,0,0
-488,-0.629332,-0.44553,3.804803,3.768273,1.837391,1.799346,-3.139919,-3.166359,-1.216166,-1.240431,0.32217,0.32217,0.309876,0.309876,0,0,0,0,0,0,0,0,0,0,0,0,0,0,0,0,0,0,0,0,0,0,0,0,0,0,0,0,0,0,0,0,0,0,0,0,0,0,0,0,0,0,0
-484,-0.647419,-0.448392,3.489213,3.458224,2.229988,2.198005,-2.969064,-3.000627,-1.528781,-1.566299,0.413935,0.413935,0.399243,0.399243,0,0,0,0,0,0,0,0,0,0,0,0,0,0,0,0,0,0,0,0,0,0,0,0,0,0,0,0,0,0,0,0,0,0,0,0,0,0,0,0,0,0,0
-480,-0.634603,-0.431829,3.094506,3.067365,2.612557,2.590531,-2.758261,-2.791066,-1.87472,-1.923379,0.518425,0.518425,0.501058,0.501058,0,0,0,0,0,0,0,0,0,0,0,0,0,0,0,0,0,0,0,0,0,0,0,0,0,0,0,0,0,0,0,0,0,0,0,0,0,0,0,0,0,0,0
-476,-0.585204,-0.392241,2.617581,2.588885,2.978287,2.97037,-2.506704,-2.536394,-2.254544,-2.312368,0.636405,0.636405,0.61564,0.61564,0,0,0,0,0,0,0,0,0,0,0,0,0,0,0,0,0,0,0,0,0,0,0,0,0,0,0,0,0,0,0,0,0,0,0,0,0,0,0,0,0,0,0
-473,-0.533906,-0.355969,2.21818,2.185954,3.246695,3.251505,-2.28296,-2.307289,-2.555515,-2.618239,0.721874,0.721874,0.698401,0.698401,0,0,0,0,0,0,0,0,0,0,0,0,0,0,0,0,0,0,0,0,0,0,0,0,0,0,0,0,0,0,0,0,0,0,0,0,0,0,0,0,0,0,0
-469,-0.444813,-0.293535,1.650349,1.611736,3.571242,3.59399,-1.954095,-1.97031,-2.956964,-3.026314,0.82984,0.82984,0.801001,0.801001,0,0,0,0,0,0,0,0,0,0,0,0,0,0,0,0,0,0,0,0,0,0,0,0,0,0,0,0,0,0,0,0,0,0,0,0,0,0,0,0,0,0,0
-465,-0.343575,-0.225376,1.067738,1.020715,3.854707,3.89483,-1.588284,-1.594194,-3.343694,-3.417728,0.914263,0.914263,0.879327,0.879327,0,0,0,0,0,0,0,0,0,0,0,0,0,0,0,0,0,0,0,0,0,0,0,0,0,0,0,0,0,0,0,0,0,0,0,0,0,0,0,0,0,0,0
-461,-0.236342,-0.153173,0.49728,0.442494,4.081305,4.137587,-1.19555,-1.190202,-3.695641,-3.773549,0.964531,0.964531,0.921901,0.921901,0,0,0,0,0,0,0,0,0,0,0,0,0,0,0,0,0,0,0,0,0,0,0,0,0,0,0,0,0,0,0,0,0,0,0,0,0,0,0,0,0,0,0
-458,-0.163315,-0.106065,0.09271,0.03331,4.213799,4.281781,-0.874084,-0.85944,-3.925864,-4.006367,0.965906,0.965906,0.916166,0.916166,0,0,0,0,0,0,0,0,0,0,0,0,0,0,0,0,0,0,0,0,0,0,0,0,0,0,0,0,0,0,0,0,0,0,0,0,0,0,0,0,0,0,0
-454,-0.072721,-0.047496,-0.391471,-0.45558,4.321899,4.400635,-0.430747,-0.404092,-4.172231,-4.25462,0.916435,0.916435,0.856264,0.856264,0,0,0,0,0,0,0,0,0,0,0,0,0,0,0,0,0,0,0,0,0,0,0,0,0,0,0,0,0,0,0,0,0,0,0,0,0,0,0,0,0,0,0
-450,0,0,-0.789,-0.853064,4.341732,4.427736,0.028181,0.067011,-4.331167,-4.415276,0.795131,0.795131,0.722294,0.722294,0,0,0,0,0,0,0,0,0,0,0,0,0,0,0,0,0,0,0,0,0,0,0,0,0,0,0,0,0,0,0,0,0,0,0,0,0,0,0,0,0,0,0
-446,0,0,-1.044036,-1.104364,4.302948,4.388525,0.502859,0.551243,-4.413442,-4.499017,0.570321,0.570321,0.483028,0.483028,0.09194,0.09194,0.093953,0.093953,0,0,0,0,0,0,0,0,0,0,0,0,0,0,0,0,0,0,0,0,0,0,0,0,0,0,0,0,0,0,0,0,0,0,0,0,0,0,0
-443,0,0,-1.183536,-1.237509,4.204664,4.288079,0.862718,0.919321,-4.415725,-4.500892,0.344359,0.344359,0.246509,0.246509,0.174677,0.174677,0.178495,0.178495,0,0,0,0,0,0,0,0,0,0,0,0,0,0,0,0,0,0,0,0,0,0,0,0,0,0,0,0,0,0,0,0,0,0,0,0,0,0,0
-439,0,0,-1.296244,-1.33872,3.995486,4.072323,1.327817,1.394811,-4.350535,-4.434023,-0.012655,-0.012655,-0.123643,-0.123643,0.305454,0.305454,0.311367,0.311367,0,0,0,0,0,0,0,0,0,0,0,0,0,0,0,0,0,0,0,0,0,0,0,0,0,0,0,0,0,0,0,0,0,0,0,0,0,0,0
-435,0,0,-1.338545,-1.367645,3.708321,3.776256,1.778527,1.854906,-4.212842,-4.293574,-0.423121,-0.423121,-0.54238,-0.54238,0.449447,0.449447,0.456176,0.456176,0,0,0,0,0,0,0,0,0,0,0,0,0,0,0,0,0,0,0,0,0,0,0,0,0,0,0,0,0,0,0,0,0,0,0,0,0,0,0
-431,0,0,-1.317948,-1.333105,3.360126,3.415581,2.204859,2.288546,-4.014829,-4.090529,-0.869181,-0.869181,-0.990686,-0.990686,0.602694,0.602694,0.608707,0.608707,0,0,0,0,0,0,0,0,0,0,0,0,0,0,0,0,0,0,0,0,0,0,0,0,0,0,0,0,0,0,0,0,0,0,0,0,0,0,0
-428,0,0,-1.274878,-1.279578,3.0636,3.109299,2.515165,2.603976,-3.825535,-3.896656,-1.22258,-1.22258,-1.340862,-1.340862,0.713488,0.713488,0.717379,0.717379,0,0,0,0,0,0,0,0,0,0,0,0,0,0,0,0,0,0,0,0,0,0,0,0,0,0,0,0,0,0,0,0,0,0,0,0,0,0,0
-424,0,0,-1.177367,-1.169781,2.638832,2.668992,2.898486,2.989552,-3.535006,-3.599736,-1.698521,-1.698521,-1.804982,-1.804982,0.8593,0.8593,0.85697,0.85697,0,0,0,0,0,0,0,0,0,0,0,0,0,0,0,0,0,0,0,0,0,0,0,0,0,0,0,0,0,0,0,0,0,0,0,0,0,0,0
-420,0,0,-1.049433,-1.03251,2.190234,2.204143,3.248965,3.338565,-3.204892,-3.263593,-2.170335,-2.170335,-2.254604,-2.254604,0.991838,0.991838,0.978963,0.978963,0,0,0,0,0,0,0,0,0,0,0,0,0,0,0,0,0,0,0,0,0,0,0,0,0,0,0,0,0,0,0,0,0,0,0,0,0,0,0
-416,0,0,-0.899686,-0.877734,1.733335,1.729663,3.561337,3.643929,-2.845886,-2.898855,-2.62425,-2.62425,-2.674612,-2.674612,1.104426,1.104426,1.076606,1.076606,0,0,0,0,0,0,0,0,0,0,0,0,0,0,0,0,0,0,0,0,0,0,0,0,0,0,0,0,0,0,0,0,0,0,0,0,0,0,0
-413,0,0,-0.784376,-0.761126,1.387077,1.369815,3.774741,3.84908,-2.551042,-2.600227,-2.949634,-2.949634,-2.968811,-2.968811,1.165571,1.165571,1.124439,1.124439,0,0,0,0,0,0,0,0,0,0,0,0,0,0,0,0,0,0,0,0,0,0,0,0,0,0,0,0,0,0,0,0,0,0,0,0,0,0,0
-409,0,0,-0.622259,-0.600204,0.936545,0.900496,4.01666,4.075806,-2.140203,-2.185996,-3.350514,-3.350514,-3.323748,-3.323748,1.220077,1.220077,1.160585,1.160585,0,0,0,0,0,0,0,0,0,0,0,0,0,0,0,0,0,0,0,0,0,0,0,0,0,0,0,0,0,0,0,0,0,0,0,0,0,0,0
-405,0,0,-0.462525,-0.443815,0.5041,0.44992,4.210286,4.251352,-1.704831,-1.749202,-3.706759,-3.706759,-3.633284,-3.633284,1.23314,1.23314,1.155876,1.155876,0,0,0,0,0,0,0,0,0,0,0,0,0,0,0,0,0,0,0,0,0,0,0,0,0,0,0,0,0,0,0,0,0,0,0,0,0,0,0
-401,0,0,-0.309586,-0.295571,0.102529,0.03146,4.347597,4.36946,-1.253843,-1.298569,-4.008226,-4.008226,-3.890866,-3.890866,1.200999,1.200999,1.109254,1.109254,0,0,0,0,0,0,0,0,0,0,0,0,0,0,0,0,0,0,0,0,0,0,0,0,0,0,0,0,0,0,0,0,0,0,0,0,0,0,0
-398,0,0,-0.208928,-0.199035,-0.177032,-0.260115,4.414572,4.42122,-0.89742,-0.943619,-4.193444,-4.193444,-4.046982,-4.046982,1.137267,1.137267,1.038417,1.038417,0,0,0,0,0,0,0,0,0,0,0,0,0,0,0,0,0,0,0,0,0,0,0,0,0,0,0,0,0,0,0,0,0,0,0,0,0,0,0
-394,0,0,-0.090985,-0.086442,-0.504292,-0.602167,4.445027,4.434035,-0.415027,-0.466113,-4.377341,-4.377341,-4.198094,-4.198094,1.004121,1.004121,0.902459,0.902459,0,0,0,0,0,0,0,0,0,0,0,0,0,0,0,0,0,0,0,0,0,0,0,0,0,0,0,0,0,0,0,0,0,0,0,0,0,0,0
-390,0,0,0,0,-0.773142,-0.881683,4.406882,4.37716,0.071616,0.019035,-4.477625,-4.477625,-4.281,-4.281,0.807384,0.807384,0.714196,0.714196,0,0,0,0,0,0,0,0,0,0,0,0,0,0,0,0,0,0,0,0,0,0,0,0,0,0,0,0,0,0,0,0,0,0,0,0,0,0,0
-386,0,0,0,0,-0.95656,-1.072517,4.31259,4.27003,0.555742,0.498724,-4.518818,-4.518818,-4.318261,-4.318261,0.519636,0.519636,0.445882,0.445882,0.093845,0.094427,0,0,0,0,0,0,0,0,0,0,0,0,0,0,0,0,0,0,0,0,0,0,0,0,0,0,0,0,0,0,0,0,0,0,0,0,0
-383,0,0,0,0,-1.061889,-1.181821,4.19145,4.141097,0.920393,0.860426,-4.497443,-4.497443,-4.302832,-4.302832,0.257049,0.257049,0.203717,0.203717,0.179744,0.180457,0,0,0,0,0,0,0,0,0,0,0,0,0,0,0,0,0,0,0,0,0,0,0,0,0,0,0,0,0,0,0,0,0,0,0,0,0
-379,0,0,0,0,-1.152472,-1.274669,3.970416,3.912969,1.389314,1.32665,-4.41039,-4.41039,-4.230841,-4.230841,-0.136844,-0.136844,-0.156544,-0.156544,0.315139,0.315641,0,0,0,0,0,0,0,0,0,0,0,0,0,0,0,0,0,0,0,0,0,0,0,0,0,0,0,0,0,0,0,0,0,0,0,0,0
-375,0,0,0,0,-1.194224,-1.315723,3.688381,3.627497,1.839994,1.776015,-4.259297,-4.259297,-4.102492,-4.102492,-0.569573,-0.569573,-0.553181,-0.553181,0.464996,0.463526,0,0,0,0,0,0,0,0,0,0,0,0,0,0,0,0,0,0,0,0,0,0,0,0,0,0,0,0,0,0,0,0,0,0,0,0,0
-371,0,0,0,0,-1.188699,-1.306811,3.355496,3.294055,2.263627,2.200139,-4.053608,-4.053608,-3.924205,-3.924205,-1.025132,-1.025132,-0.973787,-0.973787,0.623587,0.617736,0,0,0,0,0,0,0,0,0,0,0,0,0,0,0,0,0,0,0,0,0,0,0,0,0,0,0,0,0,0,0,0,0,0,0,0,0
-368,0,0,0,0,-1.163394,-1.277419,3.074519,3.01444,2.570806,2.508718,-3.860862,-3.860862,-3.754118,-3.754118,-1.377356,-1.377356,-1.303482,-1.303482,0.738049,0.726443,0,0,0,0,0,0,0,0,0,0,0,0,0,0,0,0,0,0,0,0,0,0,0,0,0,0,0,0,0,0,0,0,0,0,0,0,0
-364,0,0,0,0,-1.093876,-1.200724,2.670009,2.613705,2.947162,2.889745,-3.568533,-3.568533,-3.489978,-3.489978,-1.843442,-1.843442,-1.745383,-1.745383,0.88658,0.864495,0,0,0,0,0,0,0,0,0,0,0,0,0,0,0,0,0,0,0,0,0,0,0,0,0,0,0,0,0,0,0,0,0,0,0,0,0
-360,0,0,0,0,-0.99273,-1.089954,2.236959,2.187437,3.287683,3.238739,-3.23738,-3.23738,-3.183965,-3.183965,-2.294631,-2.294631,-2.184272,-2.184272,1.0199,0.982507,0,0,0,0,0,0,0,0,0,0,0,0,0,0,0,0,0,0,0,0,0,0,0,0,0,0,0,0,0,0,0,0,0,0,0,0,0
-356,0,0,0,0,-0.86432,-0.950079,1.785337,1.745136,3.586862,3.550088,-2.87598,-2.87598,-2.841507,-2.841507,-2.718307,-2.718307,-2.609731,-2.609731,1.131119,1.073551,0,0,0,0,0,0,0,0,0,0,0,0,0,0,0,0,0,0,0,0,0,0,0,0,0,0,0,0,0,0,0,0,0,0,0,0,0
-353,0,0,0,0,-0.761064,-0.836666,1.436788,1.405009,3.78813,3.763971,-2.57813,-2.57813,-2.556024,-2.556024,-3.015507,-3.015507,-2.916771,-2.916771,1.190486,1.114659,0,0,0,0,0,0,0,0,0,0,0,0,0,0,0,0,0,0,0,0,0,0,0,0,0,0,0,0,0,0,0,0,0,0,0,0,0
-349,0,0,0,0,-0.61013,-0.671954,0.976917,0.956948,4.012005,4.005442,-2.164397,-2.164397,-2.15181,-2.15181,-3.3767,-3.3767,-3.29625,-3.29625,1.241431,1.142051,0,0,0,0,0,0,0,0,0,0,0,0,0,0,0,0,0,0,0,0,0,0,0,0,0,0,0,0,0,0,0,0,0,0,0,0,0
-345,0,0,0,0,-0.457496,-0.504512,0.52933,0.521775,4.185863,4.199442,-1.726912,-1.726912,-1.720077,-1.720077,-3.692243,-3.692243,-3.635141,-3.635141,1.251186,1.128546,0,0,0,0,0,0,0,0,0,0,0,0,0,0,0,0,0,0,0,0,0,0,0,0,0,0,0,0,0,0,0,0,0,0,0,0,0
-341,0,0,0,0,-0.307979,-0.340682,0.110189,0.113032,4.304524,4.337338,-1.275295,-1.275295,-1.270568,-1.270568,-3.956443,-3.956443,-3.921808,-3.921808,1.216329,1.074441,0,0,0,0,0,0,0,0,0,0,0,0,0,0,0,0,0,0,0,0,0,0,0,0,0,0,0,0,0,0,0,0,0,0,0,0,0
-338,0,0,0,0,-0.208663,-0.230874,-0.18385,-0.174185,4.358388,4.405524,-0.918899,-0.918899,-0.914196,-0.914196,-4.117593,-4.117593,-4.098046,-4.098046,1.151273,0.998292,0,0,0,0,0,0,0,0,0,0,0,0,0,0,0,0,0,0,0,0,0,0,0,0,0,0,0,0,0,0,0,0,0,0,0,0,0
-334,0,0,0,0,-0.091033,-0.100907,-0.529362,-0.514963,4.375787,4.437638,-0.43875,-0.43875,-0.433696,-0.433696,-4.276573,-4.276573,-4.270518,-4.270518,1.017819,0.857208,0,0,0,0,0,0,0,0,0,0,0,0,0,0,0,0,0,0,0,0,0,0,0,0,0,0,0,0,0,0,0,0,0,0,0,0,0
-330,0,0,0,0,0,0,-0.812222,-0.798852,4.329081,4.399521,0.047377,0.047377,0.05144,0.05144,-4.366139,-4.366139,-4.363508,-4.363508,0.823785,0.665286,0,0,0,0,0,0,0,0,0,0,0,0,0,0,0,0,0,0,0,0,0,0,0,0,0,0,0,0,0,0,0,0,0,0,0,0,0
-326,0,0,0,0,0,0,-1.002728,-0.997464,4.236195,4.306479,0.530908,0.530908,0.529214,0.529214,-4.409702,-4.409702,-4.39843,-4.39843,0.541798,0.395938,0.087018,0.097065,0,0,0,0,0,0,0,0,0,0,0,0,0,0,0,0,0,0,0,0,0,0,0,0,0,0,0,0,0,0,0,0,0,0,0
-323,0,0,0,0,0,0,-1.110672,-1.115822,4.120632,4.185394,0.895145,0.895145,0.888027,0.888027,-4.397636,-4.397636,-4.374863,-4.374863,0.285035,0.154533,0.166349,0.185225,0,0,0,0,0,0,0,0,0,0,0,0,0,0,0,0,0,0,0,0,0,0,0,0,0,0,0,0,0,0,0,0,0,0,0
-319,0,0,0,0,0,0,-1.200795,-1.223642,3.911724,3.962225,1.365483,1.365483,1.347239,1.347239,-4.329332,-4.329332,-4.286956,-4.286956,-0.098986,-0.20467,0.291951,0.323608,0,0,0,0,0,0,0,0,0,0,0,0,0,0,0,0,0,0,0,0,0,0,0,0,0,0,0,0,0,0,0,0,0,0,0
-315,0,0,0,0,0,0,-1.238609,-1.281651,3.646259,3.67671,1.819226,1.819226,1.787946,1.787946,-4.202513,-4.202513,-4.138946,-4.138946,-0.521293,-0.599308,0.431192,0.475052,0,0,0,0,0,0,0,0,0,0,0,0,0,0,0,0,0,0,0,0,0,0,0,0,0,0,0,0,0,0,0,0,0,0,0
-311,0,0,0,0,0,0,-1.226442,-1.290314,3.332312,3.338515,2.24739,2.24739,2.203195,2.203195,-4.0233,-4.0233,-3.940191,-3.940191,-0.966901,-1.017249,0.578702,0.633531,0,0,0,0,0,0,0,0,0,0,0,0,0,0,0,0,0,0,0,0,0,0,0,0,0,0,0,0,0,0,0,0,0,0,0
-308,0,0,0,0,0,0,-1.195618,-1.27297,3.065744,3.053145,2.558338,2.558338,2.506335,2.506335,-3.850062,-3.850062,-3.75678,-3.75678,-1.312498,-1.344568,0.685691,0.74599,0,0,0,0,0,0,0,0,0,0,0,0,0,0,0,0,0,0,0,0,0,0,0,0,0,0,0,0,0,0,0,0,0,0,0
-304,0,0,0,0,0,0,-1.118302,-1.210624,2.679395,2.641565,2.941012,2.941012,2.882716,2.882716,-3.580062,-3.580062,-3.478726,-3.478726,-1.771713,-1.783094,0.824954,0.889775,0,0,0,0,0,0,0,0,0,0,0,0,0,0,0,0,0,0,0,0,0,0,0,0,0,0,0,0,0,0,0,0,0,0,0
-300,0,0,0,0,0,0,-1.010025,-1.110387,2.26117,2.20157,3.287904,3.287904,3.231803,3.231803,-3.265555,-3.265555,-3.165977,-3.165977,-2.219907,-2.218117,0.950573,1.014763,0,0,0,0,0,0,0,0,0,0,0,0,0,0,0,0,0,0,0,0,0,0,0,0,0,0,0,0,0,0,0,0,0,0,0
-296,0,0,0,0,0,0,-0.876105,-0.975874,1.819385,1.743662,3.592668,3.592668,3.549829,3.549829,-2.912738,-2.912738,-2.825809,-2.825809,-2.644819,-2.638855,1.056336,1.114073,0,0,0,0,0,0,0,0,0,0,0,0,0,0,0,0,0,0,0,0,0,0,0,0,0,0,0,0,0,0,0,0,0,0,0
-293,0,0,0,0,0,0,-0.769577,-0.863963,1.475519,1.391012,3.798217,3.798217,3.770958,3.770958,-2.617437,-2.617437,-2.545385,-2.545385,-2.946044,-2.942,1.112712,1.162517,0,0,0,0,0,0,0,0,0,0,0,0,0,0,0,0,0,0,0,0,0,0,0,0,0,0,0,0,0,0,0,0,0,0,0
-289,0,0,0,0,0,0,-0.615737,-0.697582,1.017687,0.92657,4.025591,4.025591,4.026101,4.026101,-2.202565,-2.202565,-2.152983,-2.152983,-3.313896,-3.316062,1.162492,1.198715,0,0,0,0,0,0,0,0,0,0,0,0,0,0,0,0,0,0,0,0,0,0,0,0,0,0,0,0,0,0,0,0,0,0,0
-285,0,0,0,0,0,0,-0.460991,-0.526284,0.569403,0.476421,4.202339,4.202339,4.23441,4.23441,-1.760679,-1.760679,-1.734273,-1.734273,-3.637864,-3.649973,1.172184,1.192853,0,0,0,0,0,0,0,0,0,0,0,0,0,0,0,0,0,0,0,0,0,0,0,0,0,0,0,0,0,0,0,0,0,0,0
-281,0,0,0,0,0,0,-0.310111,-0.356816,0.145707,0.055868,4.321476,4.321476,4.387229,4.387229,-1.30222,-1.30222,-1.297558,-1.297558,-3.909151,-3.933745,1.139475,1.14318,0,0,0,0,0,0,0,0,0,0,0,0,0,0,0,0,0,0,0,0,0,0,0,0,0,0,0,0,0,0,0,0,0,0,0
-278,0,0,0,0,0,0,-0.21036,-0.242388,-0.15268,-0.237983,4.374583,4.374583,4.464581,4.464581,-0.939853,-0.939853,-0.948423,-0.948423,-4.074942,-4.108845,1.07697,1.067216,0,0,0,0,0,0,0,0,0,0,0,0,0,0,0,0,0,0,0,0,0,0,0,0,0,0,0,0,0,0,0,0,0,0,0
-274,0,0,0,0,0,0,-0.091677,-0.106052,-0.505243,-0.581928,4.388892,4.388892,4.505415,4.505415,-0.453375,-0.453375,-0.473459,-0.473459,-4.236692,-4.282233,0.949073,0.922837,0,0,0,0,0,0,0,0,0,0,0,0,0,0,0,0,0,0,0,0,0,0,0,0,0,0,0,0,0,0,0,0,0,0,0
-270,0,0,0,0,0,0,0,0,-0.796918,-0.862132,4.336003,4.336003,4.470572,4.470572,0.037158,0.037158,0.014343,0.014343,-4.322808,-4.380034,0.762548,0.720711,0,0,0,0,0,0,0,0,0,0,0,0,0,0,0,0,0,0,0,0,0,0,0,0,0,0,0,0,0,0,0,0,0,0,0
-266,0,0,0,0,0,0,0,0,-0.995875,-1.048506,4.234867,4.234867,4.375324,4.375324,0.520257,0.520257,0.505058,0.505058,-4.358466,-4.424387,0.488258,0.433422,0.096718,0.095586,0,0,0,0,0,0,0,0,0,0,0,0,0,0,0,0,0,0,0,0,0,0,0,0,0,0,0,0,0,0,0,0,0
-263,0,0,0,0,0,0,0,0,-1.110893,-1.152925,4.110291,4.110291,4.248988,4.248988,0.882019,0.882019,0.878217,0.878217,-4.338236,-4.409616,0.238274,0.174918,0.185149,0.182586,0,0,0,0,0,0,0,0,0,0,0,0,0,0,0,0,0,0,0,0,0,0,0,0,0,0,0,0,0,0,0,0,0
-259,0,0,0,0,0,0,0,0,-1.21057,-1.23911,3.889031,3.889031,4.015812,4.015812,1.346789,1.346789,1.361215,1.361215,-4.257298,-4.334304,-0.136805,-0.209003,0.32423,0.319576,0,0,0,0,0,0,0,0,0,0,0,0,0,0,0,0,0,0,0,0,0,0,0,0,0,0,0,0,0,0,0,0,0
-255,0,0,0,0,0,0,0,0,-1.258765,-1.273635,3.609781,3.609781,3.71867,3.71867,1.79313,1.79313,1.828414,1.828414,-4.117619,-4.198678,-0.550149,-0.628703,0.477435,0.470405,0,0,0,0,0,0,0,0,0,0,0,0,0,0,0,0,0,0,0,0,0,0,0,0,0,0,0,0,0,0,0,0,0
-251,0,0,0,0,0,0,0,0,-1.256609,-1.259257,3.283362,3.283362,3.368975,3.368975,2.213221,2.213221,2.268111,2.268111,-3.929288,-4.010525,-0.987864,-1.068463,0.638914,0.62968,0,0,0,0,0,0,0,0,0,0,0,0,0,0,0,0,0,0,0,0,0,0,0,0,0,0,0,0,0,0,0,0,0
-248,0,0,0,0,0,0,0,0,-1.232225,-1.226313,3.008158,3.008158,3.075834,3.075834,2.517661,2.517661,2.587117,2.587117,-3.752159,-3.83269,-1.328447,-1.408091,0.754338,0.744215,0,0,0,0,0,0,0,0,0,0,0,0,0,0,0,0,0,0,0,0,0,0,0,0,0,0,0,0,0,0,0,0,0
-244,0,0,0,0,0,0,0,0,-1.16222,-1.14695,2.615023,2.615023,2.657328,2.657328,2.893908,2.893908,2.975836,2.975836,-3.483903,-3.559683,-1.782371,-1.857204,0.903041,0.892415,0,0,0,0,0,0,0,0,0,0,0,0,0,0,0,0,0,0,0,0,0,0,0,0,0,0,0,0,0,0,0,0,0
-240,0,0,0,0,0,0,0,0,-1.058821,-1.037259,2.196251,2.196251,2.214926,2.214926,3.239207,3.239207,3.325277,3.325277,-3.179896,-3.246869,-2.228515,-2.293167,1.033512,1.023569,0,0,0,0,0,0,0,0,0,0,0,0,0,0,0,0,0,0,0,0,0,0,0,0,0,0,0,0,0,0,0,0,0
-236,0,0,0,0,0,0,0,0,-0.925779,-0.901266,1.762648,1.762648,1.760716,1.760716,3.548154,3.548154,3.627937,3.627937,-2.848452,-2.902844,-2.654619,-2.703748,1.139242,1.131531,0,0,0,0,0,0,0,0,0,0,0,0,0,0,0,0,0,0,0,0,0,0,0,0,0,0,0,0,0,0,0,0,0
-233,0,0,0,0,0,0,0,0,-0.817104,-0.792416,1.429978,1.429978,1.414773,1.414773,3.759514,3.759514,3.828572,3.828572,-2.575483,-2.618517,-2.958667,-2.993333,1.192943,1.187895,0,0,0,0,0,0,0,0,0,0,0,0,0,0,0,0,0,0,0,0,0,0,0,0,0,0,0,0,0,0,0,0,0
-229,0,0,0,0,0,0,0,0,-0.658789,-0.636074,0.99208,0.99208,0.961395,0.961395,4.001317,4.001317,4.04919,4.04919,-2.191499,-2.219091,-3.331938,-3.345712,1.234192,1.233837,0,0,0,0,0,0,0,0,0,0,0,0,0,0,0,0,0,0,0,0,0,0,0,0,0,0,0,0,0,0,0,0,0
-225,0,0,0,0,0,0,0,0,-0.496423,-0.477932,0.568484,0.568484,0.524442,0.524442,4.195796,4.195796,4.217008,4.217008,-1.782311,-1.794887,-3.663044,-3.654762,1.232461,1.238274,0,0,0,0,0,0,0,0,0,0,0,0,0,0,0,0,0,0,0,0,0,0,0,0,0,0,0,0,0,0,0,0,0
-221,0,0,0,0,0,0,0,0,-0.336806,-0.323236,0.1718,0.1718,0.117262,0.117262,4.335621,4.335621,4.327933,4.327933,-1.354225,-1.354183,-3.9427,-3.913575,1.185506,1.198422,0,0,0,0,0,0,0,0,0,0,0,0,0,0,0,0,0,0,0,0,0,0,0,0,0,0,0,0,0,0,0,0,0
-218,0,0,0,0,0,0,0,0,-0.229209,-0.220079,-0.106515,-0.106515,-0.166507,-0.166507,4.405628,4.405628,4.37651,4.37651,-1.012212,-1.004767,-4.114194,-4.072103,1.110951,1.12925,0,0,0,0,0,0,0,0,0,0,0,0,0,0,0,0,0,0,0,0,0,0,0,0,0,0,0,0,0,0,0,0,0
-214,0,0,0,0,0,0,0,0,-0.101556,-0.097152,-0.434328,-0.434328,-0.501653,-0.501653,4.440211,4.440211,4.384712,4.384712,-0.543684,-0.530426,-4.284361,-4.22609,0.96579,0.993563,0,0,0,0,0,0,0,0,0,0,0,0,0,0,0,0,0,0,0,0,0,0,0,0,0,0,0,0,0,0,0,0,0
-210,0,0,0,0,0,0,0,0,0,0,-0.704125,-0.704125,-0.776212,-0.776212,4.404202,4.404202,4.327439,4.327439,-0.066387,-0.052204,-4.379245,-4.309506,0.764274,0.802947,0,0,0,0,0,0,0,0,0,0,0,0,0,0,0,0,0,0,0,0,0,0,0,0,0,0,0,0,0,0,0,0,0
-206,0,0,0,0,0,0,0,0,0,0,-0.894423,-0.894423,-0.968888,-0.968888,4.315392,4.315392,4.224971,4.224971,0.425722,0.434505,-4.418691,-4.344073,0.472845,0.522916,0,0,0.096681,0.096681,0,0,0,0,0,0,0,0,0,0,0,0,0,0,0,0,0,0,0,0,0,0,0,0,0,0,0,0,0
-203,0,0,0,0,0,0,0,0,0,0,-1.00434,-1.00434,-1.08061,-1.08061,4.197881,4.197881,4.101498,4.101498,0.799009,0.800285,-4.401401,-4.326694,0.211673,0.271151,0,0,0.186312,0.186312,0,0,0,0,0,0,0,0,0,0,0,0,0,0,0,0,0,0,0,0,0,0,0,0,0,0,0,0,0
-199,0,0,0,0,0,0,0,0,0,0,-1.104954,-1.104954,-1.179059,-1.179059,3.978499,3.978499,3.880638,3.880638,1.283383,1.273673,-4.321939,-4.250619,-0.174784,-0.10518,0,0,0.327263,0.327263,0,0,0,0,0,0,0,0,0,0,0,0,0,0,0,0,0,0,0,0,0,0,0,0,0,0,0,0,0
-195,0,0,0,0,0,0,0,0,0,0,-1.157813,-1.157813,-1.229858,-1.229858,3.696874,3.696874,3.602206,3.602206,1.75396,1.731705,-4.182446,-4.117413,-0.596856,-0.517576,0,0,0.482201,0.482201,0,0,0,0,0,0,0,0,0,0,0,0,0,0,0,0,0,0,0,0,0,0,0,0,0,0,0,0,0
-191,0,0,0,0,0,0,0,0,0,0,-1.164393,-1.164393,-1.232593,-1.232593,3.362841,3.362841,3.273887,3.273887,2.199695,2.166906,-3.991525,-3.934965,-1.038537,-0.953756,0,0,0.643882,0.643882,0,0,0,0,0,0,0,0,0,0,0,0,0,0,0,0,0,0,0,0,0,0,0,0,0,0,0,0,0
-188,0,0,0,0,0,0,0,0,0,0,-1.147585,-1.147585,-1.212958,-1.212958,3.080697,3.080697,2.997058,2.997058,2.524382,2.48426,-3.811202,-3.762255,-1.379937,-1.293321,0,0,0.758308,0.758308,0,0,0,0,0,0,0,0,0,0,0,0,0,0,0,0,0,0,0,0,0,0,0,0,0,0,0,0,0
-184,0,0,0,0,0,0,0,0,0,0,-1.089508,-1.089508,-1.149307,-1.149307,2.672346,2.672346,2.598488,2.598488,2.922712,2.878461,-3.535458,-3.49747,-1.82981,-1.746234,0,0,0.903257,0.903257,0,0,0,0,0,0,0,0,0,0,0,0,0,0,0,0,0,0,0,0,0,0,0,0,0,0,0,0,0
-180,0,0,0,0,0,0,0,0,0,0,-0.997329,-0.997329,-1.051227,-1.051227,2.235477,2.235477,2.170819,2.170819,3.283767,3.241531,-3.221601,-3.193678,-2.266138,-2.191629,0,0,1.027042,1.027042,0,0,0,0,0,0,0,0,0,0,0,0,0,0,0,0,0,0,0,0,0,0,0,0,0,0,0,0,0
-176,0,0,0,0,0,0,0,0,0,0,-0.874915,-0.874915,-0.921774,-0.921774,1.779804,1.779804,1.724569,1.724569,3.599896,3.568512,-2.876546,-2.85819,-2.676291,-2.619027,0,0,1.12171,1.12171,0,0,0,0,0,0,0,0,0,0,0,0,0,0,0,0,0,0,0,0,0,0,0,0,0,0,0,0,0
-173,0,0,0,0,0,0,0,0,0,0,-0.774,-0.774,-0.815148,-0.815148,1.429297,1.429297,1.379631,1.379631,3.812431,3.792732,-2.590729,-2.57877,-2.965456,-2.924811,0,0,1.165055,1.165055,0,0,0,0,0,0,0,0,0,0,0,0,0,0,0,0,0,0,0,0,0,0,0,0,0,0,0,0,0
-169,0,0,0,0,0,0,0,0,0,0,-0.624204,-0.624204,-0.657999,-0.657999,0.966472,0.966472,0.924599,0.924599,4.04745,4.049157,-2.190436,-2.184517,-3.317322,-3.300796,0,0,1.192453,1.192453,0,0,0,0,0,0,0,0,0,0,0,0,0,0,0,0,0,0,0,0,0,0,0,0,0,0,0,0,0
-165,0,0,0,0,0,0,0,0,0,0,-0.470476,-0.470476,-0.496214,-0.496214,0.517227,0.517227,0.482496,0.482496,4.228922,4.255327,-1.763649,-1.76172,-3.626193,-3.635131,0,0,1.177158,1.177158,0,0,0,0,0,0,0,0,0,0,0,0,0,0,0,0,0,0,0,0,0,0,0,0,0,0,0,0,0
-161,0,0,0,0,0,0,0,0,0,0,-0.318312,-0.318312,-0.336348,-0.336348,0.09785,0.09785,0.068246,0.068246,4.351173,4.401964,-1.319147,-1.318472,-3.886199,-3.917714,0,0,1.119436,1.119436,0,0,0,0,0,0,0,0,0,0,0,0,0,0,0,0,0,0,0,0,0,0,0,0,0,0,0,0,0
-158,0,0,0,0,0,0,0,0,0,0,-0.216229,-0.216229,-0.22855,-0.22855,-0.19526,-0.19526,-0.221722,-0.221722,4.405011,4.473199,-0.965344,-0.96399,-4.045842,-4.091753,0,0,1.039584,1.039584,0,0,0,0,0,0,0,0,0,0,0,0,0,0,0,0,0,0,0,0,0,0,0,0,0,0,0,0,0
-154,0,0,0,0,0,0,0,0,0,0,-0.094696,-0.094696,-0.100256,-0.100256,-0.538599,-0.538599,-0.563271,-0.563271,4.418062,4.504482,-0.483442,-0.479955,-4.204013,-4.263629,0,0,0.89215,0.89215,0,0,0,0,0,0,0,0,0,0,0,0,0,0,0,0,0,0,0,0,0,0,0,0,0,0,0,0,0
-150,0,0,0,0,0,0,0,0,0,0,0,0,0,0,-0.817992,-0.817992,-0.843788,-0.843788,4.36131,4.457837,0.010213,0.016554,-4.293954,-4.35963,0,0,0.693143,0.693143,0,0,0,0,0,0,0,0,0,0,0,0,0,0,0,0,0,0,0,0,0,0,0,0,0,0,0,0,0
-146,0,0,0,0,0,0,0,0,0,0,0,0,0,0,-1.003027,-1.003027,-1.034007,-1.034007,4.253827,4.348666,0.505876,0.514438,-4.341414,-4.404193,0,0,0.414427,0.414427,0.096238,0.105866,0,0,0,0,0,0,0,0,0,0,0,0,0,0,0,0,0,0,0,0,0,0,0,0,0,0,0
-143,0,0,0,0,0,0,0,0,0,0,0,0,0,0,-1.106667,-1.106667,-1.143631,-1.143631,4.124498,4.211152,0.882495,0.891719,-4.334224,-4.389782,0,0,0.16596,0.16596,0.183253,0.201644,0,0,0,0,0,0,0,0,0,0,0,0,0,0,0,0,0,0,0,0,0,0,0,0,0,0,0
-139,0,0,0,0,0,0,0,0,0,0,0,0,0,0,-1.190987,-1.190987,-1.238011,-1.238011,3.896422,3.964119,1.369687,1.377366,-4.272891,-4.31584,0,0,-0.200258,-0.200258,0.318676,0.349979,0,0,0,0,0,0,0,0,0,0,0,0,0,0,0,0,0,0,0,0,0,0,0,0,0,0,0
-135,0,0,0,0,0,0,0,0,0,0,0,0,0,0,-1.224189,-1.224189,-1.282504,-1.282504,3.612785,3.654366,1.839161,1.84305,-4.153253,-4.180936,0,0,-0.598425,-0.598425,0.464315,0.509046,0,0,0,0,0,0,0,0,0,0,0,0,0,0,0,0,0,0,0,0,0,0,0,0,0,0,0
-131,0,0,0,0,0,0,0,0,0,0,0,0,0,0,-1.208911,-1.208911,-1.277814,-1.277814,3.284248,3.296929,2.278426,2.27637,-3.981089,-3.99469,0,0,-1.014047,-1.014047,0.612863,0.670782,0,0,0,0,0,0,0,0,0,0,0,0,0,0,0,0,0,0,0,0,0,0,0,0,0,0,0
-128,0,0,0,0,0,0,0,0,0,0,0,0,0,0,-1.176414,-1.176414,-1.252538,-1.252538,3.011685,3.00099,2.594041,2.58618,-3.812922,-3.816667,0,0,-1.334543,-1.334543,0.714448,0.781461,0,0,0,0,0,0,0,0,0,0,0,0,0,0,0,0,0,0,0,0,0,0,0,0,0,0,0
-124,0,0,0,0,0,0,0,0,0,0,0,0,0,0,-1.098152,-1.098152,-1.180608,-1.180608,2.625608,2.586201,2.974057,2.958129,-3.549262,-3.543465,0,0,-1.756936,-1.756936,0.83836,0.915353,0,0,0,0,0,0,0,0,0,0,0,0,0,0,0,0,0,0,0,0,0,0,0,0,0,0,0
-120,0,0,0,0,0,0,0,0,0,0,0,0,0,0,-0.990719,-0.990719,-1.075416,-1.075416,2.221495,2.157056,3.307886,3.284722,-3.239092,-3.227627,0,0,-2.165967,-2.165967,0.934362,1.01881,0,0,0,0,0,0,0,0,0,0,0,0,0,0,0,0,0,0,0,0,0,0,0,0,0,0,0
-116,0,0,0,0,0,0,0,0,0,0,0,0,0,0,-0.858749,-0.858749,-0.939554,-0.939554,1.809481,1.727903,3.586967,3.558468,-2.889746,-2.877974,0,0,-2.549899,-2.549899,0.996505,1.084883,0,0,0,0,0,0,0,0,0,0,0,0,0,0,0,0,0,0,0,0,0,0,0,0,0,0,0
-113,0,0,0,0,0,0,0,0,0,0,0,0,0,0,-0.753725,-0.753725,-0.828966,-0.828966,1.497112,1.406525,3.76717,3.735159,-2.595957,-2.587299,0,0,-2.82028,-2.82028,1.0132,1.102567,0,0,0,0,0,0,0,0,0,0,0,0,0,0,0,0,0,0,0,0,0,0,0,0,0,0,0
-109,0,0,0,0,0,0,0,0,0,0,0,0,0,0,-0.603096,-0.603096,-0.666815,-0.666815,1.089537,0.992911,3.957124,3.922158,-2.182575,-2.178977,0,0,-3.146131,-3.146131,1.004194,1.092871,0,0,0,0,0,0,0,0,0,0,0,0,0,0,0,0,0,0,0,0,0,0,0,0,0,0,0
-105,0,0,0,0,0,0,0,0,0,0,0,0,0,0,-0.4514,-0.4514,-0.501311,-0.501311,0.697123,0.599678,4.094351,4.057945,-1.741815,-1.744925,0,0,-3.430112,-3.430112,0.954478,1.040437,0,0,0,0,0,0,0,0,0,0,0,0,0,0,0,0,0,0,0,0,0,0,0,0,0,0,0
-101,0,0,0,0,0,0,0,0,0,0,0,0,0,0,-0.303817,-0.303817,-0.33889,-0.33889,0.331141,0.237064,4.176623,4.139179,-1.285469,-1.295932,0,0,-3.665444,-3.665444,0.866753,0.948194,0,0,0,0,0,0,0,0,0,0,0,0,0,0,0,0,0,0,0,0,0,0,0,0,0,0,0
-98,0,0,0,0,0,0,0,0,0,0,0,0,0,0,-0.205279,-0.205279,-0.229344,-0.229344,0.074863,-0.014759,4.206282,4.167707,-0.926785,-0.943111,0,0,-3.807382,-3.807382,0.769911,0.84684,0,0,0,0,0,0,0,0,0,0,0,0,0,0,0,0,0,0,0,0,0,0,0,0,0,0,0
-94,0,0,0,0,0,0,0,0,0,0,0,0,0,0,-0.089529,-0.089529,-0.100217,-0.100217,-0.229181,-0.311053,4.196735,4.155987,-0.446516,-0.469019,0,0,-3.9432,-3.9432,0.607653,0.677512,0,0,0,0,0,0,0,0,0,0,0,0,0,0,0,0,0,0,0,0,0,0,0,0,0,0,0
-90,0,0,0,0,0,0,0,0,0,0,0,0,0,0,0,0,0,0,-0.483328,-0.555763,4.13191,4.088332,0.033171,0.005584,0,0,-4.014707,-4.014707,0.405394,0.468155,0,0,0,0,0,0,0,0,0,0,0,0,0,0,0,0,0,0,0,0,0,0,0,0,0,0,0
-86,0,0,0,0,0,0,0,0,0,0,0,0,0,0,0,0,0,0,-0.661618,-0.724066,4.032343,3.984144,0.503028,0.472173,0,0,-4.041782,-4.041782,0.142795,0.196778,0.074958,0.077296,0,0,0,0,0,0,0,0,0,0,0,0,0,0,0,0,0,0,0,0,0,0,0,0,0
-83,0,0,0,0,0,0,0,0,0,0,0,0,0,0,0,0,0,0,-0.769461,-0.824905,3.919599,3.865956,0.853531,0.820358,0,0,-4.021392,-4.021392,-0.085004,-0.037593,0.141909,0.146614,0,0,0,0,0,0,0,0,0,0,0,0,0,0,0,0,0,0,0,0,0,0,0,0,0
-79,0,0,0,0,0,0,0,0,0,0,0,0,0,0,0,0,0,0,-0.870022,-0.916592,3.72302,3.660685,1.297976,1.262947,0,0,-3.948329,-3.948329,-0.415869,-0.376899,0.247264,0.255622,0,0,0,0,0,0,0,0,0,0,0,0,0,0,0,0,0,0,0,0,0,0,0,0,0
-75,0,0,0,0,0,0,0,0,0,0,0,0,0,0,0,0,0,0,-0.929546,-0.966994,3.478297,3.407278,1.722066,1.685927,0,0,-3.823792,-3.823792,-0.773277,-0.742164,0.361067,0.373732,0,0,0,0,0,0,0,0,0,0,0,0,0,0,0,0,0,0,0,0,0,0,0,0,0
-71,0,0,0,0,0,0,0,0,0,0,0,0,0,0,0,0,0,0,-0.946494,-0.975853,3.193552,3.112617,2.117765,2.080396,0,0,-3.654397,-3.654397,-1.147257,-1.121551,0.479304,0.497139,0,0,0,0,0,0,0,0,0,0,0,0,0,0,0,0,0,0,0,0,0,0,0,0,0
-68,0,0,0,0,0,0,0,0,0,0,0,0,0,0,0,0,0,0,-0.940263,-0.963742,2.954131,2.866221,2.404338,2.365924,0,0,-3.494379,-3.494379,-1.437005,-1.414639,0.561712,0.58354,0,0,0,0,0,0,0,0,0,0,0,0,0,0,0,0,0,0,0,0,0,0,0,0,0
-64,0,0,0,0,0,0,0,0,0,0,0,0,0,0,0,0,0,0,-0.899449,-0.915983,2.609059,2.51226,2.755982,2.716527,0,0,-3.247842,-3.247842,-1.824658,-1.802895,0.664547,0.69273,0,0,0,0,0,0,0,0,0,0,0,0,0,0,0,0,0,0,0,0,0,0,0,0,0
-60,0,0,0,0,0,0,0,0,0,0,0,0,0,0,0,0,0,0,-0.827726,-0.83848,2.238892,2.134008,3.076088,3.034844,0,0,-2.96429,-2.96429,-2.20793,-2.182218,0.750679,0.786261,0,0,0,0,0,0,0,0,0,0,0,0,0,0,0,0,0,0,0,0,0,0,0,0,0
-56,0,0,0,0,0,0,0,0,0,0,0,0,0,0,0,0,0,0,-0.728615,-0.734438,1.850226,1.739581,3.360339,3.317196,0,0,-2.64931,-2.64931,-2.577409,-2.543859,0.815429,0.85873,0,0,0,0,0,0,0,0,0,0,0,0,0,0,0,0,0,0,0,0,0,0,0,0,0
-53,0,0,0,0,0,0,0,0,0,0,0,0,0,0,0,0,0,0,-0.646071,-0.649493,1.548982,1.433976,3.555246,3.509137,0,0,-2.385748,-2.385748,-2.843053,-2.801376,0.841747,0.891137,0,0,0,0,0,0,0,0,0,0,0,0,0,0,0,0,0,0,0,0,0,0,0,0,0
-49,0,0,0,0,0,0,0,0,0,0,0,0,0,0,0,0,0,0,-0.522494,-0.523283,1.147821,1.030074,3.774223,3.725073,0,0,-2.014736,-2.014736,-3.17135,-3.117625,0.85349,0.910119,0,0,0,0,0,0,0,0,0,0,0,0,0,0,0,0,0,0,0,0,0,0,0,0,0
-45,0,0,0,0,0,0,0,0,0,0,0,0,0,0,0,0,0,0,-0.394414,-0.393687,0.754622,0.636696,3.948483,3.896255,0,0,-1.61797,-1.61797,-3.463476,-3.398352,0.831502,0.893751,0,0,0,0,0,0,0,0,0,0,0,0,0,0,0,0,0,0,0,0,0,0,0,0,0
-41,0,0,0,0,0,0,0,0,0,0,0,0,0,0,0,0,0,0,-0.26741,-0.265883,0.381494,0.267232,4.071035,4.017005,0,0,-1.20367,-1.20367,-3.7105,-3.636974,0.775215,0.839967,0,0,0,0,0,0,0,0,0,0,0,0,0,0,0,0,0,0,0,0,0,0,0,0,0
-38,0,0,0,0,0,0,0,0,0,0,0,0,0,0,0,0,0,0,-0.181569,-0.180243,0.117571,0.007853,4.130433,4.07486,0,0,-0.874735,-0.874735,-3.861594,-3.784781,0.70327,0.767845,0,0,0,0,0,0,0,0,0,0,0,0,0,0,0,0,0,0,0,0,0,0,0,0,0
-34,0,0,0,0,0,0,0,0,0,0,0,0,0,0,0,0,0,0,-0.079555,-0.078648,-0.199306,-0.29807,4.155716,4.101051,0,0,-0.427907,-0.427907,-4.01041,-3.934057,0.572866,0.633521,0,0,0,0,0,0,0,0,0,0,0,0,0,0,0,0,0,0,0,0,0,0,0,0,0
-30,0,0,0,0,0,0,0,0,0,0,0,0,0,0,0,0,0,0,0,0,-0.467487,-0.550216,4.117151,4.066105,0,0,0.027512,0.027512,-4.091247,-4.022861,0.398812,0.450671,0,0,0,0,0,0,0,0,0,0,0,0,0,0,0,0,0,0,0,0,0,0,0,0,0
-26,0,0,0,0,0,0,0,0,0,0,0,0,0,0,0,0,0,0,0,0,-0.661925,-0.722212,4.02788,3.985185,0,0,0.482321,0.482321,-4.12162,-4.070119,0.159398,0.196891,0.076647,0.076647,0.07396,0.07396,0,0,0,0,0,0,0,0,0,0,0,0,0,0,0,0,0,0,0,0,0
-23,0,0,0,0,0,0,0,0,0,0,0,0,0,0,0,0,0,0,0,0,-0.780928,-0.821145,3.915656,3.881706,0,0,0.828432,0.828432,-4.099726,-4.065846,-0.054722,-0.030612,0.145283,0.145283,0.14004,0.14004,0,0,0,0,0,0,0,0,0,0,0,0,0,0,0,0,0,0,0,0,0
-19,0,0,0,0,0,0,0,0,0,0,0,0,0,0,0,0,0,0,0,0,-0.895334,-0.906653,3.712854,3.692192,0,0,1.275482,1.275482,-4.021471,-4.01296,-0.373191,-0.366935,0.253091,0.253091,0.244166,0.244166,0,0,0,0,0,0,0,0,0,0,0,0,0,0,0,0,0,0,0,0,0
-15,0,0,0,0,0,0,0,0,0,0,0,0,0,0,0,0,0,0,0,0,-0.96611,-0.947046,3.455854,3.450766,0,0,1.707242,1.707242,-3.887358,-3.906123,-0.722892,-0.734372,0.37067,0.37067,0.358025,0.358025,0,0,0,0,0,0,0,0,0,0,0,0,0,0,0,0,0,0,0,0,0
-11,0,0,0,0,0,0,0,0,0,0,0,0,0,0,0,0,0,0,0,0,-0.992561,-0.944864,3.155507,3.164732,0,0,2.114048,2.114048,-3.70597,-3.750329,-1.094293,-1.119603,0.493778,0.493778,0.477332,0.477332,0,0,0,0,0,0,0,0,0,0,0,0,0,0,0,0,0,0,0,0,0
-8,0,0,0,0,0,0,0,0,0,0,0,0,0,0,0,0,0,0,0,0,-0.991606,-0.924709,2.904269,2.922776,0,0,2.409369,2.409369,-3.535595,-3.595812,-1.38609,-1.417352,0.580461,0.580461,0.561624,0.561624,0,0,0,0,0,0,0,0,0,0,0,0,0,0,0,0,0,0,0,0,0
-4,0,0,0,0,0,0,0,0,0,0,0,0,0,0,0,0,0,0,0,0,-0.95545,-0.867958,2.545009,2.572338,0,0,2.770633,2.770633,-3.274211,-3.352263,-1.779329,-1.813165,0.690755,0.690755,0.668337,0.668337,0,0,0,0,0,0,0,0,0,0,0,0,0,0,0,0,0,0,0,0,0
0,0,0,0,0,0,0,0,0,0,0,0,0,0,0,0,0,0,0,0,0,-0.885091,-0.785282,2.165894,2.195202,0,0,3.095174,3.095174,-2.975391,-3.063753,-2.172608,-2.199225,0.785683,0.785683,0.76031,0.76031,0,0,0,0,0,0,0,0,0,0,0,0,0,0,0,0,0,0,0,0,0
4,0,0,0,0,0,0,0,0,0,0,0,0,0,0,0,0,0,0,0,0,-0.78314,-0.681117,1.776428,1.799433,0,0,3.376248,3.376248,-2.645223,-2.736213,-2.556528,-2.565805,0.86029,0.86029,0.832237,0.832237,0,0,0,0,0,0,0,0,0,0,0,0,0,0,0,0,0,0,0,0,0
8,0,0,0,0,0,0,0,0,0,0,0,0,0,0,0,0,0,0,0,0,-0.662302,-0.566797,1.382821,1.391565,0,0,3.616342,3.616342,-2.28069,-2.36865,-2.92345,-2.907625,0.905557,0.905557,0.875244,0.875244,0,0,0,0,0,0,0,0,0,0,0,0,0,0,0,0,0,0,0,0,0
11,0,0,0,0,0,0,0,0,0,0,0,0,0,0,0,0,0,0,0,0,-0.565226,-0.478823,1.088594,1.083775,0,0,3.769061,3.769061,-1.985313,-2.068521,-3.181122,-3.143984,0.917219,0.917219,0.88513,0.88513,0,0,0,0,0,0,0,0,0,0,0,0,0,0,0,0,0,0,0,0,0
15,0,0,0,0,0,0,0,0,0,0,0,0,0,0,0,0,0,0,0,0,-0.42785,-0.358304,0.710394,0.683302,0,0,3.92702,3.92702,-1.575526,-1.651219,-3.491879,-3.425068,0.905062,0.905062,0.871029,0.871029,0,0,0,0,0,0,0,0,0,0,0,0,0,0,0,0,0,0,0,0,0
19,0,0,0,0,0,0,0,0,0,0,0,0,0,0,0,0,0,0,0,0,-0.290361,-0.240403,0.355703,0.304882,0,0,4.03303,4.03303,-1.15149,-1.219479,-3.756933,-3.661688,0.857583,0.857583,0.821911,0.821911,0,0,0,0,0,0,0,0,0,0,0,0,0,0,0,0,0,0,0,0,0
23,0,0,0,0,0,0,0,0,0,0,0,0,0,0,0,0,0,0,0,0,-0.165532,-0.135678,0.029923,-0.044494,0,0,4.089095,4.089095,-0.710209,-0.770754,-3.967417,-3.848651,0.765282,0.765282,0.729406,0.729406,0,0,0,0,0,0,0,0,0,0,0,0,0,0,0,0,0,0,0,0,0
26,0,0,0,0,0,0,0,0,0,0,0,0,0,0,0,0,0,0,0,0,-0.086384,-0.070851,-0.191579,-0.282246,0,0,4.097108,4.097108,-0.367156,-0.423948,-4.083303,-3.950974,0.662923,0.662923,0.627555,0.627555,0,0,0,0,0,0,0,0,0,0,0,0,0,0,0,0,0,0,0,0,0
30,0,0,0,0,0,0,0,0,0,0,0,0,0,0,0,0,0,0,0,0,0,0,-0.442415,-0.549559,0,0,4.057081,4.057081,0.084251,0.031052,-4.174452,-4.032085,0.488388,0.488388,0.454892,0.454892,0,0,0,0,0,0,0,0,0,0,0,0,0,0,0,0,0,0,0,0,0
34,0,0,0,0,0,0,0,0,0,0,0,0,0,0,0,0,0,0,0,0,0,0,-0.623066,-0.739866,0,0,3.976772,3.976772,0.529735,0.476905,-4.207633,-4.066276,0.246113,0.246113,0.21602,0.21602,0.062386,0.068096,0,0,0,0,0,0,0,0,0,0,0,0,0,0,0,0,0,0,0
38,0,0,0,0,0,0,0,0,0,0,0,0,0,0,0,0,0,0,0,0,0,0,-0.760761,-0.880752,0,0,3.83714,3.83714,0.969538,0.915522,-4.173052,-4.040261,-0.049921,-0.049921,-0.074163,-0.074163,0.141095,0.154724,0,0,0,0,0,0,0,0,0,0,0,0,0,0,0,0,0,0,0
41,0,0,0,0,0,0,0,0,0,0,0,0,0,0,0,0,0,0,0,0,0,0,-0.838471,-0.957396,0,0,3.694873,3.694873,1.295926,1.239712,-4.103969,-3.981995,-0.301489,-0.301489,-0.320263,-0.320263,0.208324,0.228911,0,0,0,0,0,0,0,0,0,0,0,0,0,0,0,0,0,0,0
45,0,0,0,0,0,0,0,0,0,0,0,0,0,0,0,0,0,0,0,0,0,0,-0.902077,-1.014964,0,0,3.460762,3.460762,1.711705,1.652411,-3.965397,-3.860518,-0.664751,-0.664751,-0.674486,-0.674486,0.309909,0.341929,0,0,0,0,0,0,0,0,0,0,0,0,0,0,0,0,0,0,0
49,0,0,0,0,0,0,0,0,0,0,0,0,0,0,0,0,0,0,0,0,0,0,-0.923753,-1.02729,0,0,3.180209,3.180209,2.107544,2.044009,-3.778698,-3.692226,-1.053447,-1.053447,-1.052233,-1.052233,0.42279,0.465043,0,0,0,0,0,0,0,0,0,0,0,0,0,0,0,0,0,0,0
53,0,0,0,0,0,0,0,0,0,0,0,0,0,0,0,0,0,0,0,0,0,0,-0.912062,-1.003419,0,0,2.855193,2.855193,2.490003,2.421333,-3.544788,-3.476455,-1.461947,-1.461947,-1.448672,-1.448672,0.536614,0.590255,0,0,0,0,0,0,0,0,0,0,0,0,0,0,0,0,0,0,0
56,0,0,0,0,0,0,0,0,0,0,0,0,0,0,0,0,0,0,0,0,0,0,-0.883668,-0.965317,0,0,2.58335,2.58335,2.767921,2.693332,-3.339799,-3.284128,-1.775375,-1.775375,-1.752605,-1.752605,0.620597,0.682592,0,0,0,0,0,0,0,0,0,0,0,0,0,0,0,0,0,0,0
60,0,0,0,0,0,0,0,0,0,0,0,0,0,0,0,0,0,0,0,0,0,0,-0.816049,-0.883792,0,0,2.190896,2.190896,3.11598,3.033216,-3.040343,-2.998045,-2.193898,-2.193898,-2.158097,-2.158097,0.731613,0.803826,0,0,0,0,0,0,0,0,0,0,0,0,0,0,0,0,0,0,0
64,0,0,0,0,0,0,0,0,0,0,0,0,0,0,0,0,0,0,0,0,0,0,-0.719722,-0.774022,0,0,1.768803,1.768803,3.43962,3.346445,-2.713679,-2.680246,-2.605466,-2.605466,-2.556974,-2.556974,0.836008,0.916939,0,0,0,0,0,0,0,0,0,0,0,0,0,0,0,0,0,0,0
68,0,0,0,0,0,0,0,0,0,0,0,0,0,0,0,0,0,0,0,0,0,0,-0.606971,-0.648926,0,0,1.325515,1.325515,3.736892,3.631668,-2.355305,-2.327453,-3.001404,-3.001404,-2.941799,-2.941799,0.921863,1.009055,0,0,0,0,0,0,0,0,0,0,0,0,0,0,0,0,0,0,0
71,0,0,0,0,0,0,0,0,0,0,0,0,0,0,0,0,0,0,0,0,0,0,-0.517555,-0.551155,0,0,0.986373,0.986373,3.938062,3.823043,-2.064066,-2.039285,-3.281426,-3.281426,-3.215093,-3.215093,0.967585,1.057577,0,0,0,0,0,0,0,0,0,0,0,0,0,0,0,0,0,0,0
75,0,0,0,0,0,0,0,0,0,0,0,0,0,0,0,0,0,0,0,0,0,0,-0.391151,-0.414544,0,0,0.543327,0.543327,4.162009,4.036501,-1.659372,-1.636864,-3.622403,-3.622403,-3.548407,-3.548407,1.004288,1.093376,0,0,0,0,0,0,0,0,0,0,0,0,0,0,0,0,0,0,0
79,0,0,0,0,0,0,0,0,0,0,0,0,0,0,0,0,0,0,0,0,0,0,-0.264864,-0.279725,0,0,0.123844,0.123844,4.330394,4.195907,-1.237719,-1.21582,-3.914537,-3.914537,-3.838462,-3.838462,1.001771,1.088961,0,0,0,0,0,0,0,0,0,0,0,0,0,0,0,0,0,0,0
83,0,0,0,0,0,0,0,0,0,0,0,0,0,0,0,0,0,0,0,0,0,0,-0.150849,-0.158776,0,0,-0.261657,-0.261657,4.43718,4.299083,-0.791453,-0.770188,-4.149964,-4.149964,-4.075236,-4.075236,0.949611,1.028619,0,0,0,0,0,0,0,0,0,0,0,0,0,0,0,0,0,0,0
86,0,0,0,0,0,0,0,0,0,0,0,0,0,0,0,0,0,0,0,0,0,0,-0.07911,-0.08303,0,0,-0.521126,-0.521126,4.471402,4.334202,-0.439567,-0.419602,-4.281138,-4.281138,-4.211167,-4.211167,0.871367,0.940554,0,0,0,0,0,0,0,0,0,0,0,0,0,0,0,0,0,0,0
90,0,0,0,0,0,0,0,0,0,0,0,0,0,0,0,0,0,0,0,0,0,0,0,0,0,0,-0.806322,-0.806322,4.443605,4.315985,0.033256,0.052352,-4.387006,-4.387006,-4.327368,-4.327368,0.718002,0.769284,0,0,0,0,0,0,0,0,0,0,0,0,0,0,0,0,0,0,0
94,0,0,0,0,0,0,0,0,0,0,0,0,0,0,0,0,0,0,0,0,0,0,0,0,0,0,-0.998463,-0.998463,4.346233,4.238518,0.508044,0.52677,-4.434883,-4.434883,-4.39029,-4.39029,0.475218,0.503197,0.094112,0.087942,0,0,0,0,0,0,0,0,0,0,0,0,0,0,0,0,0
98,0,0,0,0,0,0,0,0,0,0,0,0,0,0,0,0,0,0,0,0,0,0,0,0,0,0,-1.128468,-1.128468,4.163684,4.083876,0.985086,1.003832,-4.408689,-4.408689,-4.382185,-4.382185,0.164324,0.165768,0.213708,0.200114,0,0,0,0,0,0,0,0,0,0,0,0,0,0,0,0,0
101,0,0,0,0,0,0,0,0,0,0,0,0,0,0,0,0,0,0,0,0,0,0,0,0,0,0,-1.190742,-1.190742,3.975665,3.921011,1.341671,1.361079,-4.34219,-4.34219,-4.330393,-4.330393,-0.106305,-0.125793,0.314701,0.295215,0,0,0,0,0,0,0,0,0,0,0,0,0,0,0,0,0
105,0,0,0,0,0,0,0,0,0,0,0,0,0,0,0,0,0,0,0,0,0,0,0,0,0,0,-1.223244,-1.223244,3.669489,3.649804,1.798934,1.819834,-4.201585,-4.201585,-4.20714,-4.20714,-0.502372,-0.54731,0.463703,0.437359,0,0,0,0,0,0,0,0,0,0,0,0,0,0,0,0,0
109,0,0,0,0,0,0,0,0,0,0,0,0,0,0,0,0,0,0,0,0,0,0,0,0,0,0,-1.205232,-1.205232,3.309963,3.325386,2.231767,2.254659,-4.006871,-4.006871,-4.027807,-4.027807,-0.928144,-0.995077,0.621389,0.589187,0,0,0,0,0,0,0,0,0,0,0,0,0,0,0,0,0
113,0,0,0,0,0,0,0,0,0,0,0,0,0,0,0,0,0,0,0,0,0,0,0,0,0,0,-1.149169,-1.149169,2.907551,2.953048,2.643946,2.668067,-3.759726,-3.759726,-3.790822,-3.790822,-1.376563,-1.458463,0.773952,0.73964,0,0,0,0,0,0,0,0,0,0,0,0,0,0,0,0,0
116,0,0,0,0,0,0,0,0,0,0,0,0,0,0,0,0,0,0,0,0,0,0,0,0,0,0,-1.088528,-1.088528,2.582417,2.647527,2.936511,2.961296,-3.541536,-3.541536,-3.57705,-3.57705,-1.719924,-1.807788,0.880592,0.845245,0,0,0,0,0,0,0,0,0,0,0,0,0,0,0,0,0
120,0,0,0,0,0,0,0,0,0,0,0,0,0,0,0,0,0,0,0,0,0,0,0,0,0,0,-0.978322,-0.978322,2.134734,2.213885,3.292429,3.314376,-3.220025,-3.220025,-3.255279,-3.255279,-2.175048,-2.261364,1.009798,0.977662,0,0,0,0,0,0,0,0,0,0,0,0,0,0,0,0,0
124,0,0,0,0,0,0,0,0,0,0,0,0,0,0,0,0,0,0,0,0,0,0,0,0,0,0,-0.844322,-0.844322,1.679707,1.759039,3.607912,3.622422,-2.866885,-2.866885,-2.895745,-2.895745,-2.617657,-2.691109,1.116008,1.09115,0,0,0,0,0,0,0,0,0,0,0,0,0,0,0,0,0
128,0,0,0,0,0,0,0,0,0,0,0,0,0,0,0,0,0,0,0,0,0,0,0,0,0,0,-0.699597,-0.699597,1.22419,1.291255,3.884801,3.886779,-2.478677,-2.478677,-2.497022,-2.497022,-3.038902,-3.091383,1.188512,1.173467,0,0,0,0,0,0,0,0,0,0,0,0,0,0,0,0,0
131,0,0,0,0,0,0,0,0,0,0,0,0,0,0,0,0,0,0,0,0,0,0,0,0,0,0,-0.58974,-0.58974,0.886804,0.938797,4.064386,4.054551,-2.164728,-2.164728,-2.173312,-2.173312,-3.334275,-3.367687,1.216127,1.209062,0,0,0,0,0,0,0,0,0,0,0,0,0,0,0,0,0
135,0,0,0,0,0,0,0,0,0,0,0,0,0,0,0,0,0,0,0,0,0,0,0,0,0,0,-0.440368,-0.440368,0.457074,0.483867,4.257267,4.228393,-1.729491,-1.729491,-1.724527,-1.724527,-3.688366,-3.695255,1.220813,1.222888,0,0,0,0,0,0,0,0,0,0,0,0,0,0,0,0,0
139,0,0,0,0,0,0,0,0,0,0,0,0,0,0,0,0,0,0,0,0,0,0,0,0,0,0,-0.295156,-0.295156,0.058674,0.057574,4.391025,4.342679,-1.277302,-1.277302,-1.259322,-1.259322,-3.988068,-3.970556,1.181521,1.191415,0,0,0,0,0,0,0,0,0,0,0,0,0,0,0,0,0
143,0,0,0,0,0,0,0,0,0,0,0,0,0,0,0,0,0,0,0,0,0,0,0,0,0,0,-0.16649,-0.16649,-0.303271,-0.32949,4.465779,4.39913,-0.805778,-0.805778,-0.775811,-0.775811,-4.222897,-4.186682,1.089843,1.102186,0,0,0,0,0,0,0,0,0,0,0,0,0,0,0,0,0
146,0,0,0,0,0,0,0,0,0,0,0,0,0,0,0,0,0,0,0,0,0,0,0,0,0,0,-0.086639,-0.086639,-0.546399,-0.58808,4.479516,4.400712,-0.438784,-0.438784,-0.400857,-0.400857,-4.349429,-4.303982,0.981424,0.992099,0,0,0,0,0,0,0,0,0,0,0,0,0,0,0,0,0
150,0,0,0,0,0,0,0,0,0,0,0,0,0,0,0,0,0,0,0,0,0,0,0,0,0,0,0,0,-0.816141,-0.869954,4.432468,4.342574,0.047745,0.047745,0.095715,0.095715,-4.442606,-4.393376,0.790376,0.792882,0,0,0,0,0,0,0,0,0,0,0,0,0,0,0,0,0
154,0,0,0,0,0,0,0,0,0,0,0,0,0,0,0,0,0,0,0,0,0,0,0,0,0,0,0,0,-1.001351,-1.054017,4.328569,4.236346,0.526179,0.526179,0.583808,0.583808,-4.472625,-4.431204,0.514206,0.500843,0.096873,0.093086,0,0,0,0,0,0,0,0,0,0,0,0,0,0,0
158,0,0,0,0,0,0,0,0,0,0,0,0,0,0,0,0,0,0,0,0,0,0,0,0,0,0,0,0,-1.135295,-1.176149,4.147801,4.060576,0.998099,0.998099,1.065347,1.065347,-4.425334,-4.398859,0.174565,0.141143,0.219206,0.211728,0,0,0,0,0,0,0,0,0,0,0,0,0,0,0
161,0,0,0,0,0,0,0,0,0,0,0,0,0,0,0,0,0,0,0,0,0,0,0,0,0,0,0,0,-1.206924,-1.232964,3.964864,3.886775,1.346962,1.346962,1.421369,1.421369,-4.341604,-4.330364,-0.114104,-0.164535,0.322024,0.311837,0,0,0,0,0,0,0,0,0,0,0,0,0,0,0
165,0,0,0,0,0,0,0,0,0,0,0,0,0,0,0,0,0,0,0,0,0,0,0,0,0,0,0,0,-1.255015,-1.257112,3.669897,3.608191,1.788145,1.788145,1.871408,1.871408,-4.17989,-4.1891,-0.528522,-0.600284,0.473456,0.461261,0,0,0,0,0,0,0,0,0,0,0,0,0,0,0
169,0,0,0,0,0,0,0,0,0,0,0,0,0,0,0,0,0,0,0,0,0,0,0,0,0,0,0,0,-1.256399,-1.231705,3.324392,3.282712,2.204043,2.204043,2.29397,2.29397,-3.966592,-3.995657,-0.967673,-1.057162,0.63231,0.619879,0,0,0,0,0,0,0,0,0,0,0,0,0,0,0
173,0,0,0,0,0,0,0,0,0,0,0,0,0,0,0,0,0,0,0,0,0,0,0,0,0,0,0,0,-1.220114,-1.169184,2.936304,2.917081,2.598719,2.598719,2.692364,2.692364,-3.706416,-3.75172,-1.422117,-1.52407,0.785534,0.775455,0,0,0,0,0,0,0,0,0,0,0,0,0,0,0
176,0,0,0,0,0,0,0,0,0,0,0,0,0,0,0,0,0,0,0,0,0,0,0,0,0,0,0,0,-1.17135,-1.10405,2.622025,2.619283,2.880167,2.880167,2.971942,2.971942,-3.483543,-3.536327,-1.765994,-1.870449,0.890556,0.884888,0,0,0,0,0,0,0,0,0,0,0,0,0,0,0
180,0,0,0,0,0,0,0,0,0,0,0,0,0,0,0,0,0,0,0,0,0,0,0,0,0,0,0,0,-1.072433,-0.989291,2.18547,2.202207,3.225079,3.225079,3.308798,3.308798,-3.163738,-3.221354,-2.21461,-2.314919,1.016932,1.019794,0,0,0,0,0,0,0,0,0,0,0,0,0,0,0
184,0,0,0,0,0,0,0,0,0,0,0,0,0,0,0,0,0,0,0,0,0,0,0,0,0,0,0,0,-0.941431,-0.8527,1.737953,1.768721,3.536193,3.536193,3.601164,3.601164,-2.823599,-2.877642,-2.643619,-2.727812,1.118265,1.133631,0,0,0,0,0,0,0,0,0,0,0,0,0,0,0
188,0,0,0,0,0,0,0,0,0,0,0,0,0,0,0,0,0,0,0,0,0,0,0,0,0,0,0,0,-0.792075,-0.706682,1.286136,1.326025,3.814812,3.814812,3.852459,3.852459,-2.456541,-2.501737,-3.046126,-3.106434,1.184661,1.214,0,0,0,0,0,0,0,0,0,0,0,0,0,0,0
191,0,0,0,0,0,0,0,0,0,0,0,0,0,0,0,0,0,0,0,0,0,0,0,0,0,0,0,0,-0.672828,-0.59679,0.948347,0.994617,4.001646,4.001646,4.010734,4.010734,-2.163459,-2.198036,-3.330081,-3.364644,1.210932,1.247486,0,0,0,0,0,0,0,0,0,0,0,0,0,0,0
195,0,0,0,0,0,0,0,0,0,0,0,0,0,0,0,0,0,0,0,0,0,0,0,0,0,0,0,0,-0.509812,-0.445519,0.520886,0.564657,4.200536,4.200536,4.178115,4.178115,-1.756117,-1.779201,-3.659434,-3.668843,1.203575,1.25704,0,0,0,0,0,0,0,0,0,0,0,0,0,0,0
199,0,0,0,0,0,0,0,0,0,0,0,0,0,0,0,0,0,0,0,0,0,0,0,0,0,0,0,0,-0.346799,-0.299925,0.121605,0.162104,4.345782,4.345782,4.289982,4.289982,-1.332732,-1.343501,-3.939968,-3.92346,1.158515,1.220125,0,0,0,0,0,0,0,0,0,0,0,0,0,0,0
203,0,0,0,0,0,0,0,0,0,0,0,0,0,0,0,0,0,0,0,0,0,0,0,0,0,0,0,0,-0.199148,-0.170772,-0.241178,-0.207469,4.433921,4.433921,4.347402,4.347402,-0.886119,-0.884895,-4.16173,-4.122353,1.061174,1.126573,0,0,0,0,0,0,0,0,0,0,0,0,0,0,0
206,0,0,0,0,0,0,0,0,0,0,0,0,0,0,0,0,0,0,0,0,0,0,0,0,0,0,0,0,-0.104646,-0.089786,-0.484045,-0.456931,4.457026,4.457026,4.353298,4.353298,-0.533354,-0.525376,-4.283213,-4.232647,0.950488,1.013613,0,0,0,0,0,0,0,0,0,0,0,0,0,0,0
210,0,0,0,0,0,0,0,0,0,0,0,0,0,0,0,0,0,0,0,0,0,0,0,0,0,0,0,0,0,0,-0.752565,-0.734724,4.419314,4.419314,4.304104,4.304104,-0.06147,-0.045363,-4.376955,-4.319671,0.762752,0.815627,0,0,0,0,0,0,0,0,0,0,0,0,0,0,0
214,0,0,0,0,0,0,0,0,0,0,0,0,0,0,0,0,0,0,0,0,0,0,0,0,0,0,0,0,0,0,-0.941165,-0.932474,4.32275,4.32275,4.21223,4.21223,0.424641,0.447777,-4.414618,-4.361108,0.490897,0.524838,0.094523,0.094523,0.080338,0.080338,0,0,0,0,0,0,0,0,0,0,0
218,0,0,0,0,0,0,0,0,0,0,0,0,0,0,0,0,0,0,0,0,0,0,0,0,0,0,0,0,0,0,-1.076465,-1.07569,4.144462,4.144462,4.053402,4.053402,0.909105,0.939156,-4.382617,-4.340928,0.162539,0.171199,0.21684,0.21684,0.18577,0.18577,0,0,0,0,0,0,0,0,0,0,0
221,0,0,0,0,0,0,0,0,0,0,0,0,0,0,0,0,0,0,0,0,0,0,0,0,0,0,0,0,0,0,-1.148304,-1.152986,3.962546,3.962546,3.892364,3.892364,1.271802,1.306856,-4.314186,-4.284232,-0.116214,-0.128174,0.319565,0.319565,0.27577,0.27577,0,0,0,0,0,0,0,0,0,0,0
225,0,0,0,0,0,0,0,0,0,0,0,0,0,0,0,0,0,0,0,0,0,0,0,0,0,0,0,0,0,0,-1.199663,-1.209462,3.664503,3.664503,3.629019,3.629019,1.736281,1.779104,-4.172182,-4.160259,-0.515866,-0.555986,0.470514,0.470514,0.411438,0.411438,0,0,0,0,0,0,0,0,0,0,0
229,0,0,0,0,0,0,0,0,0,0,0,0,0,0,0,0,0,0,0,0,0,0,0,0,0,0,0,0,0,0,-1.204315,-1.218415,3.314627,3.314627,3.316309,3.316309,2.175379,2.225917,-3.978657,-3.983876,-0.939964,-1.005126,0.627845,0.627845,0.557729,0.557729,0,0,0,0,0,0,0,0,0,0,0
233,0,0,0,0,0,0,0,0,0,0,0,0,0,0,0,0,0,0,0,0,0,0,0,0,0,0,0,0,0,0,-1.171484,-1.187684,2.921495,2.921495,2.958454,2.958454,2.592045,2.649536,-3.734077,-3.75428,-1.381261,-1.466305,0.778409,0.778409,0.703722,0.703722,0,0,0,0,0,0,0,0,0,0,0
236,0,0,0,0,0,0,0,0,0,0,0,0,0,0,0,0,0,0,0,0,0,0,0,0,0,0,0,0,0,0,-1.126102,-1.142802,2.603241,2.603241,2.662663,2.662663,2.887101,2.949004,-3.51843,-3.546913,-1.717515,-1.812153,0.880542,0.880542,0.80799,0.80799,0,0,0,0,0,0,0,0,0,0,0
240,0,0,0,0,0,0,0,0,0,0,0,0,0,0,0,0,0,0,0,0,0,0,0,0,0,0,0,0,0,0,-1.03168,-1.047532,2.162794,2.162794,2.241712,2.241712,3.244438,3.308401,-3.200111,-3.235725,-2.160549,-2.259919,1.000575,1.000575,0.939901,0.939901,0,0,0,0,0,0,0,0,0,0,0
244,0,0,0,0,0,0,0,0,0,0,0,0,0,0,0,0,0,0,0,0,0,0,0,0,0,0,0,0,0,0,-0.905379,-0.919447,1.713194,1.713194,1.796171,1.796171,3.559482,3.620008,-2.850136,-2.887307,-2.590185,-2.683089,1.093077,1.093077,1.055633,1.055633,0,0,0,0,0,0,0,0,0,0,0
248,0,0,0,0,0,0,0,0,0,0,0,0,0,0,0,0,0,0,0,0,0,0,0,0,0,0,0,0,0,0,-0.76061,-0.772684,1.261125,1.261125,1.334822,1.334822,3.834772,3.886416,-2.463659,-2.499644,-2.998225,-3.076886,1.148727,1.148727,1.142711,1.142711,0,0,0,0,0,0,0,0,0,0,0
251,0,0,0,0,0,0,0,0,0,0,0,0,0,0,0,0,0,0,0,0,0,0,0,0,0,0,0,0,0,0,-0.646615,-0.656247,0.925672,0.925672,0.985623,0.985623,4.01217,4.054728,-2.151073,-2.184181,-3.284297,-3.34819,1.162901,1.162901,1.183302,1.183302,0,0,0,0,0,0,0,0,0,0,0
255,0,0,0,0,0,0,0,0,0,0,0,0,0,0,0,0,0,0,0,0,0,0,0,0,0,0,0,0,0,0,-0.487267,-0.494315,0.497611,0.497611,0.532786,0.532786,4.201315,4.228604,-1.715613,-1.745692,-3.628189,-3.670561,1.149138,1.149138,1.205637,1.205637,0,0,0,0,0,0,0,0,0,0,0
259,0,0,0,0,0,0,0,0,0,0,0,0,0,0,0,0,0,0,0,0,0,0,0,0,0,0,0,0,0,0,-0.329915,-0.334444,0.099098,0.099098,0.10678,0.10678,4.332128,4.344146,-1.262318,-1.29043,-3.920195,-3.942457,1.094299,1.094299,1.183536,1.183536,0,0,0,0,0,0,0,0,0,0,0
263,0,0,0,0,0,0,0,0,0,0,0,0,0,0,0,0,0,0,0,0,0,0,0,0,0,0,0,0,0,0,-0.187859,-0.190189,-0.262855,-0.262855,-0.282329,-0.282329,4.40384,4.401691,-0.787057,-0.814702,-4.152374,-4.156833,0.989728,0.989728,1.105601,1.105601,0,0,0,0,0,0,0,0,0,0,0
266,0,0,0,0,0,0,0,0,0,0,0,0,0,0,0,0,0,0,0,0,0,0,0,0,0,0,0,0,0,0,-0.09792,-0.09903,-0.505995,-0.505995,-0.543041,-0.543041,4.415259,4.404777,-0.416762,-0.445541,-4.279956,-4.274689,0.875913,0.875913,1.005129,1.005129,0,0,0,0,0,0,0,0,0,0,0
270,0,0,0,0,0,0,0,0,0,0,0,0,0,0,0,0,0,0,0,0,0,0,0,0,0,0,0,0,0,0,0,0,-0.776391,-0.776391,-0.829545,-0.829545,4.365447,4.349993,0.076177,0.0452,-4.380375,-4.367294,0.683391,0.683391,0.819586,0.819586,0,0,0,0,0,0,0,0,0,0,0
274,0,0,0,0,0,0,0,0,0,0,0,0,0,0,0,0,0,0,0,0,0,0,0,0,0,0,0,0,0,0,0,0,-0.961518,-0.961518,-1.019263,-1.019263,4.260378,4.249398,0.563753,0.530347,-4.423791,-4.410417,0.414351,0.414351,0.542622,0.542622,0.094551,0.094551,0.089622,0.089622,0,0,0,0,0,0,0
278,0,0,0,0,0,0,0,0,0,0,0,0,0,0,0,0,0,0,0,0,0,0,0,0,0,0,0,0,0,0,0,0,-1.095993,-1.095993,-1.148014,-1.148014,4.078177,4.08028,1.0453,1.010612,-4.394081,-4.38614,0.089346,0.089346,0.197423,0.197423,0.21425,0.21425,0.203352,0.203352,0,0,0,0,0,0,0
281,0,0,0,0,0,0,0,0,0,0,0,0,0,0,0,0,0,0,0,0,0,0,0,0,0,0,0,0,0,0,0,0,-1.167474,-1.167474,-1.210489,-1.210489,3.895052,3.911004,1.400473,1.36591,-4.325568,-4.32445,-0.184954,-0.184954,-0.09783,-0.09783,0.315161,0.315161,0.299696,0.299696,0,0,0,0,0,0,0
285,0,0,0,0,0,0,0,0,0,0,0,0,0,0,0,0,0,0,0,0,0,0,0,0,0,0,0,0,0,0,0,0,-1.216408,-1.216408,-1.242704,-1.242704,3.599682,3.637553,1.850216,1.818494,-4.183335,-4.191645,-0.57811,-0.57811,-0.523392,-0.523392,0.463435,0.463435,0.441988,0.441988,0,0,0,0,0,0,0
289,0,0,0,0,0,0,0,0,0,0,0,0,0,0,0,0,0,0,0,0,0,0,0,0,0,0,0,0,0,0,0,0,-1.218144,-1.218144,-1.224687,-1.224687,3.254257,3.317011,2.270453,2.244741,-3.987725,-4.006751,-0.993458,-0.993458,-0.974192,-0.974192,0.619497,0.619497,0.592671,0.592671,0,0,0,0,0,0,0
293,0,0,0,0,0,0,0,0,0,0,0,0,0,0,0,0,0,0,0,0,0,0,0,0,0,0,0,0,0,0,0,0,-1.181759,-1.181759,-1.168596,-1.168596,2.866735,2.95464,2.665772,2.64946,-3.739901,-3.768731,-1.425003,-1.425003,-1.440644,-1.440644,0.770609,0.770609,0.739427,0.739427,0,0,0,0,0,0,0
296,0,0,0,0,0,0,0,0,0,0,0,0,0,0,0,0,0,0,0,0,0,0,0,0,0,0,0,0,0,0,0,0,-1.133656,-1.133656,-1.1069,-1.1069,2.552457,2.658221,2.943986,2.937341,-3.521012,-3.556143,-1.752743,-1.752743,-1.792643,-1.792643,0.875015,0.875015,0.841357,0.841357,0,0,0,0,0,0,0
300,0,0,0,0,0,0,0,0,0,0,0,0,0,0,0,0,0,0,0,0,0,0,0,0,0,0,0,0,0,0,0,0,-1.035455,-1.035455,-0.995687,-0.995687,2.116193,2.240881,3.278986,3.287182,-3.197947,-3.239733,-2.183666,-2.183666,-2.250667,-2.250667,1.00111,1.00111,0.965701,0.965701,0,0,0,0,0,0,0
304,0,0,0,0,0,0,0,0,0,0,0,0,0,0,0,0,0,0,0,0,0,0,0,0,0,0,0,0,0,0,0,0,-0.906173,-0.906173,-0.860318,-0.860318,1.667495,1.804491,3.572435,3.597539,-2.842442,-2.888504,-2.599555,-2.599555,-2.686056,-2.686056,1.10397,1.10397,1.068478,1.068478,0,0,0,0,0,0,0
308,0,0,0,0,0,0,0,0,0,0,0,0,0,0,0,0,0,0,0,0,0,0,0,0,0,0,0,0,0,0,0,0,-0.759507,-0.759507,-0.713786,-0.713786,1.21352,1.356355,3.827324,3.869448,-2.451102,-2.500031,-2.993606,-2.993606,-3.092497,-3.092497,1.173158,1.173158,1.138852,1.138852,0,0,0,0,0,0,0
311,0,0,0,0,0,0,0,0,0,0,0,0,0,0,0,0,0,0,0,0,0,0,0,0,0,0,0,0,0,0,0,0,-0.644361,-0.644361,-0.601924,-0.601924,0.874871,1.01879,3.990527,4.045655,-2.135359,-2.184372,-3.270216,-3.270216,-3.372882,-3.372882,1.198467,1.198467,1.166335,1.166335,0,0,0,0,0,0,0
315,0,0,0,0,0,0,0,0,0,0,0,0,0,0,0,0,0,0,0,0,0,0,0,0,0,0,0,0,0,0,0,0,-0.484726,-0.484726,-0.449651,-0.449651,0.440845,0.58227,4.162916,4.232431,-1.696871,-1.746251,-3.602009,-3.602009,-3.705895,-3.705895,1.19993,1.19993,1.170727,1.170727,0,0,0,0,0,0,0
319,0,0,0,0,0,0,0,0,0,0,0,0,0,0,0,0,0,0,0,0,0,0,0,0,0,0,0,0,0,0,0,0,-0.327674,-0.327674,-0.302167,-0.302167,0.035952,0.170991,4.281579,4.361558,-1.242198,-1.290711,-3.886172,-3.886172,-3.984858,-3.984858,1.158433,1.158433,1.133055,1.133055,0,0,0,0,0,0,0
323,0,0,0,0,0,0,0,0,0,0,0,0,0,0,0,0,0,0,0,0,0,0,0,0,0,0,0,0,0,0,0,0,-0.185985,-0.185985,-0.17085,-0.17085,-0.33194,-0.206346,4.346229,4.430894,-0.768424,-0.814931,-4.114466,-4.114466,-4.201919,-4.201919,1.064736,1.064736,1.044066,1.044066,0,0,0,0,0,0,0
326,0,0,0,0,0,0,0,0,0,0,0,0,0,0,0,0,0,0,0,0,0,0,0,0,0,0,0,0,0,0,0,0,-0.096895,-0.096895,-0.088816,-0.088816,-0.579147,-0.461152,4.356414,4.441223,-0.400321,-0.444207,-4.242886,-4.242886,-4.318652,-4.318652,0.955623,0.955623,0.938625,0.938625,0,0,0,0,0,0,0
330,0,0,0,0,0,0,0,0,0,0,0,0,0,0,0,0,0,0,0,0,0,0,0,0,0,0,0,0,0,0,0,0,0,0,0,0,-0.852381,-0.746424,4.313269,4.389476,0.088877,0.048163,-4.349524,-4.349524,-4.40563,-4.40563,0.764365,0.764365,0.752438,0.752438,0,0,0,0,0,0,0
334,0,0,0,0,0,0,0,0,0,0,0,0,0,0,0,0,0,0,0,0,0,0,0,0,0,0,0,0,0,0,0,0,0,0,0,0,-1.03727,-0.943918,4.224081,4.282458,0.571386,0.534795,-4.405308,-4.405308,-4.436991,-4.436991,0.490265,0.490265,0.483796,0.483796,0.095553,0.085945,0,0,0,0,0
338,0,0,0,0,0,0,0,0,0,0,0,0,0,0,0,0,0,0,0,0,0,0,0,0,0,0,0,0,0,0,0,0,0,0,0,0,-1.168236,-1.087858,4.066543,4.099307,1.049715,1.017264,-4.392548,-4.392548,-4.396448,-4.396448,0.153872,0.153872,0.152863,0.152863,0.215736,0.194518,0,0,0,0,0
341,0,0,0,0,0,0,0,0,0,0,0,0,0,0,0,0,0,0,0,0,0,0,0,0,0,0,0,0,0,0,0,0,0,0,0,0,-1.235192,-1.164221,3.905892,3.9163,1.403034,1.373584,-4.338249,-4.338249,-4.321371,-4.321371,-0.131253,-0.131253,-0.12868,-0.12868,0.316845,0.286762,0,0,0,0,0
345,0,0,0,0,0,0,0,0,0,0,0,0,0,0,0,0,0,0,0,0,0,0,0,0,0,0,0,0,0,0,0,0,0,0,0,0,-1.27545,-1.217583,3.643994,3.62095,1.851863,1.825317,-4.21551,-4.21551,-4.170986,-4.170986,-0.540597,-0.540597,-0.533719,-0.533719,0.465481,0.424379,0,0,0,0,0
349,0,0,0,0,0,0,0,0,0,0,0,0,0,0,0,0,0,0,0,0,0,0,0,0,0,0,0,0,0,0,0,0,0,0,0,0,-1.267654,-1.221932,3.332268,3.276105,2.274798,2.249581,-4.038269,-4.038269,-3.968725,-3.968725,-0.973289,-0.973289,-0.964406,-0.964406,0.620874,0.571088,0,0,0,0,0
353,0,0,0,0,0,0,0,0,0,0,0,0,0,0,0,0,0,0,0,0,0,0,0,0,0,0,0,0,0,0,0,0,0,0,0,0,-1.220929,-1.186724,2.976455,2.889098,2.675038,2.650145,-3.80661,-3.80661,-3.716065,-3.716065,-1.421754,-1.421754,-1.411836,-1.411836,0.770083,0.716074,0,0,0,0,0
356,0,0,0,0,0,0,0,0,0,0,0,0,0,0,0,0,0,0,0,0,0,0,0,0,0,0,0,0,0,0,0,0,0,0,0,0,-1.164897,-1.138822,2.682995,2.57471,2.959663,2.933026,-3.59714,-3.59714,-3.494734,-3.494734,-1.761065,-1.761065,-1.75181,-1.75181,0.872088,0.818654,0,0,0,0,0
360,0,0,0,0,0,0,0,0,0,0,0,0,0,0,0,0,0,0,0,0,0,0,0,0,0,0,0,0,0,0,0,0,0,0,0,0,-1.057604,-1.04044,2.266129,2.137866,3.304403,3.275902,-3.282996,-3.282996,-3.170061,-3.170061,-2.204739,-2.204739,-2.19809,-2.19809,0.993479,0.947339,0,0,0,0,0
364,0,0,0,0,0,0,0,0,0,0,0,0,0,0,0,0,0,0,0,0,0,0,0,0,0,0,0,0,0,0,0,0,0,0,0,0,-0.920931,-0.910475,1.826098,1.68791,3.609061,3.57797,-2.931539,-2.931539,-2.81594,-2.81594,-2.629499,-2.629499,-2.627966,-2.627966,1.089739,1.059,0,0,0,0,0
368,0,0,0,0,0,0,0,0,0,0,0,0,0,0,0,0,0,0,0,0,0,0,0,0,0,0,0,0,0,0,0,0,0,0,0,0,-0.768552,-0.763283,1.371294,1.231365,3.876203,3.841508,-2.539943,-2.539943,-2.427836,-2.427836,-3.029507,-3.029507,-3.033636,-3.033636,1.150405,1.141902,0,0,0,0,0
371,0,0,0,0,0,0,0,0,0,0,0,0,0,0,0,0,0,0,0,0,0,0,0,0,0,0,0,0,0,0,0,0,0,0,0,0,-0.65055,-0.64791,1.026952,0.890564,4.049084,4.011319,-2.220695,-2.220695,-2.11531,-2.11531,-3.307832,-3.307832,-3.316739,-3.316739,1.168865,1.179627,0,0,0,0,0
375,0,0,0,0,0,0,0,0,0,0,0,0,0,0,0,0,0,0,0,0,0,0,0,0,0,0,0,0,0,0,0,0,0,0,0,0,-0.487776,-0.487406,0.580343,0.453541,4.232014,4.191341,-1.776224,-1.776224,-1.682969,-1.682969,-3.640928,-3.640928,-3.65574,-3.65574,1.160894,1.199683,0,0,0,0,0
379,0,0,0,0,0,0,0,0,0,0,0,0,0,0,0,0,0,0,0,0,0,0,0,0,0,0,0,0,0,0,0,0,0,0,0,0,-0.328315,-0.330033,0.158653,0.044696,4.359024,4.316029,-1.313437,-1.313437,-1.234252,-1.234252,-3.923528,-3.923528,-3.944472,-3.944472,1.109874,1.178054,0,0,0,0,0
383,0,0,0,0,0,0,0,0,0,0,0,0,0,0,0,0,0,0,0,0,0,0,0,0,0,0,0,0,0,0,0,0,0,0,0,0,-0.186497,-0.187281,-0.227142,-0.325433,4.428034,4.38291,-0.829791,-0.829791,-0.768966,-0.768966,-4.149323,-4.149323,-4.169774,-4.169774,1.008857,1.101459,0,0,0,0,0
386,0,0,0,0,0,0,0,0,0,0,0,0,0,0,0,0,0,0,0,0,0,0,0,0,0,0,0,0,0,0,0,0,0,0,0,0,-0.09682,-0.097443,-0.48711,-0.574343,4.439161,4.392571,-0.453914,-0.453914,-0.40745,-0.40745,-4.274497,-4.274497,-4.294319,-4.294319,0.895616,1.00435,0,0,0,0,0
390,0,0,0,0,0,0,0,0,0,0,0,0,0,0,0,0,0,0,0,0,0,0,0,0,0,0,0,0,0,0,0,0,0,0,0,0,0,0,-0.775944,-0.849851,4.391855,4.344528,0.045801,0.045801,0.073489,0.073489,-4.375936,-4.375936,-4.390959,-4.390959,0.700931,0.825412,0,0,0,0,0
394,0,0,0,0,0,0,0,0,0,0,0,0,0,0,0,0,0,0,0,0,0,0,0,0,0,0,0,0,0,0,0,0,0,0,0,0,0,0,-0.971788,-1.03604,4.293511,4.245562,0.539642,0.539642,0.548235,0.548235,-4.424882,-4.424882,-4.431004,-4.431004,0.427274,0.558832,0.086212,0.092551,0,0,0
398,0,0,0,0,0,0,0,0,0,0,0,0,0,0,0,0,0,0,0,0,0,0,0,0,0,0,0,0,0,0,0,0,0,0,0,0,0,0,-1.110285,-1.168201,4.121412,4.073143,1.028432,1.028432,1.018658,1.018658,-4.404124,-4.404124,-4.398486,-4.398486,0.094304,0.224683,0.195545,0.210277,0,0,0
401,0,0,0,0,0,0,0,0,0,0,0,0,0,0,0,0,0,0,0,0,0,0,0,0,0,0,0,0,0,0,0,0,0,0,0,0,0,0,-1.180751,-1.235526,3.947045,3.898715,1.38948,1.38948,1.36635,1.36635,-4.343589,-4.343589,-4.328687,-4.328687,-0.186805,-0.06294,0.289073,0.310866,0,0,0
405,0,0,0,0,0,0,0,0,0,0,0,0,0,0,0,0,0,0,0,0,0,0,0,0,0,0,0,0,0,0,0,0,0,0,0,0,0,0,-1.224517,-1.277295,3.663852,3.615486,1.848212,1.848212,1.809664,1.809664,-4.212515,-4.212515,-4.18382,-4.18382,-0.590862,-0.480674,0.428616,0.461101,0,0,0
409,0,0,0,0,0,0,0,0,0,0,0,0,0,0,0,0,0,0,0,0,0,0,0,0,0,0,0,0,0,0,0,0,0,0,0,0,0,0,-1.218157,-1.269882,3.329304,3.281811,2.279368,2.279368,2.228634,2.228634,-4.027616,-4.027616,-3.986462,-3.986462,-1.018738,-0.928681,0.579124,0.622748,0,0,0
413,0,0,0,0,0,0,0,0,0,0,0,0,0,0,0,0,0,0,0,0,0,0,0,0,0,0,0,0,0,0,0,0,0,0,0,0,0,0,-1.17281,-1.223677,2.949375,2.904251,2.687502,2.687502,2.629137,2.629137,-3.788143,-3.788143,-3.737254,-3.737254,-1.463239,-1.398965,0.72919,0.784006,0,0,0
416,0,0,0,0,0,0,0,0,0,0,0,0,0,0,0,0,0,0,0,0,0,0,0,0,0,0,0,0,0,0,0,0,0,0,0,0,0,0,-1.117452,-1.167783,2.638146,2.594821,2.976575,2.976575,2.915213,2.915213,-3.573802,-3.573802,-3.518308,-3.518308,-1.801049,-1.759115,0.837181,0.900216,0,0,0
420,0,0,0,0,0,0,0,0,0,0,0,0,0,0,0,0,0,0,0,0,0,0,0,0,0,0,0,0,0,0,0,0,0,0,0,0,0,0,-1.012618,-1.061194,2.198604,2.159203,3.327758,3.327758,3.269014,3.269014,-3.253489,-3.253489,-3.194633,-3.194633,-2.246867,-2.237019,0.973626,1.047496,0,0,0
424,0,0,0,0,0,0,0,0,0,0,0,0,0,0,0,0,0,0,0,0,0,0,0,0,0,0,0,0,0,0,0,0,0,0,0,0,0,0,-0.879985,-0.924598,1.738018,1.705298,3.637031,3.637031,3.58913,3.58913,-2.897078,-2.897078,-2.840297,-2.840297,-2.677261,-2.702685,1.094701,1.178048,0,0,0
428,0,0,0,0,0,0,0,0,0,0,0,0,0,0,0,0,0,0,0,0,0,0,0,0,0,0,0,0,0,0,0,0,0,0,0,0,0,0,-0.733364,-0.772687,1.266673,1.241816,3.905722,3.905722,3.874435,3.874435,-2.501634,-2.501634,-2.450738,-2.450738,-3.083203,-3.144106,1.184757,1.27604,0,0,0
431,0,0,0,0,0,0,0,0,0,0,0,0,0,0,0,0,0,0,0,0,0,0,0,0,0,0,0,0,0,0,0,0,0,0,0,0,0,0,-0.62075,-0.654973,0.913811,0.895127,4.076512,4.076512,4.060621,4.060621,-2.180543,-2.180543,-2.135222,-2.135222,-3.364303,-3.450438,1.223893,1.31974,0,0,0
435,0,0,0,0,0,0,0,0,0,0,0,0,0,0,0,0,0,0,0,0,0,0,0,0,0,0,0,0,0,0,0,0,0,0,0,0,0,0,-0.465522,-0.492695,0.463007,0.454335,4.251072,4.251072,4.258261,4.258261,-1.735769,-1.735769,-1.698955,-1.698955,-3.694649,-3.811269,1.237492,1.337314,0,0,0
439,0,0,0,0,0,0,0,0,0,0,0,0,0,0,0,0,0,0,0,0,0,0,0,0,0,0,0,0,0,0,0,0,0,0,0,0,0,0,-0.314197,-0.333577,0.048031,0.049237,4.360751,4.360751,4.391705,4.391705,-1.275509,-1.275509,-1.246626,-1.246626,-3.963783,-4.105127,1.19611,1.296272,0,0,0
443,0,0,0,0,0,0,0,0,0,0,0,0,0,0,0,0,0,0,0,0,0,0,0,0,0,0,0,0,0,0,0,0,0,0,0,0,0,0,-0.178851,-0.190361,-0.318934,-0.308361,4.402945,4.402945,4.456032,4.456032,-0.796848,-0.796848,-0.7746,-0.7746,-4.159707,-4.318377,1.084779,1.181015,0,0,0
446,0,0,0,0,0,0,0,0,0,0,0,0,0,0,0,0,0,0,0,0,0,0,0,0,0,0,0,0,0,0,0,0,0,0,0,0,0,0,-0.093431,-0.099678,-0.554122,-0.538044,4.386145,4.386145,4.452418,4.452418,-0.427576,-0.427576,-0.408269,-0.408269,-4.250508,-4.414831,0.94828,1.039062,0,0,0
450,0,0,0,0,0,0,0,0,0,0,0,0,0,0,0,0,0,0,0,0,0,0,0,0,0,0,0,0,0,0,0,0,0,0,0,0,0,0,0,0,-0.793697,-0.772085,4.290303,4.290303,4.367928,4.367928,0.060033,0.060033,0.076921,0.076921,-4.284075,-4.447471,0.698649,0.776529,0,0,0
454,0,0,0,0,0,0,0,0,0,0,0,0,0,0,0,0,0,0,0,0,0,0,0,0,0,0,0,0,0,0,0,0,0,0,0,0,0,0,0,0,-0.923703,-0.901479,4.127545,4.127545,4.204292,4.204292,0.523389,0.523389,0.537492,0.537492,-4.265412,-4.41777,0.314709,0.373085,0.048216,0.076578,0
458,0,0,0,0,0,0,0,0,0,0,0,0,0,0,0,0,0,0,0,0,0,0,0,0,0,0,0,0,0,0,0,0,0,0,0,0,0,0,0,0,-0.983294,-0.964231,3.88635,3.88635,3.952008,3.952008,0.974738,0.974738,0.985888,0.985888,-4.161058,-4.294033,-0.153709,-0.119474,0.104363,0.168211,0
461,0,0,0,0,0,0,0,0,0,0,0,0,0,0,0,0,0,0,0,0,0,0,0,0,0,0,0,0,0,0,0,0,0,0,0,0,0,0,0,0,-0.990461,-0.975349,3.662411,3.662411,3.715185,3.715185,1.302245,1.302245,1.310972,1.310972,-4.031283,-4.145913,-0.544022,-0.529828,0.149189,0.24195,0
465,0,0,0,0,0,0,0,0,0,0,0,0,0,0,0,0,0,0,0,0,0,0,0,0,0,0,0,0,0,0,0,0,0,0,0,0,0,0,0,0,-0.95224,-0.943602,3.322079,3.322079,3.353397,3.353397,1.706736,1.706736,1.711041,1.711041,-3.807144,-3.895626,-1.094494,-1.108402,0.215662,0.34679,0
469,0,0,0,0,0,0,0,0,0,0,0,0,0,0,0,0,0,0,0,0,0,0,0,0,0,0,0,0,0,0,0,0,0,0,0,0,0,0,0,0,-0.872385,-0.872691,2.950545,2.950545,2.955909,2.955909,2.073207,2.073207,2.071676,2.071676,-3.533513,-3.594214,-1.657792,-1.697492,0.283349,0.450151,0
473,0,0,0,0,0,0,0,0,0,0,0,0,0,0,0,0,0,0,0,0,0,0,0,0,0,0,0,0,0,0,0,0,0,0,0,0,0,0,0,0,-0.770509,-0.778941,2.562046,2.562046,2.54225,2.54225,2.406167,2.406167,2.39797,2.39797,-3.21304,-3.248353,-2.206922,-2.269377,0.342616,0.538195,0
476,0,0,0,0,0,0,0,0,0,0,0,0,0,0,0,0,0,0,0,0,0,0,0,0,0,0,0,0,0,0,0,0,0,0,0,0,0,0,0,0,-0.688267,-0.702706,2.269152,2.269152,2.23093,2.23093,2.632236,2.632236,2.617443,2.617443,-2.946096,-2.964566,-2.59389,-2.668942,0.377538,0.588924,0
480,0,0,0,0,0,0,0,0,0,0,0,0,0,0,0,0,0,0,0,0,0,0,0,0,0,0,0,0,0,0,0,0,0,0,0,0,0,0,0,0,-0.57365,-0.594015,1.894666,1.894666,1.837107,1.837107,2.887365,2.887365,2.864334,2.864334,-2.576106,-2.576313,-3.057816,-3.142116,0.412741,0.634386,0
484,0,0,0,0,0,0,0,0,0,0,0,0,0,0,0,0,0,0,0,0,0,0,0,0,0,0,0,0,0,0,0,0,0,0,0,0,0,0,0,0,-0.46507,-0.488637,1.550598,1.550598,1.480672,1.480672,3.09102,3.09102,3.059389,3.059389,-2.196577,-2.184502,-3.445488,-3.527768,0.430001,0.648002,0
488,0,0,0,0,0,0,0,0,0,0,0,0,0,0,0,0,0,0,0,0,0,0,0,0,0,0,0,0,0,0,0,0,0,0,0,0,0,0,0,0,-0.369139,-0.393395,1.230897,1.230897,1.155637,1.155637,3.255024,3.255024,3.216109,3.216109,-1.798694,-1.780174,-3.759536,-3.831175,0.427311,0.627767,0
491,0,0,0,0,0,0,0,0,0,0,0,0,0,0,0,0,0,0,0,0,0,0,0,0,0,0,0,0,0,0,0,0,0,0,0,0,0,0,0,0,-0.305879,-0.329386,1.003818,1.003818,0.927772,0.927772,3.356121,3.356121,3.310926,3.310926,-1.487315,-1.467276,-3.952288,-4.009888,0.413215,0.593581,0
495,0,0,0,0,0,0,0,0,0,0,0,0,0,0,0,0,0,0,0,0,0,0,0,0,0,0,0,0,0,0,0,0,0,0,0,0,0,0,0,0,-0.225929,-0.246606,0.716855,0.716855,0.645866,0.645866,3.459056,3.459056,3.406765,3.406765,-1.071364,-1.050962,-4.163153,-4.196503,0.387448,0.534238,0
499,0,0,0,0,0,0,0,0,0,0,0,0,0,0,0,0,0,0,0,0,0,0,0,0,0,0,0,0,0,0,0,0,0,0,0,0,0,0,0,0,-0.153283,-0.169563,0.446471,0.446471,0.381818,0.381818,3.530558,3.530558,3.471654,3.471654,-0.653365,-0.635393,-4.334322,-4.333617,0.357918,0.463052,0
503,0,0,0,0,0,0,0,0,0,0,0,0,0,0,0,0,0,0,0,0,0,0,0,0,0,0,0,0,0,0,0,0,0,0,0,0,0,0,0,0,-0.090561,-0.1013,0.178399,0.178399,0.12451,0.12451,3.581023,3.581023,3.516634,3.516634,-0.226072,-0.212342,-4.469528,-4.431413,0.323093,0.38283,0
506,0,0,0,0,0,0,0,0,0,0,0,0,0,0,0,0,0,0,0,0,0,0,0,0,0,0,0,0,0,0,0,0,0,0,0,0,0,0,0,0,-0.050351,-0.056689,-0.024745,-0.024745,-0.069338,-0.069338,3.607073,3.607073,3.538073,3.538073,0.101387,0.111853,-4.55324,-4.485295,0.296446,0.318811,0
510,0,0,0,0,0,0,0,0,0,0,0,0,0,0,0,0,0,0,0,0,0,0,0,0,0,0,0,0,0,0,0,0,0,0,0,0,0,0,0,0,0,0,-0.296301,-0.296301,-0.327821,-0.327821,3.627184,3.627184,3.552514,3.552514,0.529281,0.535215,-4.656415,-4.545829,0.266589,0.239967,0
