position,GenIII_05,GenIII_06,GenIII_07,GenIII_08,GenIII_09,GenIII_10,GenIII_11,GenIII_12,GenIII_13,GenIII_14,GenIII_15,GenIII_50,GenIII_16,GenIII_49,GenIII_17,GenIII_51,GenIII_18,GenIII_59,GenIII_19,GenIII_20,GenIII_21,GenIII_22,GenIII_23,GenIII_24,GenIII_25,GenIII_52,GenIII_26,GenIII_58,GenIII_27,GenIII_28,GenIII_29,GenIII_30,GenIII_31,GenIII_53,GenIII_32,GenIII_54,GenIII_33,GenIII_34,GenIII_35,GenIII_36,GenIII_37,GenIII_38,GenIII_39,GenIII_54,GenIII_40,GenIII_56,GenIII_41,GenIII_55,GenIII_42,GenIII_43,GenIII_44,GenIII_45,GenIII_46,GenIII_47,GenIII_48,GenIII_Shield
-510,0.602578,0.647054,0.237483,0.209796,-3.6474,-3.66033,-1.116246,-1.107487,3.044452,3.073378,0,0,0,0,0,0,0,0,0,0,0,0,0,0,0,0,0,0,0,0,0,0,0,0,0,0,0,0,0,0,0,0,0,0,0,0,0,0,0,0,0,0,0,0,0,0
-506,0.638072,0.687929,0.227026,0.198835,-3.434048,-3.447693,-1.389611,-1.381176,2.721856,2.744635,0.390213,0.390213,0.390633,0.390633,0,0,0,0,0,0,0,0,0,0,0,0,0,0,0,0,0,0,0,0,0,0,0,0,0,0,0,0,0,0,0,0,0,0,0,0,0,0,0,0,0,0
-503,0.680395,0.733978,0.23371,0.205293,-3.276768,-3.290873,-1.615042,-1.606863,2.460421,2.478695,0.663548,0.663548,0.664236,0.664236,0,0,0,0,0,0,0,0,0,0,0,0,0,0,0,0,0,0,0,0,0,0,0,0,0,0,0,0,0,0,0,0,0,0,0,0,0,0,0,0,0,0
-499,0.708283,0.76648,0.240899,0.212695,-3.060471,-3.074794,-1.881179,-1.873326,2.151081,2.163868,1.037468,1.037468,1.038629,1.038629,0,0,0,0,0,0,0,0,0,0,0,0,0,0,0,0,0,0,0,0,0,0,0,0,0,0,0,0,0,0,0,0,0,0,0,0,0,0,0,0,0,0
-495,0.726911,0.790198,0.268427,0.240232,-2.842528,-2.857055,-2.142597,-2.135029,1.854826,1.862169,1.391314,1.391314,1.392605,1.392605,0,0,0,0,0,0,0,0,0,0,0,0,0,0,0,0,0,0,0,0,0,0,0,0,0,0,0,0,0,0,0,0,0,0,0,0,0,0,0,0,0,0
-491,0.73516,0.799932,0.322659,0.295848,-2.622968,-2.637454,-2.396925,-2.389308,1.574431,1.578326,1.717017,1.717017,1.718726,1.718726,0,0,0,0,0,0,0,0,0,0,0,0,0,0,0,0,0,0,0,0,0,0,0,0,0,0,0,0,0,0,0,0,0,0,0,0,0,0,0,0,0,0
-488,0.748573,0.813721,0.397689,0.372534,-2.453953,-2.467966,-2.602407,-2.59514,1.351563,1.353232,1.919347,1.919347,1.921259,1.921259,0,0,0,0,0,0,0,0,0,0,0,0,0,0,0,0,0,0,0,0,0,0,0,0,0,0,0,0,0,0,0,0,0,0,0,0,0,0,0,0,0,0
-484,0.725722,0.790604,0.518111,0.494906,-2.225524,-2.239322,-2.83895,-2.831894,1.109353,1.109063,2.175707,2.175707,2.177533,2.177533,0,0,0,0,0,0,0,0,0,0,0,0,0,0,0,0,0,0,0,0,0,0,0,0,0,0,0,0,0,0,0,0,0,0,0,0,0,0,0,0,0,0
-480,0.680656,0.742465,0.685043,0.664859,-1.993004,-2.006206,-3.062659,-3.056227,0.895921,0.895179,2.382818,2.382818,2.384518,2.384518,0,0,0,0,0,0,0,0,0,0,0,0,0,0,0,0,0,0,0,0,0,0,0,0,0,0,0,0,0,0,0,0,0,0,0,0,0,0,0,0,0,0
-476,0.609898,0.666049,0.901532,0.885177,-1.754413,-1.767015,-3.268971,-3.263466,0.714024,0.714379,2.535278,2.535278,2.53666,2.53666,0,0,0,0,0,0,0,0,0,0,0,0,0,0,0,0,0,0,0,0,0,0,0,0,0,0,0,0,0,0,0,0,0,0,0,0,0,0,0,0,0,0
-473,0.559688,0.610183,1.102118,1.089089,-1.564533,-1.576492,-3.424791,-3.419972,0.565742,0.567791,2.592632,2.592632,2.593655,2.593655,0,0,0,0,0,0,0,0,0,0,0,0,0,0,0,0,0,0,0,0,0,0,0,0,0,0,0,0,0,0,0,0,0,0,0,0,0,0,0,0,0,0
-469,0.456949,0.498585,1.371154,1.363921,-1.320505,-1.331631,-3.587689,-3.584881,0.422683,0.427746,2.658107,2.658107,2.65835,2.65835,0,0,0,0,0,0,0,0,0,0,0,0,0,0,0,0,0,0,0,0,0,0,0,0,0,0,0,0,0,0,0,0,0,0,0,0,0,0,0,0,0,0
-465,0.345464,0.377597,1.6487,1.644694,-1.078572,-1.089024,-3.718146,-3.716151,0.290402,0.298523,2.68247,2.68247,2.682006,2.682006,0,0,0,0,0,0,0,0,0,0,0,0,0,0,0,0,0,0,0,0,0,0,0,0,0,0,0,0,0,0,0,0,0,0,0,0,0,0,0,0,0,0
-461,0.233172,0.255304,1.916216,1.91646,-0.841768,-0.851529,-3.812884,-3.812758,0.162119,0.173484,2.672778,2.672778,2.672062,2.672062,0,0,0,0,0,0,0,0,0,0,0,0,0,0,0,0,0,0,0,0,0,0,0,0,0,0,0,0,0,0,0,0,0,0,0,0,0,0,0,0,0,0
-458,0.169847,0.184944,2.114624,2.117666,-0.657019,-0.666062,-3.867147,-3.868393,0.034183,0.047566,2.620944,2.620944,2.619816,2.619816,0,0,0,0,0,0,0,0,0,0,0,0,0,0,0,0,0,0,0,0,0,0,0,0,0,0,0,0,0,0,0,0,0,0,0,0,0,0,0,0,0,0
-454,0.074311,0.080959,2.326135,2.331949,-0.437066,-0.445149,-3.886917,-3.889935,-0.105158,-0.089711,2.569044,2.569044,2.567557,2.567557,0,0,0,0,0,0,0,0,0,0,0,0,0,0,0,0,0,0,0,0,0,0,0,0,0,0,0,0,0,0,0,0,0,0,0,0,0,0,0,0,0,0
-450,0,0,2.483113,2.490748,-0.233114,-0.239801,-3.861822,-3.866167,-0.26118,-0.244797,2.505722,2.505722,2.504275,2.504275,0,0,0,0,0,0,0,0,0,0,0,0,0,0,0,0,0,0,0,0,0,0,0,0,0,0,0,0,0,0,0,0,0,0,0,0,0,0,0,0,0,0
-446,0,0,2.540846,2.548701,-0.08206,-0.087196,-3.829926,-3.835081,-0.496098,-0.48107,2.384218,2.384218,2.382751,2.382751,0.184488,0.184488,0.183934,0.183934,0,0,0,0,0,0,0,0,0,0,0,0,0,0,0,0,0,0,0,0,0,0,0,0,0,0,0,0,0,0,0,0,0,0,0,0,0,0
-443,0,0,2.582178,2.589671,0.067539,0.063741,-3.767106,-3.773485,-0.720529,-0.706095,2.253419,2.253419,2.2523,2.2523,0.343722,0.343722,0.342895,0.342895,0,0,0,0,0,0,0,0,0,0,0,0,0,0,0,0,0,0,0,0,0,0,0,0,0,0,0,0,0,0,0,0,0,0,0,0,0,0
-439,0,0,2.565635,2.572028,0.237488,0.236139,-3.649561,-3.656209,-1.016255,-1.004141,2.094615,2.094615,2.09409,2.09409,0.61189,0.61189,0.610428,0.610428,0,0,0,0,0,0,0,0,0,0,0,0,0,0,0,0,0,0,0,0,0,0,0,0,0,0,0,0,0,0,0,0,0,0,0,0,0,0
-435,0,0,2.505376,2.509844,0.416597,0.417795,-3.488395,-3.495177,-1.334473,-1.325016,1.920107,1.920107,1.92043,1.92043,0.905621,0.905621,0.903815,0.903815,0,0,0,0,0,0,0,0,0,0,0,0,0,0,0,0,0,0,0,0,0,0,0,0,0,0,0,0,0,0,0,0,0,0,0,0,0,0
-431,0,0,2.401113,2.403678,0.603829,0.607719,-3.287644,-3.294552,-1.665958,-1.659411,1.734709,1.734709,1.73585,1.73585,1.20942,1.20942,1.207292,1.207292,0,0,0,0,0,0,0,0,0,0,0,0,0,0,0,0,0,0,0,0,0,0,0,0,0,0,0,0,0,0,0,0,0,0,0,0,0,0
-428,0,0,2.316628,2.317464,0.777098,0.78336,-3.102312,-3.108963,-1.936438,-1.932143,1.565853,1.565853,1.567273,1.567273,1.417071,1.417071,1.414543,1.414543,0,0,0,0,0,0,0,0,0,0,0,0,0,0,0,0,0,0,0,0,0,0,0,0,0,0,0,0,0,0,0,0,0,0,0,0,0,0
-424,0,0,2.136229,2.135149,0.976137,0.985414,-2.841906,-2.848385,-2.267188,-2.26548,1.371566,1.371566,1.37345,1.37345,1.699239,1.699239,1.696491,1.696491,0,0,0,0,0,0,0,0,0,0,0,0,0,0,0,0,0,0,0,0,0,0,0,0,0,0,0,0,0,0,0,0,0,0,0,0,0,0
-420,0,0,1.915423,1.912892,1.181903,1.194107,-2.556345,-2.562957,-2.586002,-2.586152,1.180331,1.180331,1.182387,1.182387,1.949157,1.949157,1.946367,1.946367,0,0,0,0,0,0,0,0,0,0,0,0,0,0,0,0,0,0,0,0,0,0,0,0,0,0,0,0,0,0,0,0,0,0,0,0,0,0
-416,0,0,1.657201,1.653859,1.392412,1.407373,-2.25046,-2.25756,-2.882475,-2.883828,0.996661,0.996661,0.998376,0.998376,2.154638,2.154638,2.15194,2.15194,0,0,0,0,0,0,0,0,0,0,0,0,0,0,0,0,0,0,0,0,0,0,0,0,0,0,0,0,0,0,0,0,0,0,0,0,0,0
-413,0,0,1.463693,1.459874,1.575206,1.592714,-1.99346,-2.001218,-3.098382,-3.100074,0.835043,0.835043,0.835784,0.835784,2.257191,2.257191,2.254892,2.254892,0,0,0,0,0,0,0,0,0,0,0,0,0,0,0,0,0,0,0,0,0,0,0,0,0,0,0,0,0,0,0,0,0,0,0,0,0,0
-409,0,0,1.168336,1.16494,1.779252,1.798274,-1.669553,-1.678021,-3.339253,-3.341106,0.659281,0.659281,0.659522,0.659522,2.385293,2.385293,2.383109,2.383109,0,0,0,0,0,0,0,0,0,0,0,0,0,0,0,0,0,0,0,0,0,0,0,0,0,0,0,0,0,0,0,0,0,0,0,0,0,0
-405,0,0,0.871029,0.868334,1.969789,1.990959,-1.34632,-1.355501,-3.539973,-3.54207,0.484291,0.484291,0.483811,0.483811,2.472834,2.472834,2.471221,2.471221,0,0,0,0,0,0,0,0,0,0,0,0,0,0,0,0,0,0,0,0,0,0,0,0,0,0,0,0,0,0,0,0,0,0,0,0,0,0
-401,0,0,0.58701,0.584868,2.141609,2.163291,-1.031114,-1.040951,-3.697189,-3.698284,0.307941,0.307941,0.305789,0.305789,2.524699,2.524699,2.523502,2.523502,0,0,0,0,0,0,0,0,0,0,0,0,0,0,0,0,0,0,0,0,0,0,0,0,0,0,0,0,0,0,0,0,0,0,0,0,0,0
-398,0,0,0.405921,0.404623,2.278677,2.30058,-0.782268,-0.792051,-3.788451,-3.788679,0.144222,0.144222,0.140609,0.140609,2.517217,2.517217,2.515452,2.515452,0,0,0,0,0,0,0,0,0,0,0,0,0,0,0,0,0,0,0,0,0,0,0,0,0,0,0,0,0,0,0,0,0,0,0,0,0,0
-394,0,0,0.178051,0.176584,2.402198,2.42401,-0.499694,-0.508868,-3.853865,-3.855222,-0.041748,-0.041748,-0.044472,-0.044472,2.514071,2.514071,2.513361,2.513361,0,0,0,0,0,0,0,0,0,0,0,0,0,0,0,0,0,0,0,0,0,0,0,0,0,0,0,0,0,0,0,0,0,0,0,0,0,0
-390,0,0,0,0,2.491286,2.511485,-0.245282,-0.254655,-3.86371,-3.863278,-0.236056,-0.236056,-0.240874,-0.240874,2.489179,2.489179,2.489727,2.489727,0,0,0,0,0,0,0,0,0,0,0,0,0,0,0,0,0,0,0,0,0,0,0,0,0,0,0,0,0,0,0,0,0,0,0,0,0,0
-386,0,0,0,0,2.514375,2.532272,-0.052571,-0.060768,-3.848249,-3.848003,-0.492467,-0.492467,-0.497789,-0.497789,2.39606,2.39606,2.397803,2.397803,0.182229,0.183584,0,0,0,0,0,0,0,0,0,0,0,0,0,0,0,0,0,0,0,0,0,0,0,0,0,0,0,0,0,0,0,0,0,0,0,0
-383,0,0,0,0,2.543068,2.558268,0.114421,0.107947,-3.794612,-3.794022,-0.72647,-0.72647,-0.732234,-0.732234,2.278721,2.278721,2.280445,2.280445,0.33955,0.341022,0,0,0,0,0,0,0,0,0,0,0,0,0,0,0,0,0,0,0,0,0,0,0,0,0,0,0,0,0,0,0,0,0,0,0,0
-379,0,0,0,0,2.521766,2.533522,0.293402,0.289093,-3.682276,-3.682009,-1.028141,-1.028141,-1.033562,-1.033562,2.127626,2.127626,2.12963,2.12963,0.602546,0.605741,0,0,0,0,0,0,0,0,0,0,0,0,0,0,0,0,0,0,0,0,0,0,0,0,0,0,0,0,0,0,0,0,0,0,0,0
-375,0,0,0,0,2.469282,2.477119,0.468814,0.466998,-3.522276,-3.522528,-1.345744,-1.345744,-1.350879,-1.350879,1.953027,1.953027,1.955392,1.955392,0.891243,0.8962,0,0,0,0,0,0,0,0,0,0,0,0,0,0,0,0,0,0,0,0,0,0,0,0,0,0,0,0,0,0,0,0,0,0,0,0
-371,0,0,0,0,2.380464,2.384309,0.643613,0.644133,-3.318932,-3.320259,-1.671565,-1.671565,-1.676419,-1.676419,1.761543,1.761543,1.76489,1.76489,1.189757,1.196879,0,0,0,0,0,0,0,0,0,0,0,0,0,0,0,0,0,0,0,0,0,0,0,0,0,0,0,0,0,0,0,0,0,0,0,0
-368,0,0,0,0,2.310074,2.311096,0.804337,0.806979,-3.131226,-3.132336,-1.936527,-1.936527,-1.941454,-1.941454,1.586689,1.586689,1.589273,1.589273,1.393858,1.402467,0,0,0,0,0,0,0,0,0,0,0,0,0,0,0,0,0,0,0,0,0,0,0,0,0,0,0,0,0,0,0,0,0,0,0,0
-364,0,0,0,0,2.148561,2.146932,0.985901,0.990606,-2.86594,-2.868544,-2.259646,-2.259646,-2.262799,-2.262799,1.384103,1.384103,1.385978,1.385978,1.672611,1.683501,0,0,0,0,0,0,0,0,0,0,0,0,0,0,0,0,0,0,0,0,0,0,0,0,0,0,0,0,0,0,0,0,0,0,0,0
-360,0,0,0,0,1.942889,1.938742,1.176767,1.183145,-2.576046,-2.579564,-2.570701,-2.570701,-2.573665,-2.573665,1.184835,1.184835,1.187002,1.187002,1.919971,1.93395,0,0,0,0,0,0,0,0,0,0,0,0,0,0,0,0,0,0,0,0,0,0,0,0,0,0,0,0,0,0,0,0,0,0,0,0
-356,0,0,0,0,1.693095,1.687746,1.378786,1.386215,-2.266983,-2.271423,-2.863038,-2.863038,-2.86518,-2.86518,0.996463,0.996463,0.99815,0.99815,2.124405,2.1414,0,0,0,0,0,0,0,0,0,0,0,0,0,0,0,0,0,0,0,0,0,0,0,0,0,0,0,0,0,0,0,0,0,0,0,0
-353,0,0,0,0,1.501417,1.495783,1.559378,1.567478,-2.00885,-2.014045,-3.078413,-3.078413,-3.079731,-3.079731,0.832999,0.832999,0.833956,0.833956,2.227121,2.246506,0,0,0,0,0,0,0,0,0,0,0,0,0,0,0,0,0,0,0,0,0,0,0,0,0,0,0,0,0,0,0,0,0,0,0,0
-349,0,0,0,0,1.204576,1.199297,1.763862,1.771867,-1.683522,-1.689358,-3.319865,-3.319865,-3.320667,-3.320667,0.656436,0.656436,0.656901,0.656901,2.355655,2.377943,0,0,0,0,0,0,0,0,0,0,0,0,0,0,0,0,0,0,0,0,0,0,0,0,0,0,0,0,0,0,0,0,0,0,0,0
-345,0,0,0,0,0.901964,0.897546,1.958853,1.966396,-1.359468,-1.365815,-3.523971,-3.523971,-3.524086,-3.524086,0.482093,0.482093,0.481742,0.481742,2.444443,2.469691,0,0,0,0,0,0,0,0,0,0,0,0,0,0,0,0,0,0,0,0,0,0,0,0,0,0,0,0,0,0,0,0,0,0,0,0
-341,0,0,0,0,0.609977,0.606737,2.137545,2.144508,-1.044176,-1.051016,-3.685312,-3.685312,-3.684981,-3.684981,0.306864,0.306864,0.305896,0.305896,2.498075,2.525734,0,0,0,0,0,0,0,0,0,0,0,0,0,0,0,0,0,0,0,0,0,0,0,0,0,0,0,0,0,0,0,0,0,0,0,0
-338,0,0,0,0,0.422091,0.419806,2.280112,2.286475,-0.794844,-0.80183,-3.779742,-3.779742,-3.779337,-3.779337,0.144181,0.144181,0.142543,0.142543,2.491282,2.520383,0,0,0,0,0,0,0,0,0,0,0,0,0,0,0,0,0,0,0,0,0,0,0,0,0,0,0,0,0,0,0,0,0,0,0,0
-334,0,0,0,0,0.184378,0.1833,2.411048,2.416458,-0.511383,-0.518297,-3.850258,-3.850258,-3.849924,-3.849924,-0.040236,-0.040236,-0.042479,-0.042479,2.490653,2.521212,0,0,0,0,0,0,0,0,0,0,0,0,0,0,0,0,0,0,0,0,0,0,0,0,0,0,0,0,0,0,0,0,0,0,0,0
-330,0,0,0,0,0,0,2.505594,2.51006,-0.256732,-0.262972,-3.86391,-3.86391,-3.863948,-3.863948,-0.233591,-0.233591,-0.236229,-0.236229,2.467618,2.498757,0,0,0,0,0,0,0,0,0,0,0,0,0,0,0,0,0,0,0,0,0,0,0,0,0,0,0,0,0,0,0,0,0,0,0,0
-326,0,0,0,0,0,0,2.53033,2.534169,-0.064365,-0.069332,-3.85225,-3.85225,-3.852533,-3.852533,-0.489461,-0.489461,-0.492457,-0.492457,2.377179,2.407931,0.183982,0.181103,0,0,0,0,0,0,0,0,0,0,0,0,0,0,0,0,0,0,0,0,0,0,0,0,0,0,0,0,0,0,0,0,0,0
-323,0,0,0,0,0,0,2.559159,2.562454,0.103192,0.099802,-3.800344,-3.800344,-3.801244,-3.801244,-0.724071,-0.724071,-0.726666,-0.726666,2.261764,2.2918,0.342296,0.336899,0,0,0,0,0,0,0,0,0,0,0,0,0,0,0,0,0,0,0,0,0,0,0,0,0,0,0,0,0,0,0,0,0,0
-319,0,0,0,0,0,0,2.536742,2.539578,0.283062,0.281986,-3.689208,-3.689208,-3.690731,-3.690731,-1.026141,-1.026141,-1.028383,-1.028383,2.112846,2.141317,0.607672,0.598557,0,0,0,0,0,0,0,0,0,0,0,0,0,0,0,0,0,0,0,0,0,0,0,0,0,0,0,0,0,0,0,0,0,0
-315,0,0,0,0,0,0,2.481275,2.483751,0.459696,0.461047,-3.529416,-3.529416,-3.53138,-3.53138,-1.344554,-1.344554,-1.346371,-1.346371,1.940353,1.966815,0.898601,0.886133,0,0,0,0,0,0,0,0,0,0,0,0,0,0,0,0,0,0,0,0,0,0,0,0,0,0,0,0,0,0,0,0,0,0
-311,0,0,0,0,0,0,2.389381,2.391642,0.635338,0.639872,-3.326171,-3.326171,-3.328872,-3.328872,-1.67225,-1.67225,-1.673848,-1.673848,1.751692,1.775943,1.200165,1.184434,0,0,0,0,0,0,0,0,0,0,0,0,0,0,0,0,0,0,0,0,0,0,0,0,0,0,0,0,0,0,0,0,0,0
-308,0,0,0,0,0,0,2.316266,2.319064,0.796964,0.803405,-3.137284,-3.137284,-3.140556,-3.140556,-1.938676,-1.938676,-1.939189,-1.939189,1.57784,1.599915,1.406886,1.388534,0,0,0,0,0,0,0,0,0,0,0,0,0,0,0,0,0,0,0,0,0,0,0,0,0,0,0,0,0,0,0,0,0,0
-304,0,0,0,0,0,0,2.151386,2.1536,0.978887,0.98852,-2.870926,-2.870926,-2.874427,-2.874427,-2.26292,-2.26292,-2.263277,-2.263277,1.376149,1.396299,1.68804,1.668712,0,0,0,0,0,0,0,0,0,0,0,0,0,0,0,0,0,0,0,0,0,0,0,0,0,0,0,0,0,0,0,0,0,0
-300,0,0,0,0,0,0,1.943052,1.944958,1.169682,1.182056,-2.579128,-2.579128,-2.583143,-2.583143,-2.576023,-2.576023,-2.576252,-2.576252,1.178274,1.196275,1.938307,1.919063,0,0,0,0,0,0,0,0,0,0,0,0,0,0,0,0,0,0,0,0,0,0,0,0,0,0,0,0,0,0,0,0,0,0
-296,0,0,0,0,0,0,1.691278,1.69301,1.370425,1.385547,-2.267906,-2.267906,-2.272332,-2.272332,-2.86975,-2.86975,-2.870262,-2.870262,0.990045,1.006216,2.144996,2.127707,0,0,0,0,0,0,0,0,0,0,0,0,0,0,0,0,0,0,0,0,0,0,0,0,0,0,0,0,0,0,0,0,0,0
-293,0,0,0,0,0,0,1.498694,1.500228,1.550111,1.566507,-2.007767,-2.007767,-2.012212,-2.012212,-3.086011,-3.086011,-3.086661,-3.086661,0.826167,0.841099,2.249186,2.234203,0,0,0,0,0,0,0,0,0,0,0,0,0,0,0,0,0,0,0,0,0,0,0,0,0,0,0,0,0,0,0,0,0,0
-289,0,0,0,0,0,0,1.201359,1.202702,1.752241,1.770255,-1.679885,-1.679885,-1.684396,-1.684396,-3.328415,-3.328415,-3.32971,-3.32971,0.648643,0.662327,2.379128,2.368281,0,0,0,0,0,0,0,0,0,0,0,0,0,0,0,0,0,0,0,0,0,0,0,0,0,0,0,0,0,0,0,0,0,0
-285,0,0,0,0,0,0,0.899,0.899974,1.944597,1.963888,-1.352843,-1.352843,-1.357655,-1.357655,-3.533034,-3.533034,-3.534724,-3.534724,0.472978,0.485388,2.469018,2.463106,0,0,0,0,0,0,0,0,0,0,0,0,0,0,0,0,0,0,0,0,0,0,0,0,0,0,0,0,0,0,0,0,0,0
-281,0,0,0,0,0,0,0.60743,0.60808,2.120278,2.14008,-1.034737,-1.034737,-1.039807,-1.039807,-3.69429,-3.69429,-3.696676,-3.696676,0.295986,0.307187,2.523114,2.522257,0,0,0,0,0,0,0,0,0,0,0,0,0,0,0,0,0,0,0,0,0,0,0,0,0,0,0,0,0,0,0,0,0,0
-278,0,0,0,0,0,0,0.420901,0.419654,2.262559,2.280143,-0.782949,-0.782949,-0.789754,-0.789754,-3.789644,-3.789644,-3.790352,-3.790352,0.131777,0.141967,2.516191,2.520078,0,0,0,0,0,0,0,0,0,0,0,0,0,0,0,0,0,0,0,0,0,0,0,0,0,0,0,0,0,0,0,0,0,0
-274,0,0,0,0,0,0,0.183485,0.183671,2.388568,2.407885,-0.497314,-0.497314,-0.502663,-0.502663,-3.857873,-3.857873,-3.861038,-3.861038,-0.054929,-0.045593,2.516018,2.5231,0,0,0,0,0,0,0,0,0,0,0,0,0,0,0,0,0,0,0,0,0,0,0,0,0,0,0,0,0,0,0,0,0,0
-270,0,0,0,0,0,0,0,0,2.4802,2.498132,-0.240179,-0.240179,-0.245688,-0.245688,-3.869638,-3.869638,-3.872789,-3.872789,-0.250512,-0.242229,2.492659,2.503072,0,0,0,0,0,0,0,0,0,0,0,0,0,0,0,0,0,0,0,0,0,0,0,0,0,0,0,0,0,0,0,0,0,0
-266,0,0,0,0,0,0,0,0,2.502486,2.517687,-0.043862,-0.043862,-0.051763,-0.051763,-3.855997,-3.855997,-3.857465,-3.857465,-0.509588,-0.501663,2.401789,2.413894,0.184284,0.18407,0,0,0,0,0,0,0,0,0,0,0,0,0,0,0,0,0,0,0,0,0,0,0,0,0,0,0,0,0,0,0,0
-263,0,0,0,0,0,0,0,0,2.529051,2.54287,0.123434,0.123434,0.117948,0.117948,-3.799699,-3.799699,-3.801955,-3.801955,-0.744819,-0.73865,2.284739,2.297206,0.341014,0.342203,0,0,0,0,0,0,0,0,0,0,0,0,0,0,0,0,0,0,0,0,0,0,0,0,0,0,0,0,0,0,0,0
-259,0,0,0,0,0,0,0,0,2.504604,2.515552,0.304524,0.304524,0.299186,0.299186,-3.68512,-3.68512,-3.686396,-3.686396,-1.048778,-1.043941,2.134262,2.146828,0.605736,0.607941,0,0,0,0,0,0,0,0,0,0,0,0,0,0,0,0,0,0,0,0,0,0,0,0,0,0,0,0,0,0,0,0
-255,0,0,0,0,0,0,0,0,2.448012,2.455687,0.481247,0.481247,0.476511,0.476511,-3.521358,-3.521358,-3.52148,-3.52148,-1.368743,-1.364981,1.959878,1.971491,0.89676,0.899814,0,0,0,0,0,0,0,0,0,0,0,0,0,0,0,0,0,0,0,0,0,0,0,0,0,0,0,0,0,0,0,0
-251,0,0,0,0,0,0,0,0,2.35505,2.359715,0.656315,0.656315,0.652622,0.652622,-3.313758,-3.313758,-3.31278,-3.31278,-1.6967,-1.694357,1.76869,1.778632,1.198254,1.202397,0,0,0,0,0,0,0,0,0,0,0,0,0,0,0,0,0,0,0,0,0,0,0,0,0,0,0,0,0,0,0,0
-248,0,0,0,0,0,0,0,0,2.281863,2.284248,0.816365,0.816365,0.813928,0.813928,-3.121426,-3.121426,-3.119761,-3.119761,-1.962521,-1.961235,1.592477,1.600796,1.404759,1.409492,0,0,0,0,0,0,0,0,0,0,0,0,0,0,0,0,0,0,0,0,0,0,0,0,0,0,0,0,0,0,0,0
-244,0,0,0,0,0,0,0,0,2.117967,2.117825,0.995378,0.995378,0.994941,0.994941,-2.851412,-2.851412,-2.848834,-2.848834,-2.285607,-2.285507,1.387633,1.393778,1.687459,1.69283,0,0,0,0,0,0,0,0,0,0,0,0,0,0,0,0,0,0,0,0,0,0,0,0,0,0,0,0,0,0,0,0
-240,0,0,0,0,0,0,0,0,1.91147,1.909416,1.181401,1.181401,1.183927,1.183927,-2.556545,-2.556545,-2.553498,-2.553498,-2.59645,-2.59756,1.185745,1.189775,1.939562,1.945309,0,0,0,0,0,0,0,0,0,0,0,0,0,0,0,0,0,0,0,0,0,0,0,0,0,0,0,0,0,0,0,0
-236,0,0,0,0,0,0,0,0,1.663259,1.65998,1.376429,1.376429,1.382548,1.382548,-2.243243,-2.243243,-2.240002,-2.240002,-2.886998,-2.889076,0.993135,0.995091,2.149149,2.154974,0,0,0,0,0,0,0,0,0,0,0,0,0,0,0,0,0,0,0,0,0,0,0,0,0,0,0,0,0,0,0,0
-233,0,0,0,0,0,0,0,0,1.473903,1.470164,1.550529,1.550529,1.56034,1.56034,-1.98194,-1.98194,-1.978822,-1.978822,-3.09976,-3.102793,0.825884,0.826499,2.256175,2.261822,0,0,0,0,0,0,0,0,0,0,0,0,0,0,0,0,0,0,0,0,0,0,0,0,0,0,0,0,0,0,0,0
-229,0,0,0,0,0,0,0,0,1.181326,1.177895,1.745648,1.745648,1.759416,1.759416,-1.65318,-1.65318,-1.650349,-1.650349,-3.337577,-3.34134,0.643878,0.643291,2.389934,2.395166,0,0,0,0,0,0,0,0,0,0,0,0,0,0,0,0,0,0,0,0,0,0,0,0,0,0,0,0,0,0,0,0
-225,0,0,0,0,0,0,0,0,0.884053,0.881023,1.930983,1.930983,1.948889,1.948889,-1.326719,-1.326719,-1.324244,-1.324244,-3.537573,-3.541914,0.463897,0.462353,2.483686,2.488324,0,0,0,0,0,0,0,0,0,0,0,0,0,0,0,0,0,0,0,0,0,0,0,0,0,0,0,0,0,0,0,0
-221,0,0,0,0,0,0,0,0,0.597445,0.595171,2.100718,2.100718,2.122183,2.122183,-1.009855,-1.009855,-1.007675,-1.007675,-3.694599,-3.699445,0.283663,0.281331,2.541214,2.545126,0,0,0,0,0,0,0,0,0,0,0,0,0,0,0,0,0,0,0,0,0,0,0,0,0,0,0,0,0,0,0,0
-218,0,0,0,0,0,0,0,0,0.413336,0.412237,2.237832,2.237832,2.261209,2.261209,-0.760444,-0.760444,-0.758206,-0.758206,-3.786191,-3.791299,0.117925,0.115064,2.536748,2.539774,0,0,0,0,0,0,0,0,0,0,0,0,0,0,0,0,0,0,0,0,0,0,0,0,0,0,0,0,0,0,0,0
-214,0,0,0,0,0,0,0,0,0.180634,0.180057,2.363341,2.363341,2.388396,2.388396,-0.477516,-0.477516,-0.475131,-0.475131,-3.853985,-3.859041,-0.069626,-0.0728,2.538524,2.540758,0,0,0,0,0,0,0,0,0,0,0,0,0,0,0,0,0,0,0,0,0,0,0,0,0,0,0,0,0,0,0,0
-210,0,0,0,0,0,0,0,0,0,0,2.455573,2.455573,2.480508,2.480508,-0.224793,-0.224793,-0.221927,-0.221927,-3.865505,-3.870385,-0.264273,-0.267116,2.515209,2.516834,0,0,0,0,0,0,0,0,0,0,0,0,0,0,0,0,0,0,0,0,0,0,0,0,0,0,0,0,0,0,0,0
-206,0,0,0,0,0,0,0,0,0,0,2.482714,2.482714,2.505656,2.505656,-0.034759,-0.034759,-0.030724,-0.030724,-3.853173,-3.856942,-0.518838,-0.521968,2.423279,2.423748,0.181806,0.181806,0.181082,0.181082,0,0,0,0,0,0,0,0,0,0,0,0,0,0,0,0,0,0,0,0,0,0,0,0,0,0,0,0
-203,0,0,0,0,0,0,0,0,0,0,2.515535,2.515535,2.535805,2.535805,0.130009,0.130009,0.135211,0.135211,-3.800981,-3.804745,-0.751698,-0.753597,2.304795,2.305113,0.338961,0.338961,0.337001,0.337001,0,0,0,0,0,0,0,0,0,0,0,0,0,0,0,0,0,0,0,0,0,0,0,0,0,0,0,0
-199,0,0,0,0,0,0,0,0,0,0,2.50066,2.50066,2.516415,2.516415,0.305445,0.305445,0.312337,0.312337,-3.690944,-3.694051,-1.049661,-1.050751,2.151357,2.151086,0.602346,0.602346,0.599091,0.599091,0,0,0,0,0,0,0,0,0,0,0,0,0,0,0,0,0,0,0,0,0,0,0,0,0,0,0,0
-195,0,0,0,0,0,0,0,0,0,0,2.454836,2.454836,2.465513,2.465513,0.476864,0.476864,0.485577,0.485577,-3.532915,-3.535371,-1.363077,-1.363339,1.973399,1.972457,0.891589,0.891589,0.887251,0.887251,0,0,0,0,0,0,0,0,0,0,0,0,0,0,0,0,0,0,0,0,0,0,0,0,0,0,0,0
-191,0,0,0,0,0,0,0,0,0,0,2.372881,2.372881,2.377487,2.377487,0.647801,0.647801,0.65838,0.65838,-3.330818,-3.333473,-1.685028,-1.683763,1.777938,1.776991,1.191509,1.191509,1.186616,1.186616,0,0,0,0,0,0,0,0,0,0,0,0,0,0,0,0,0,0,0,0,0,0,0,0,0,0,0,0
-188,0,0,0,0,0,0,0,0,0,0,2.306834,2.306834,2.308213,2.308213,0.805069,0.805069,0.816634,0.816634,-3.142433,-3.144418,-1.946309,-1.944696,1.598549,1.597114,1.39679,1.39679,1.39097,1.39097,0,0,0,0,0,0,0,0,0,0,0,0,0,0,0,0,0,0,0,0,0,0,0,0,0,0,0,0
-184,0,0,0,0,0,0,0,0,0,0,2.151213,2.151213,2.148127,2.148127,0.982477,0.982477,0.994686,0.994686,-2.876984,-2.879241,-2.264933,-2.262016,1.389852,1.388313,1.678034,1.678034,1.672304,1.672304,0,0,0,0,0,0,0,0,0,0,0,0,0,0,0,0,0,0,0,0,0,0,0,0,0,0,0,0
-180,0,0,0,0,0,0,0,0,0,0,1.949707,1.949707,1.943356,1.943356,1.168762,1.168762,1.181306,1.181306,-2.584553,-2.587334,-2.572682,-2.568387,1.184866,1.183549,1.928953,1.928953,1.924023,1.924023,0,0,0,0,0,0,0,0,0,0,0,0,0,0,0,0,0,0,0,0,0,0,0,0,0,0,0,0
-176,0,0,0,0,0,0,0,0,0,0,1.702033,1.702033,1.694646,1.694646,1.36547,1.36547,1.37795,1.37795,-2.270567,-2.275506,-2.862775,-2.857486,0.989843,0.990054,2.136668,2.136668,2.134576,2.134576,0,0,0,0,0,0,0,0,0,0,0,0,0,0,0,0,0,0,0,0,0,0,0,0,0,0,0,0
-173,0,0,0,0,0,0,0,0,0,0,1.511299,1.511299,1.502905,1.502905,1.543178,1.543178,1.554402,1.554402,-2.009239,-2.01432,-3.075767,-3.069088,0.821285,0.820925,2.243893,2.243893,2.242498,2.242498,0,0,0,0,0,0,0,0,0,0,0,0,0,0,0,0,0,0,0,0,0,0,0,0,0,0,0,0
-169,0,0,0,0,0,0,0,0,0,0,1.214191,1.214191,1.206227,1.206227,1.742875,1.742875,1.752526,1.752526,-1.677737,-1.684727,-3.315502,-3.307701,0.638369,0.638759,2.377075,2.377075,2.378431,2.378431,0,0,0,0,0,0,0,0,0,0,0,0,0,0,0,0,0,0,0,0,0,0,0,0,0,0,0,0
-165,0,0,0,0,0,0,0,0,0,0,0.910535,0.910535,0.903864,0.903864,1.933613,1.933613,1.941399,1.941399,-1.347383,-1.356234,-3.518693,-3.509949,0.458209,0.459428,2.470902,2.470902,2.475188,2.475188,0,0,0,0,0,0,0,0,0,0,0,0,0,0,0,0,0,0,0,0,0,0,0,0,0,0,0,0
-161,0,0,0,0,0,0,0,0,0,0,0.616425,0.616425,0.61099,0.61099,2.108236,2.108236,2.114366,2.114366,-1.026845,-1.036379,-3.677935,-3.669374,0.278483,0.280322,2.5272,2.5272,2.534307,2.534307,0,0,0,0,0,0,0,0,0,0,0,0,0,0,0,0,0,0,0,0,0,0,0,0,0,0,0,0
-158,0,0,0,0,0,0,0,0,0,0,0.426836,0.426836,0.422914,0.422914,2.249139,2.249139,2.251982,2.251982,-0.772267,-0.784442,-3.773966,-3.764157,0.11228,0.114918,2.524406,2.524406,2.533758,2.533758,0,0,0,0,0,0,0,0,0,0,0,0,0,0,0,0,0,0,0,0,0,0,0,0,0,0,0,0
-154,0,0,0,0,0,0,0,0,0,0,0.186824,0.186824,0.18529,0.18529,2.376901,2.376901,2.379687,2.379687,-0.484835,-0.497731,-3.844792,-3.835937,-0.074408,-0.071597,2.526913,2.526913,2.537618,2.537618,0,0,0,0,0,0,0,0,0,0,0,0,0,0,0,0,0,0,0,0,0,0,0,0,0,0,0,0
-150,0,0,0,0,0,0,0,0,0,0,0,0,0,0,2.469465,2.469465,2.471275,2.471275,-0.227192,-0.240311,-3.858027,-3.850057,-0.268534,-0.265254,2.504365,2.504365,2.515974,2.515974,0,0,0,0,0,0,0,0,0,0,0,0,0,0,0,0,0,0,0,0,0,0,0,0,0,0,0,0
-146,0,0,0,0,0,0,0,0,0,0,0,0,0,0,2.493909,2.493909,2.495562,2.495562,-0.034281,-0.046378,-3.847071,-3.840327,-0.523057,-0.519651,2.413324,2.413324,2.424691,2.424691,0.181734,0.181954,0,0,0,0,0,0,0,0,0,0,0,0,0,0,0,0,0,0,0,0,0,0,0,0,0,0
-143,0,0,0,0,0,0,0,0,0,0,0,0,0,0,2.523305,2.523305,2.525245,2.525245,0.132753,0.122079,-3.796227,-3.790667,-0.755455,-0.752162,2.296638,2.296638,2.307558,2.307558,0.338593,0.338668,0,0,0,0,0,0,0,0,0,0,0,0,0,0,0,0,0,0,0,0,0,0,0,0,0,0
-139,0,0,0,0,0,0,0,0,0,0,0,0,0,0,2.502835,2.502835,2.505893,2.505893,0.310445,0.302171,-3.686114,-3.682117,-1.053463,-1.049969,2.14516,2.14516,2.154123,2.154123,0.600997,0.601683,0,0,0,0,0,0,0,0,0,0,0,0,0,0,0,0,0,0,0,0,0,0,0,0,0,0
-135,0,0,0,0,0,0,0,0,0,0,0,0,0,0,2.450398,2.450398,2.454694,2.454694,0.483663,0.478773,-3.527309,-3.524924,-1.366867,-1.363551,1.968715,1.968715,1.975809,1.975809,0.889686,0.890314,0,0,0,0,0,0,0,0,0,0,0,0,0,0,0,0,0,0,0,0,0,0,0,0,0,0
-131,0,0,0,0,0,0,0,0,0,0,0,0,0,0,2.361726,2.361726,2.367398,2.367398,0.655857,0.654282,-3.324334,-3.323639,-1.688205,-1.685105,1.775356,1.775356,1.780342,1.780342,1.189107,1.189543,0,0,0,0,0,0,0,0,0,0,0,0,0,0,0,0,0,0,0,0,0,0,0,0,0,0
-128,0,0,0,0,0,0,0,0,0,0,0,0,0,0,2.291633,2.291633,2.298294,2.298294,0.814193,0.81536,-3.135714,-3.136086,-1.95026,-1.947105,1.597605,1.597605,1.601782,1.601782,1.394478,1.39435,0,0,0,0,0,0,0,0,0,0,0,0,0,0,0,0,0,0,0,0,0,0,0,0,0,0
-124,0,0,0,0,0,0,0,0,0,0,0,0,0,0,2.130845,2.130845,2.138626,2.138626,0.992013,0.996445,-2.869694,-2.870982,-2.268233,-2.265142,1.390963,1.390963,1.39324,1.39324,1.67549,1.674724,0,0,0,0,0,0,0,0,0,0,0,0,0,0,0,0,0,0,0,0,0,0,0,0,0,0
-120,0,0,0,0,0,0,0,0,0,0,0,0,0,0,1.926359,1.926359,1.934697,1.934697,1.178603,1.185803,-2.577824,-2.579932,-2.575967,-2.572847,1.18814,1.18814,1.189732,1.189732,1.926784,1.924724,0,0,0,0,0,0,0,0,0,0,0,0,0,0,0,0,0,0,0,0,0,0,0,0,0,0
-116,0,0,0,0,0,0,0,0,0,0,0,0,0,0,1.678305,1.678305,1.686398,1.686398,1.375661,1.385013,-2.266373,-2.269045,-2.865645,-2.862429,0.995115,0.995115,0.997031,0.997031,2.135898,2.132088,0,0,0,0,0,0,0,0,0,0,0,0,0,0,0,0,0,0,0,0,0,0,0,0,0,0
-113,0,0,0,0,0,0,0,0,0,0,0,0,0,0,1.488152,1.488152,1.495954,1.495954,1.552488,1.5629,-2.006461,-2.008919,-3.07955,-3.076151,0.828048,0.828048,0.830613,0.830613,2.243304,2.23775,0,0,0,0,0,0,0,0,0,0,0,0,0,0,0,0,0,0,0,0,0,0,0,0,0,0
-109,0,0,0,0,0,0,0,0,0,0,0,0,0,0,1.193831,1.193831,1.200558,1.200558,1.751795,1.763092,-1.677924,-1.680312,-3.319505,-3.316057,0.64697,0.64697,0.650909,0.650909,2.37778,2.369788,0,0,0,0,0,0,0,0,0,0,0,0,0,0,0,0,0,0,0,0,0,0,0,0,0,0
-105,0,0,0,0,0,0,0,0,0,0,0,0,0,0,0.894034,0.894034,0.899359,0.899359,1.941961,1.95368,-1.350929,-1.35312,-3.523245,-3.519512,0.468189,0.468189,0.473724,0.473724,2.472661,2.462232,0,0,0,0,0,0,0,0,0,0,0,0,0,0,0,0,0,0,0,0,0,0,0,0,0,0
-101,0,0,0,0,0,0,0,0,0,0,0,0,0,0,0.604421,0.604421,0.608234,0.608234,2.116044,2.127689,-1.032467,-1.034335,-3.684198,-3.68062,0.289247,0.289247,0.29654,0.29654,2.531446,2.518685,0,0,0,0,0,0,0,0,0,0,0,0,0,0,0,0,0,0,0,0,0,0,0,0,0,0
-98,0,0,0,0,0,0,0,0,0,0,0,0,0,0,0.418311,0.418311,0.420983,0.420983,2.255743,2.267201,-0.781083,-0.782741,-3.778955,-3.775292,0.124326,0.124326,0.13271,0.13271,2.527955,2.513742,0,0,0,0,0,0,0,0,0,0,0,0,0,0,0,0,0,0,0,0,0,0,0,0,0,0
-94,0,0,0,0,0,0,0,0,0,0,0,0,0,0,0.183034,0.183034,0.184221,0.184221,2.384165,2.395161,-0.495611,-0.496977,-3.851283,-3.847455,-0.062024,-0.062024,-0.05232,-0.05232,2.531101,2.515427,0,0,0,0,0,0,0,0,0,0,0,0,0,0,0,0,0,0,0,0,0,0,0,0,0,0
-90,0,0,0,0,0,0,0,0,0,0,0,0,0,0,0,0,0,0,2.476877,2.487392,-0.239144,-0.240281,-3.865889,-3.86181,-0.255883,-0.255883,-0.245508,-0.245508,2.509044,2.492686,0,0,0,0,0,0,0,0,0,0,0,0,0,0,0,0,0,0,0,0,0,0,0,0,0,0
-86,0,0,0,0,0,0,0,0,0,0,0,0,0,0,0,0,0,0,2.501658,2.511716,-0.045536,-0.04661,-3.855386,-3.851001,-0.510259,-0.510259,-0.499959,-0.499959,2.417839,2.401722,0.180821,0.181219,0,0,0,0,0,0,0,0,0,0,0,0,0,0,0,0,0,0,0,0,0,0,0,0
-83,0,0,0,0,0,0,0,0,0,0,0,0,0,0,0,0,0,0,2.531663,2.54141,0.122336,0.121343,-3.805335,-3.800618,-0.742845,-0.742845,-0.733104,-0.733104,2.300898,2.285611,0.336605,0.337448,0,0,0,0,0,0,0,0,0,0,0,0,0,0,0,0,0,0,0,0,0,0,0,0
-79,0,0,0,0,0,0,0,0,0,0,0,0,0,0,0,0,0,0,2.511319,2.520718,0.301915,0.300959,-3.695798,-3.690682,-1.041238,-1.041238,-1.032471,-1.032471,2.148292,2.134751,0.598185,0.599482,0,0,0,0,0,0,0,0,0,0,0,0,0,0,0,0,0,0,0,0,0,0,0,0
-75,0,0,0,0,0,0,0,0,0,0,0,0,0,0,0,0,0,0,2.459525,2.468572,0.477538,0.47685,-3.537757,-3.532135,-1.355689,-1.355689,-1.348181,-1.348181,1.971101,1.960074,0.886283,0.887704,0,0,0,0,0,0,0,0,0,0,0,0,0,0,0,0,0,0,0,0,0,0,0,0
-71,0,0,0,0,0,0,0,0,0,0,0,0,0,0,0,0,0,0,2.371032,2.379681,0.651775,0.651234,-3.335316,-3.329519,-1.678609,-1.678609,-1.67256,-1.67256,1.776399,1.768296,1.185304,1.186518,0,0,0,0,0,0,0,0,0,0,0,0,0,0,0,0,0,0,0,0,0,0,0,0
-68,0,0,0,0,0,0,0,0,0,0,0,0,0,0,0,0,0,0,2.300672,2.309007,0.81197,0.810799,-3.146099,-3.139423,-1.940785,-1.940785,-1.935653,-1.935653,1.597689,1.591198,1.390062,1.390559,0,0,0,0,0,0,0,0,0,0,0,0,0,0,0,0,0,0,0,0,0,0,0,0
-64,0,0,0,0,0,0,0,0,0,0,0,0,0,0,0,0,0,0,2.140025,2.147735,0.991047,0.991217,-2.878923,-2.873428,-2.261802,-2.261802,-2.257933,-2.257933,1.389216,1.387178,1.672032,1.671551,0,0,0,0,0,0,0,0,0,0,0,0,0,0,0,0,0,0,0,0,0,0,0,0
-60,0,0,0,0,0,0,0,0,0,0,0,0,0,0,0,0,0,0,1.934722,1.941749,1.178162,1.178879,-2.584681,-2.579852,-2.571696,-2.571696,-2.56868,-2.56868,1.184527,1.186306,1.924563,1.921974,0,0,0,0,0,0,0,0,0,0,0,0,0,0,0,0,0,0,0,0,0,0,0,0
-56,0,0,0,0,0,0,0,0,0,0,0,0,0,0,0,0,0,0,1.685786,1.692085,1.374938,1.376442,-2.269955,-2.266237,-2.864046,-2.864046,-2.861423,-2.861423,0.989694,0.995111,2.135986,2.130424,0,0,0,0,0,0,0,0,0,0,0,0,0,0,0,0,0,0,0,0,0,0,0,0
-53,0,0,0,0,0,0,0,0,0,0,0,0,0,0,0,0,0,0,1.495051,1.500482,1.551213,1.553359,-2.00671,-2.00421,-3.080013,-3.080013,-3.077179,-3.077179,0.821313,0.829742,2.245399,2.237305,0,0,0,0,0,0,0,0,0,0,0,0,0,0,0,0,0,0,0,0,0,0,0,0
-49,0,0,0,0,0,0,0,0,0,0,0,0,0,0,0,0,0,0,1.199264,1.203632,1.748649,1.751737,-1.673635,-1.673089,-3.322677,-3.322677,-3.319433,-3.319433,0.6381,0.65005,2.382619,2.370677,0,0,0,0,0,0,0,0,0,0,0,0,0,0,0,0,0,0,0,0,0,0,0,0
-45,0,0,0,0,0,0,0,0,0,0,0,0,0,0,0,0,0,0,0.898138,0.901359,1.936579,1.940761,-1.341873,-1.343394,-3.528529,-3.528529,-3.524585,-3.524585,0.457384,0.472504,2.480379,2.464595,0,0,0,0,0,0,0,0,0,0,0,0,0,0,0,0,0,0,0,0,0,0,0,0
-41,0,0,0,0,0,0,0,0,0,0,0,0,0,0,0,0,0,0,0.60721,0.609438,2.108266,2.113532,-1.019123,-1.023048,-3.691379,-3.691379,-3.686559,-3.686559,0.276536,0.294143,2.54179,2.522381,0,0,0,0,0,0,0,0,0,0,0,0,0,0,0,0,0,0,0,0,0,0,0,0
-38,0,0,0,0,0,0,0,0,0,0,0,0,0,0,0,0,0,0,0.420249,0.421794,2.246159,2.252293,-0.764874,-0.770594,-3.786682,-3.786682,-3.781183,-3.781183,0.110388,0.129435,2.539797,2.518238,0,0,0,0,0,0,0,0,0,0,0,0,0,0,0,0,0,0,0,0,0,0,0,0
-34,0,0,0,0,0,0,0,0,0,0,0,0,0,0,0,0,0,0,0.183855,0.184508,2.372077,2.379325,-0.476488,-0.484503,-3.858599,-3.858599,-3.852198,-3.852198,-0.077616,-0.057327,2.544007,2.520225,0,0,0,0,0,0,0,0,0,0,0,0,0,0,0,0,0,0,0,0,0,0,0,0
-30,0,0,0,0,0,0,0,0,0,0,0,0,0,0,0,0,0,0,0,0,2.462525,2.470952,-0.218664,-0.228721,-3.87144,-3.87144,-3.863955,-3.863955,-0.272856,-0.252128,2.521905,2.497257,0,0,0,0,0,0,0,0,0,0,0,0,0,0,0,0,0,0,0,0,0,0,0,0
-26,0,0,0,0,0,0,0,0,0,0,0,0,0,0,0,0,0,0,0,0,2.485626,2.494994,-0.025081,-0.037342,-3.858176,-3.858176,-3.849566,-3.849566,-0.528928,-0.508944,2.428325,2.404276,0.184789,0.184789,0.184342,0.184342,0,0,0,0,0,0,0,0,0,0,0,0,0,0,0,0,0,0,0,0
-23,0,0,0,0,0,0,0,0,0,0,0,0,0,0,0,0,0,0,0,0,2.514549,2.524752,0.141466,0.128359,-3.804713,-3.804713,-3.796003,-3.796003,-0.762961,-0.743914,2.308542,2.286243,0.344311,0.344311,0.343586,0.343586,0,0,0,0,0,0,0,0,0,0,0,0,0,0,0,0,0,0,0,0
-19,0,0,0,0,0,0,0,0,0,0,0,0,0,0,0,0,0,0,0,0,2.493607,2.504672,0.318776,0.304574,-3.691418,-3.691418,-3.6822,-3.6822,-1.062954,-1.045823,2.151992,2.132678,0.611249,0.611249,0.609897,0.609897,0,0,0,0,0,0,0,0,0,0,0,0,0,0,0,0,0,0,0,0
-15,0,0,0,0,0,0,0,0,0,0,0,0,0,0,0,0,0,0,0,0,2.44109,2.45279,0.491808,0.476919,-3.529048,-3.529048,-3.519388,-3.519388,-1.37809,-1.363367,1.970728,1.955105,0.903892,0.903892,0.901667,0.901667,0,0,0,0,0,0,0,0,0,0,0,0,0,0,0,0,0,0,0,0
-11,0,0,0,0,0,0,0,0,0,0,0,0,0,0,0,0,0,0,0,0,2.353829,2.36339,0.664287,0.648142,-3.324585,-3.324585,-3.31317,-3.31317,-1.700037,-1.689091,1.771338,1.761619,1.207512,1.207512,1.20249,1.20249,0,0,0,0,0,0,0,0,0,0,0,0,0,0,0,0,0,0,0,0
-8,0,0,0,0,0,0,0,0,0,0,0,0,0,0,0,0,0,0,0,0,2.282296,2.294498,0.821772,0.807206,-3.132792,-3.132792,-3.123661,-3.123661,-1.96327,-1.953545,1.591988,1.583822,1.412973,1.412973,1.40862,1.40862,0,0,0,0,0,0,0,0,0,0,0,0,0,0,0,0,0,0,0,0
-4,0,0,0,0,0,0,0,0,0,0,0,0,0,0,0,0,0,0,0,0,2.122182,2.134111,1.000229,0.986771,-2.866043,-2.866043,-2.857495,-2.857495,-2.282406,-2.275348,1.383176,1.379149,1.69459,1.69459,1.688492,1.688492,0,0,0,0,0,0,0,0,0,0,0,0,0,0,0,0,0,0,0,0
0,0,0,0,0,0,0,0,0,0,0,0,0,0,0,0,0,0,0,0,0,1.918171,1.929431,1.188119,1.176625,-2.575397,-2.575397,-2.567695,-2.567695,-2.590237,-2.585539,1.180398,1.179954,1.943686,1.943686,1.935522,1.935522,0,0,0,0,0,0,0,0,0,0,0,0,0,0,0,0,0,0,0,0
4,0,0,0,0,0,0,0,0,0,0,0,0,0,0,0,0,0,0,0,0,1.67078,1.680936,1.387757,1.379093,-2.267137,-2.267137,-2.260497,-2.260497,-2.879025,-2.876046,0.990165,0.992658,2.147919,2.147919,2.137376,2.137376,0,0,0,0,0,0,0,0,0,0,0,0,0,0,0,0,0,0,0,0
8,0,0,0,0,0,0,0,0,0,0,0,0,0,0,0,0,0,0,0,0,1.391915,1.40058,1.592454,1.587157,-1.949103,-1.949103,-1.943787,-1.943787,-3.142478,-3.140838,0.810451,0.815092,2.307238,2.307238,2.294118,2.294118,0,0,0,0,0,0,0,0,0,0,0,0,0,0,0,0,0,0,0,0
11,0,0,0,0,0,0,0,0,0,0,0,0,0,0,0,0,0,0,0,0,1.188399,1.195596,1.77008,1.767466,-1.68804,-1.68804,-1.683684,-1.683684,-3.329771,-3.328951,0.651043,0.65714,2.375971,2.375971,2.360982,2.360982,0,0,0,0,0,0,0,0,0,0,0,0,0,0,0,0,0,0,0,0
15,0,0,0,0,0,0,0,0,0,0,0,0,0,0,0,0,0,0,0,0,0.889842,0.895377,1.963873,1.964955,-1.366997,-1.366997,-1.363947,-1.363947,-3.530847,-3.530781,0.47872,0.485897,2.461829,2.461829,2.444393,2.444393,0,0,0,0,0,0,0,0,0,0,0,0,0,0,0,0,0,0,0,0
19,0,0,0,0,0,0,0,0,0,0,0,0,0,0,0,0,0,0,0,0,0.60156,0.605391,2.141139,2.145527,-1.054302,-1.054302,-1.052433,-1.052433,-3.688422,-3.688783,0.305778,0.313851,2.512007,2.512007,2.492548,2.492548,0,0,0,0,0,0,0,0,0,0,0,0,0,0,0,0,0,0,0,0
23,0,0,0,0,0,0,0,0,0,0,0,0,0,0,0,0,0,0,0,0,0.337059,0.340028,2.296064,2.302309,-0.759376,-0.759376,-0.755312,-0.755312,-3.794575,-3.799656,0.12507,0.136805,2.53237,2.53237,2.510737,2.510737,0,0,0,0,0,0,0,0,0,0,0,0,0,0,0,0,0,0,0,0
26,0,0,0,0,0,0,0,0,0,0,0,0,0,0,0,0,0,0,0,0,0.182475,0.183612,2.41167,2.420069,-0.525242,-0.525242,-0.524694,-0.524694,-3.847915,-3.849197,-0.038673,-0.029373,2.500431,2.500431,2.478961,2.478961,0,0,0,0,0,0,0,0,0,0,0,0,0,0,0,0,0,0,0,0
30,0,0,0,0,0,0,0,0,0,0,0,0,0,0,0,0,0,0,0,0,0,0,2.502388,2.511426,-0.270797,-0.270797,-0.270372,-0.270372,-3.856727,-3.858651,-0.232131,-0.222444,2.47524,2.47524,2.453734,2.453734,0,0,0,0,0,0,0,0,0,0,0,0,0,0,0,0,0,0,0,0
34,0,0,0,0,0,0,0,0,0,0,0,0,0,0,0,0,0,0,0,0,0,0,2.523575,2.531755,-0.076197,-0.076197,-0.075727,-0.075727,-3.840883,-3.843821,-0.49097,-0.480696,2.38349,2.38349,2.363213,2.363213,0.186496,0.185143,0,0,0,0,0,0,0,0,0,0,0,0,0,0,0,0,0,0
38,0,0,0,0,0,0,0,0,0,0,0,0,0,0,0,0,0,0,0,0,0,0,2.519959,2.525911,0.111796,0.111796,0.111902,0.111902,-3.768641,-3.772584,-0.781392,-0.770281,2.257226,2.257226,2.239172,2.239172,0.427121,0.423462,0,0,0,0,0,0,0,0,0,0,0,0,0,0,0,0,0,0
41,0,0,0,0,0,0,0,0,0,0,0,0,0,0,0,0,0,0,0,0,0,0,2.522497,2.525841,0.277497,0.277497,0.278763,0.278763,-3.672254,-3.67777,-1.036695,-1.025179,2.119375,2.119375,2.102898,2.102898,0.617186,0.611643,0,0,0,0,0,0,0,0,0,0,0,0,0,0,0,0,0,0
45,0,0,0,0,0,0,0,0,0,0,0,0,0,0,0,0,0,0,0,0,0,0,2.462311,2.462361,0.457267,0.457267,0.461155,0.461155,-3.507298,-3.516857,-1.362402,-1.349713,1.947068,1.947068,1.93381,1.93381,0.911395,0.905144,0,0,0,0,0,0,0,0,0,0,0,0,0,0,0,0,0,0
49,0,0,0,0,0,0,0,0,0,0,0,0,0,0,0,0,0,0,0,0,0,0,2.365807,2.362441,0.638108,0.638108,0.641715,0.641715,-3.301707,-3.311702,-1.694586,-1.682975,1.758205,1.758205,1.747885,1.747885,1.216427,1.206891,0,0,0,0,0,0,0,0,0,0,0,0,0,0,0,0,0,0
53,0,0,0,0,0,0,0,0,0,0,0,0,0,0,0,0,0,0,0,0,0,0,2.230888,2.224257,0.820399,0.820399,0.825277,0.825277,-3.058994,-3.071088,-2.028955,-2.017512,1.559936,1.559936,1.552739,1.552739,1.515759,1.504169,0,0,0,0,0,0,0,0,0,0,0,0,0,0,0,0,0,0
56,0,0,0,0,0,0,0,0,0,0,0,0,0,0,0,0,0,0,0,0,0,0,2.123405,2.11472,0.987917,0.987917,0.993633,0.993633,-2.841929,-2.855891,-2.292494,-2.281126,1.382325,1.382325,1.377201,1.377201,1.708131,1.695324,0,0,0,0,0,0,0,0,0,0,0,0,0,0,0,0,0,0
60,0,0,0,0,0,0,0,0,0,0,0,0,0,0,0,0,0,0,0,0,0,0,1.914609,1.904088,1.180297,1.180297,1.187338,1.187338,-2.548983,-2.564843,-2.606874,-2.596662,1.183723,1.183723,1.180961,1.180961,1.959206,1.945134,0,0,0,0,0,0,0,0,0,0,0,0,0,0,0,0,0,0
64,0,0,0,0,0,0,0,0,0,0,0,0,0,0,0,0,0,0,0,0,0,0,1.664435,1.653266,1.381085,1.381085,1.389349,1.389349,-2.237311,-2.254787,-2.89898,-2.889883,0.99416,0.99416,0.99316,0.99316,2.165399,2.150599,0,0,0,0,0,0,0,0,0,0,0,0,0,0,0,0,0,0
68,0,0,0,0,0,0,0,0,0,0,0,0,0,0,0,0,0,0,0,0,0,0,1.384545,1.373878,1.584139,1.584139,1.593446,1.593446,-1.914887,-1.933981,-3.162592,-3.155019,0.812493,0.812493,0.812382,0.812382,2.326547,2.311657,0,0,0,0,0,0,0,0,0,0,0,0,0,0,0,0,0,0
71,0,0,0,0,0,0,0,0,0,0,0,0,0,0,0,0,0,0,0,0,0,0,1.180857,1.171388,1.758897,1.758897,1.768908,1.768908,-1.65078,-1.670289,-3.348946,-3.342917,0.650428,0.650428,0.651075,0.651075,2.396654,2.381859,0,0,0,0,0,0,0,0,0,0,0,0,0,0,0,0,0,0
75,0,0,0,0,0,0,0,0,0,0,0,0,0,0,0,0,0,0,0,0,0,0,0.883362,0.875523,1.948192,1.948192,1.95902,1.95902,-1.325777,-1.34639,-3.547027,-3.542086,0.473454,0.473454,0.474326,0.474326,2.484143,2.470159,0,0,0,0,0,0,0,0,0,0,0,0,0,0,0,0,0,0
79,0,0,0,0,0,0,0,0,0,0,0,0,0,0,0,0,0,0,0,0,0,0,0.596777,0.591031,2.12005,2.12005,2.131508,2.131508,-1.010212,-1.031481,-3.701256,-3.697715,0.295854,0.295854,0.29656,0.29656,2.53568,2.522488,0,0,0,0,0,0,0,0,0,0,0,0,0,0,0,0,0,0
83,0,0,0,0,0,0,0,0,0,0,0,0,0,0,0,0,0,0,0,0,0,0,0.335933,0.33255,2.268678,2.268678,2.279823,2.279823,-0.711146,-0.732276,-3.806495,-3.804353,0.114212,0.114212,0.115025,0.115025,2.55513,2.5428,0,0,0,0,0,0,0,0,0,0,0,0,0,0,0,0,0,0
86,0,0,0,0,0,0,0,0,0,0,0,0,0,0,0,0,0,0,0,0,0,0,0.180738,0.178978,2.383565,2.383565,2.394364,2.394364,-0.478704,-0.500072,-3.854338,-3.853043,-0.054854,-0.054854,-0.054078,-0.054078,2.525021,2.513402,0,0,0,0,0,0,0,0,0,0,0,0,0,0,0,0,0,0
90,0,0,0,0,0,0,0,0,0,0,0,0,0,0,0,0,0,0,0,0,0,0,0,0,2.473454,2.473454,2.483069,2.483069,-0.225006,-0.245754,-3.861493,-3.861142,-0.249137,-0.249137,-0.248648,-0.248648,2.499335,2.488376,0,0,0,0,0,0,0,0,0,0,0,0,0,0,0,0,0,0
94,0,0,0,0,0,0,0,0,0,0,0,0,0,0,0,0,0,0,0,0,0,0,0,0,2.496898,2.496898,2.50464,2.50464,-0.032792,-0.052902,-3.844851,-3.84512,-0.505768,-0.505768,-0.505155,-0.505155,2.406042,2.395856,0.184379,0.183171,0,0,0,0,0,0,0,0,0,0,0,0,0,0,0,0
98,0,0,0,0,0,0,0,0,0,0,0,0,0,0,0,0,0,0,0,0,0,0,0,0,2.497783,2.497783,2.503083,2.503083,0.15088,0.131396,-3.772867,-3.773218,-0.791494,-0.791494,-0.790924,-0.790924,2.27751,2.267493,0.421213,0.419163,0,0,0,0,0,0,0,0,0,0,0,0,0,0,0,0
101,0,0,0,0,0,0,0,0,0,0,0,0,0,0,0,0,0,0,0,0,0,0,0,0,2.504668,2.504668,2.507956,2.507956,0.313169,0.29421,-3.677729,-3.678363,-1.042307,-1.042307,-1.04167,-1.04167,2.137242,2.1274,0.60838,0.605444,0,0,0,0,0,0,0,0,0,0,0,0,0,0,0,0
105,0,0,0,0,0,0,0,0,0,0,0,0,0,0,0,0,0,0,0,0,0,0,0,0,2.452132,2.452132,2.452706,2.452706,0.488376,0.470439,-3.517107,-3.517829,-1.360113,-1.360113,-1.359367,-1.359367,1.962252,1.952486,0.899728,0.895518,0,0,0,0,0,0,0,0,0,0,0,0,0,0,0,0
109,0,0,0,0,0,0,0,0,0,0,0,0,0,0,0,0,0,0,0,0,0,0,0,0,2.363207,2.363207,2.361037,2.361037,0.66246,0.645496,-3.313285,-3.314209,-1.685993,-1.685993,-1.685201,-1.685201,1.770335,1.760562,1.200767,1.195431,0,0,0,0,0,0,0,0,0,0,0,0,0,0,0,0
113,0,0,0,0,0,0,0,0,0,0,0,0,0,0,0,0,0,0,0,0,0,0,0,0,2.235595,2.235595,2.23113,2.23113,0.838952,0.8234,-3.073381,-3.074341,-2.013343,-2.013343,-2.012502,-2.012502,1.569346,1.559395,1.49696,1.490763,0,0,0,0,0,0,0,0,0,0,0,0,0,0,0,0
116,0,0,0,0,0,0,0,0,0,0,0,0,0,0,0,0,0,0,0,0,0,0,0,0,2.132944,2.132944,2.127063,2.127063,1.00266,0.987702,-2.858318,-2.859333,-2.272386,-2.272386,-2.27165,-2.27165,1.389785,1.380015,1.68769,1.681086,0,0,0,0,0,0,0,0,0,0,0,0,0,0,0,0
120,0,0,0,0,0,0,0,0,0,0,0,0,0,0,0,0,0,0,0,0,0,0,0,0,1.928415,1.928415,1.92129,1.92129,1.190635,1.177132,-2.566758,-2.568448,-2.582372,-2.582372,-2.581416,-2.581416,1.189124,1.17921,1.936817,1.930039,0,0,0,0,0,0,0,0,0,0,0,0,0,0,0,0
124,0,0,0,0,0,0,0,0,0,0,0,0,0,0,0,0,0,0,0,0,0,0,0,0,1.680586,1.680586,1.673114,1.673114,1.388609,1.376583,-2.255778,-2.25787,-2.872464,-2.872464,-2.871407,-2.871407,0.998479,0.988603,2.142572,2.136223,0,0,0,0,0,0,0,0,0,0,0,0,0,0,0,0
128,0,0,0,0,0,0,0,0,0,0,0,0,0,0,0,0,0,0,0,0,0,0,0,0,1.400605,1.400605,1.393491,1.393491,1.589987,1.579222,-1.932845,-1.935701,-3.135691,-3.135691,-3.134917,-3.134917,0.81621,0.806399,2.304278,2.298619,0,0,0,0,0,0,0,0,0,0,0,0,0,0,0,0
131,0,0,0,0,0,0,0,0,0,0,0,0,0,0,0,0,0,0,0,0,0,0,0,0,1.196006,1.196006,1.189533,1.189533,1.764276,1.754516,-1.667768,-1.671341,-3.323315,-3.323315,-3.322702,-3.322702,0.654256,0.644599,2.375362,2.370467,0,0,0,0,0,0,0,0,0,0,0,0,0,0,0,0
135,0,0,0,0,0,0,0,0,0,0,0,0,0,0,0,0,0,0,0,0,0,0,0,0,0.896115,0.896115,0.890826,0.890826,1.952281,1.944233,-1.340962,-1.344121,-3.524928,-3.524928,-3.524607,-3.524607,0.478097,0.467215,2.46526,2.462036,0,0,0,0,0,0,0,0,0,0,0,0,0,0,0,0
139,0,0,0,0,0,0,0,0,0,0,0,0,0,0,0,0,0,0,0,0,0,0,0,0,0.606007,0.606007,0.602183,0.602183,2.125939,2.11878,-1.023933,-1.028508,-3.682653,-3.682653,-3.682657,-3.682657,0.300513,0.291655,2.518894,2.51614,0,0,0,0,0,0,0,0,0,0,0,0,0,0,0,0
143,0,0,0,0,0,0,0,0,0,0,0,0,0,0,0,0,0,0,0,0,0,0,0,0,0.341605,0.341605,0.33935,0.33935,2.275577,2.26943,-0.722486,-0.727652,-3.792965,-3.792965,-3.793376,-3.793376,0.119793,0.111368,2.540954,2.538972,0,0,0,0,0,0,0,0,0,0,0,0,0,0,0,0
146,0,0,0,0,0,0,0,0,0,0,0,0,0,0,0,0,0,0,0,0,0,0,0,0,0.183758,0.183758,0.182619,0.182619,2.391517,2.386043,-0.488367,-0.493718,-3.845091,-3.845091,-3.845984,-3.845984,-0.048326,-0.056236,2.513045,2.511451,0,0,0,0,0,0,0,0,0,0,0,0,0,0,0,0
150,0,0,0,0,0,0,0,0,0,0,0,0,0,0,0,0,0,0,0,0,0,0,0,0,0,0,0,0,2.48264,2.477943,-0.232767,-0.238001,-3.858109,-3.858109,-3.85966,-3.85966,-0.241882,-0.249075,2.490062,2.488359,0,0,0,0,0,0,0,0,0,0,0,0,0,0,0,0
154,0,0,0,0,0,0,0,0,0,0,0,0,0,0,0,0,0,0,0,0,0,0,0,0,0,0,0,0,2.506952,2.502698,-0.039545,-0.044283,-3.847325,-3.847325,-3.849727,-3.849727,-0.496653,-0.502853,2.400431,2.398086,0.180959,0.179254,0,0,0,0,0,0,0,0,0,0,0,0,0,0
158,0,0,0,0,0,0,0,0,0,0,0,0,0,0,0,0,0,0,0,0,0,0,0,0,0,0,0,0,2.508816,2.504643,0.144776,0.140957,-3.780836,-3.780836,-3.783606,-3.783606,-0.780342,-0.785478,2.275545,2.27194,0.4141,0.409985,0,0,0,0,0,0,0,0,0,0,0,0,0,0
161,0,0,0,0,0,0,0,0,0,0,0,0,0,0,0,0,0,0,0,0,0,0,0,0,0,0,0,0,2.516527,2.512797,0.308105,0.304534,-3.689777,-3.689777,-3.693351,-3.693351,-1.029909,-1.033799,2.13781,2.133563,0.598434,0.592672,0,0,0,0,0,0,0,0,0,0,0,0,0,0
165,0,0,0,0,0,0,0,0,0,0,0,0,0,0,0,0,0,0,0,0,0,0,0,0,0,0,0,0,2.464686,2.461109,0.484221,0.48147,-3.533314,-3.533314,-3.537319,-3.537319,-1.346022,-1.348374,1.965738,1.960201,0.885849,0.877297,0,0,0,0,0,0,0,0,0,0,0,0,0,0
169,0,0,0,0,0,0,0,0,0,0,0,0,0,0,0,0,0,0,0,0,0,0,0,0,0,0,0,0,2.376802,2.373315,0.659501,0.657201,-3.333365,-3.333365,-3.337726,-3.337726,-1.670921,-1.671779,1.776672,1.769872,1.184326,1.172767,0,0,0,0,0,0,0,0,0,0,0,0,0,0
173,0,0,0,0,0,0,0,0,0,0,0,0,0,0,0,0,0,0,0,0,0,0,0,0,0,0,0,0,2.249468,2.246065,0.837113,0.834892,-3.095886,-3.095886,-3.100305,-3.100305,-1.997715,-1.996977,1.577301,1.569606,1.478998,1.464365,0,0,0,0,0,0,0,0,0,0,0,0,0,0
176,0,0,0,0,0,0,0,0,0,0,0,0,0,0,0,0,0,0,0,0,0,0,0,0,0,0,0,0,2.146799,2.143755,1.001515,0.999251,-2.882571,-2.882571,-2.886425,-2.886425,-2.256914,-2.25547,1.398353,1.390462,1.669981,1.652958,0,0,0,0,0,0,0,0,0,0,0,0,0,0
180,0,0,0,0,0,0,0,0,0,0,0,0,0,0,0,0,0,0,0,0,0,0,0,0,0,0,0,0,1.941784,1.938767,1.190518,1.187034,-2.590879,-2.590879,-2.594691,-2.594691,-2.568223,-2.565426,1.197826,1.189902,1.921142,1.901406,0,0,0,0,0,0,0,0,0,0,0,0,0,0
184,0,0,0,0,0,0,0,0,0,0,0,0,0,0,0,0,0,0,0,0,0,0,0,0,0,0,0,0,1.692338,1.689727,1.389324,1.383969,-2.278162,-2.278162,-2.281194,-2.281194,-2.86018,-2.856441,1.005419,0.998669,2.131146,2.108672,0,0,0,0,0,0,0,0,0,0,0,0,0,0
188,0,0,0,0,0,0,0,0,0,0,0,0,0,0,0,0,0,0,0,0,0,0,0,0,0,0,0,0,1.410809,1.408572,1.591453,1.583791,-1.953426,-1.953426,-1.955231,-1.955231,-3.127076,-3.122684,0.820609,0.814848,2.29947,2.274599,0,0,0,0,0,0,0,0,0,0,0,0,0,0
191,0,0,0,0,0,0,0,0,0,0,0,0,0,0,0,0,0,0,0,0,0,0,0,0,0,0,0,0,1.204878,1.202914,1.766394,1.756802,-1.686184,-1.686184,-1.687226,-1.687226,-3.317521,-3.312946,0.65623,0.65167,2.3762,2.349919,0,0,0,0,0,0,0,0,0,0,0,0,0,0
195,0,0,0,0,0,0,0,0,0,0,0,0,0,0,0,0,0,0,0,0,0,0,0,0,0,0,0,0,0.902426,0.900921,1.955698,1.943441,-1.356173,-1.356173,-1.355986,-1.355986,-3.521863,-3.517045,0.475576,0.472761,2.472973,2.44514,0,0,0,0,0,0,0,0,0,0,0,0,0,0
199,0,0,0,0,0,0,0,0,0,0,0,0,0,0,0,0,0,0,0,0,0,0,0,0,0,0,0,0,0.610518,0.609474,2.128784,2.11397,-1.034972,-1.034972,-1.033769,-1.033769,-3.683501,-3.678812,0.29456,0.293318,2.53415,2.505314,0,0,0,0,0,0,0,0,0,0,0,0,0,0
203,0,0,0,0,0,0,0,0,0,0,0,0,0,0,0,0,0,0,0,0,0,0,0,0,0,0,0,0,0.34401,0.343395,2.277869,2.261106,-0.729975,-0.729975,-0.727958,-0.727958,-3.795878,-3.791368,0.109905,0.109855,2.561589,2.532464,0,0,0,0,0,0,0,0,0,0,0,0,0,0
206,0,0,0,0,0,0,0,0,0,0,0,0,0,0,0,0,0,0,0,0,0,0,0,0,0,0,0,0,0.185111,0.184618,2.393176,2.375604,-0.492988,-0.492988,-0.491382,-0.491382,-3.849459,-3.844763,-0.060604,-0.060018,2.536574,2.508242,0,0,0,0,0,0,0,0,0,0,0,0,0,0
210,0,0,0,0,0,0,0,0,0,0,0,0,0,0,0,0,0,0,0,0,0,0,0,0,0,0,0,0,0,0,2.483409,2.465091,-0.235638,-0.235638,-0.2331,-0.2331,-3.861359,-3.857207,-0.256527,-0.255668,2.515193,2.487719,0,0,0,0,0,0,0,0,0,0,0,0,0,0
214,0,0,0,0,0,0,0,0,0,0,0,0,0,0,0,0,0,0,0,0,0,0,0,0,0,0,0,0,0,0,2.505448,2.487806,-0.041341,-0.041341,-0.039289,-0.039289,-3.848033,-3.844224,-0.513092,-0.512862,2.422889,2.397665,0.183022,0.183022,0.182916,0.182916,0,0,0,0,0,0,0,0,0,0
218,0,0,0,0,0,0,0,0,0,0,0,0,0,0,0,0,0,0,0,0,0,0,0,0,0,0,0,0,0,0,2.504954,2.489036,0.1433,0.1433,0.144598,0.144598,-3.777634,-3.77398,-0.797404,-0.798299,2.292935,2.270836,0.419265,0.419265,0.418955,0.418955,0,0,0,0,0,0,0,0,0,0
221,0,0,0,0,0,0,0,0,0,0,0,0,0,0,0,0,0,0,0,0,0,0,0,0,0,0,0,0,0,0,2.510956,2.496685,0.305929,0.305929,0.306211,0.306211,-3.683227,-3.679761,-1.046892,-1.048775,2.150506,2.131138,0.606101,0.606101,0.605541,0.605541,0,0,0,0,0,0,0,0,0,0
225,0,0,0,0,0,0,0,0,0,0,0,0,0,0,0,0,0,0,0,0,0,0,0,0,0,0,0,0,0,0,2.45641,2.444832,0.48059,0.48059,0.479785,0.479785,-3.521534,-3.51867,-1.362217,-1.365525,1.971059,1.95557,0.896644,0.896644,0.895649,0.895649,0,0,0,0,0,0,0,0,0,0
229,0,0,0,0,0,0,0,0,0,0,0,0,0,0,0,0,0,0,0,0,0,0,0,0,0,0,0,0,0,0,2.365565,2.357149,0.653931,0.653931,0.651731,0.651731,-3.316211,-3.314072,-1.685375,-1.689493,1.774191,1.762305,1.198117,1.198117,1.195921,1.195921,0,0,0,0,0,0,0,0,0,0
233,0,0,0,0,0,0,0,0,0,0,0,0,0,0,0,0,0,0,0,0,0,0,0,0,0,0,0,0,0,0,2.23604,2.230128,0.82904,0.82904,0.826173,0.826173,-3.073851,-3.072785,-2.010486,-2.015862,1.568395,1.560802,1.494195,1.494195,1.491389,1.491389,0,0,0,0,0,0,0,0,0,0
236,0,0,0,0,0,0,0,0,0,0,0,0,0,0,0,0,0,0,0,0,0,0,0,0,0,0,0,0,0,0,2.132154,2.12834,0.991919,0.991919,0.988529,0.988529,-2.857491,-2.85768,-2.268737,-2.27396,1.38656,1.380769,1.685509,1.685509,1.681663,1.681663,0,0,0,0,0,0,0,0,0,0
240,0,0,0,0,0,0,0,0,0,0,0,0,0,0,0,0,0,0,0,0,0,0,0,0,0,0,0,0,0,0,1.926052,1.924435,1.178806,1.178806,1.175017,1.175017,-2.563534,-2.565478,-2.577307,-2.582312,1.182754,1.179588,1.936019,1.936019,1.9304,1.9304,0,0,0,0,0,0,0,0,0,0
244,0,0,0,0,0,0,0,0,0,0,0,0,0,0,0,0,0,0,0,0,0,0,0,0,0,0,0,0,0,0,1.677107,1.677061,1.376208,1.376208,1.372807,1.372807,-2.250783,-2.255066,-2.868021,-2.87141,0.990575,0.988859,2.143353,2.143353,2.135479,2.135479,0,0,0,0,0,0,0,0,0,0
248,0,0,0,0,0,0,0,0,0,0,0,0,0,0,0,0,0,0,0,0,0,0,0,0,0,0,0,0,0,0,1.396853,1.397674,1.577737,1.577737,1.575108,1.575108,-1.926768,-1.93395,-3.133426,-3.134522,0.808241,0.806996,2.306959,2.306959,2.296466,2.296466,0,0,0,0,0,0,0,0,0,0
251,0,0,0,0,0,0,0,0,0,0,0,0,0,0,0,0,0,0,0,0,0,0,0,0,0,0,0,0,0,0,1.192384,1.193415,1.751948,1.751948,1.75081,1.75081,-1.660891,-1.67098,-3.323345,-3.322153,0.646646,0.645794,2.379973,2.379973,2.36714,2.36714,0,0,0,0,0,0,0,0,0,0
255,0,0,0,0,0,0,0,0,0,0,0,0,0,0,0,0,0,0,0,0,0,0,0,0,0,0,0,0,0,0,0.892737,0.893967,1.94269,1.94269,1.941933,1.941933,-1.334371,-1.346814,-3.526867,-3.522597,0.471614,0.470005,2.470856,2.470856,2.455669,2.455669,0,0,0,0,0,0,0,0,0,0
259,0,0,0,0,0,0,0,0,0,0,0,0,0,0,0,0,0,0,0,0,0,0,0,0,0,0,0,0,0,0,0.603495,0.604569,2.116689,2.116689,2.116918,2.116918,-1.01692,-1.032242,-3.687741,-3.680447,0.296205,0.293691,2.525949,2.525949,2.508272,2.508272,0,0,0,0,0,0,0,0,0,0
263,0,0,0,0,0,0,0,0,0,0,0,0,0,0,0,0,0,0,0,0,0,0,0,0,0,0,0,0,0,0,0.339877,0.340558,2.267449,2.267449,2.26852,2.26852,-0.715853,-0.733612,-3.799557,-3.789379,0.116903,0.113541,2.548051,2.548051,2.528292,2.528292,0,0,0,0,0,0,0,0,0,0
266,0,0,0,0,0,0,0,0,0,0,0,0,0,0,0,0,0,0,0,0,0,0,0,0,0,0,0,0,0,0,0.182909,0.183255,2.384618,2.384618,2.385871,2.385871,-0.482454,-0.501762,-3.852342,-3.840308,-0.050234,-0.053918,2.519973,2.519973,2.499163,2.499163,0,0,0,0,0,0,0,0,0,0
270,0,0,0,0,0,0,0,0,0,0,0,0,0,0,0,0,0,0,0,0,0,0,0,0,0,0,0,0,0,0,0,0,2.477,2.477,2.478072,2.478072,-0.228017,-0.24866,-3.863995,-3.850273,-0.242704,-0.246816,2.495647,2.495647,2.474001,2.474001,0,0,0,0,0,0,0,0,0,0
274,0,0,0,0,0,0,0,0,0,0,0,0,0,0,0,0,0,0,0,0,0,0,0,0,0,0,0,0,0,0,0,0,2.502136,2.502136,2.502405,2.502405,-0.036547,-0.057656,-3.850179,-3.835939,-0.497758,-0.502116,2.403147,2.403147,2.381475,2.381475,0.183957,0.183957,0.181979,0,0,0,0,0,0,0
278,0,0,0,0,0,0,0,0,0,0,0,0,0,0,0,0,0,0,0,0,0,0,0,0,0,0,0,0,0,0,0,0,2.504702,2.504702,2.503225,2.503225,0.146069,0.124939,-3.779136,-3.765129,-0.782401,-0.78569,2.274388,2.274388,2.253541,2.253541,0.420876,0.420876,0.416276,0,0,0,0,0,0,0
281,0,0,0,0,0,0,0,0,0,0,0,0,0,0,0,0,0,0,0,0,0,0,0,0,0,0,0,0,0,0,0,0,2.512747,2.512747,2.509656,2.509656,0.307258,0.286495,-3.684492,-3.671133,-1.033029,-1.0353,2.133967,2.133967,2.114178,2.114178,0.608089,0.608089,0.601508,0,0,0,0,0,0,0
285,0,0,0,0,0,0,0,0,0,0,0,0,0,0,0,0,0,0,0,0,0,0,0,0,0,0,0,0,0,0,0,0,2.461015,2.461015,2.45583,2.45583,0.481206,0.461199,-3.522938,-3.511303,-1.350806,-1.351504,1.958594,1.958594,1.9405,1.9405,0.89916,0.89916,0.889647,0,0,0,0,0,0,0
289,0,0,0,0,0,0,0,0,0,0,0,0,0,0,0,0,0,0,0,0,0,0,0,0,0,0,0,0,0,0,0,0,2.372757,2.372757,2.365239,2.365239,0.654685,0.63547,-3.318554,-3.308857,-1.67724,-1.676096,1.767078,1.767078,1.750808,1.750808,1.20004,1.20004,1.187522,0,0,0,0,0,0,0
293,0,0,0,0,0,0,0,0,0,0,0,0,0,0,0,0,0,0,0,0,0,0,0,0,0,0,0,0,0,0,0,0,2.244784,2.244784,2.235488,2.235488,0.831488,0.812888,-3.077465,-3.070225,-2.005231,-2.001982,1.566712,1.566712,1.552508,1.552508,1.49544,1.49544,1.480211,0,0,0,0,0,0,0
296,0,0,0,0,0,0,0,0,0,0,0,0,0,0,0,0,0,0,0,0,0,0,0,0,0,0,0,0,0,0,0,0,2.141879,2.141879,2.131469,2.131469,0.99617,0.977838,-2.862756,-2.857542,-2.265586,-2.260419,1.388862,1.388862,1.376021,1.376021,1.685578,1.685578,1.668661,0,0,0,0,0,0,0
300,0,0,0,0,0,0,0,0,0,0,0,0,0,0,0,0,0,0,0,0,0,0,0,0,0,0,0,0,0,0,0,0,1.936438,1.936438,1.925277,1.925277,1.186938,1.168622,-2.572034,-2.569604,-2.577127,-2.569533,1.191207,1.191207,1.179765,1.179765,1.933182,1.933182,1.914463,0,0,0,0,0,0,0
304,0,0,0,0,0,0,0,0,0,0,0,0,0,0,0,0,0,0,0,0,0,0,0,0,0,0,0,0,0,0,0,0,1.687243,1.687243,1.676343,1.676343,1.389654,1.370906,-2.263704,-2.263869,-2.869936,-2.859599,1.004761,1.004761,0.994251,0.994251,2.136464,2.136464,2.116801,0,0,0,0,0,0,0
308,0,0,0,0,0,0,0,0,0,0,0,0,0,0,0,0,0,0,0,0,0,0,0,0,0,0,0,0,0,0,0,0,1.406179,1.406179,1.396125,1.396125,1.597587,1.577782,-1.944442,-1.947444,-3.136317,-3.123709,0.827962,0.827962,0.817887,0.817887,2.295438,2.295438,2.275237,0,0,0,0,0,0,0
311,0,0,0,0,0,0,0,0,0,0,0,0,0,0,0,0,0,0,0,0,0,0,0,0,0,0,0,0,0,0,0,0,1.200251,1.200251,1.191121,1.191121,1.777399,1.756548,-1.68203,-1.688113,-3.326543,-3.310947,0.670347,0.670347,0.660143,0.660143,2.363518,2.363518,2.344093,0,0,0,0,0,0,0
315,0,0,0,0,0,0,0,0,0,0,0,0,0,0,0,0,0,0,0,0,0,0,0,0,0,0,0,0,0,0,0,0,0.899626,0.899626,0.891948,0.891948,1.974069,1.953336,-1.360224,-1.369533,-3.530052,-3.51343,0.49867,0.49867,0.490543,0.490543,2.44964,2.44964,2.430319,0,0,0,0,0,0,0
319,0,0,0,0,0,0,0,0,0,0,0,0,0,0,0,0,0,0,0,0,0,0,0,0,0,0,0,0,0,0,0,0,0.607957,0.607957,0.602995,0.602995,2.154516,2.131082,-1.047112,-1.056262,-3.691073,-3.673157,0.326969,0.326969,0.317362,0.317362,2.500852,2.500852,2.48211,0,0,0,0,0,0,0
323,0,0,0,0,0,0,0,0,0,0,0,0,0,0,0,0,0,0,0,0,0,0,0,0,0,0,0,0,0,0,0,0,0.342587,0.342587,0.33965,0.33965,2.310402,2.285965,-0.748973,-0.760096,-3.802723,-3.783764,0.15011,0.15011,0.140826,0.140826,2.51976,2.51976,2.502112,0,0,0,0,0,0,0
326,0,0,0,0,0,0,0,0,0,0,0,0,0,0,0,0,0,0,0,0,0,0,0,0,0,0,0,0,0,0,0,0,0.184514,0.184514,0.182676,0.182676,2.430788,2.405333,-0.516522,-0.529647,-3.856611,-3.836886,-0.015824,-0.015824,-0.024297,-0.024297,2.490277,2.490277,2.473806,0,0,0,0,0,0,0
330,0,0,0,0,0,0,0,0,0,0,0,0,0,0,0,0,0,0,0,0,0,0,0,0,0,0,0,0,0,0,0,0,0,0,0,0,2.52392,2.498701,-0.262241,-0.275985,-3.867801,-3.848766,-0.208451,-0.208451,-0.216285,-0.216285,2.465935,2.465935,2.45045,0,0,0,0,0,0,0
334,0,0,0,0,0,0,0,0,0,0,0,0,0,0,0,0,0,0,0,0,0,0,0,0,0,0,0,0,0,0,0,0,0,0,0,0,2.547598,2.522903,-0.06862,-0.083153,-3.854799,-3.836931,-0.464928,-0.464928,-0.471371,-0.471371,2.375356,2.375356,2.36109,0.181081,0.182578,0,0,0,0,0
338,0,0,0,0,0,0,0,0,0,0,0,0,0,0,0,0,0,0,0,0,0,0,0,0,0,0,0,0,0,0,0,0,0,0,0,0,2.546568,2.523024,0.117876,0.102807,-3.785199,-3.769204,-0.752236,-0.752236,-0.756776,-0.756776,2.250787,2.250787,2.237796,0.414711,0.417984,0,0,0,0,0
341,0,0,0,0,0,0,0,0,0,0,0,0,0,0,0,0,0,0,0,0,0,0,0,0,0,0,0,0,0,0,0,0,0,0,0,0,2.551087,2.528504,0.283127,0.267705,-3.691463,-3.677411,-1.005242,-1.005242,-1.008196,-1.008196,2.11443,2.11443,2.102436,0.599289,0.604128,0,0,0,0,0
345,0,0,0,0,0,0,0,0,0,0,0,0,0,0,0,0,0,0,0,0,0,0,0,0,0,0,0,0,0,0,0,0,0,0,0,0,2.493535,2.472649,0.462441,0.447444,-3.531213,-3.520121,-1.326496,-1.326496,-1.32762,-1.32762,1.944615,1.944615,1.933851,0.886644,0.893182,0,0,0,0,0
349,0,0,0,0,0,0,0,0,0,0,0,0,0,0,0,0,0,0,0,0,0,0,0,0,0,0,0,0,0,0,0,0,0,0,0,0,2.3984,2.379619,0.641571,0.626857,-3.326744,-3.319099,-1.656778,-1.656778,-1.655372,-1.655372,1.75855,1.75855,1.748921,1.183803,1.192124,0,0,0,0,0
353,0,0,0,0,0,0,0,0,0,0,0,0,0,0,0,0,0,0,0,0,0,0,0,0,0,0,0,0,0,0,0,0,0,0,0,0,2.26429,2.247711,0.822988,0.809315,-3.086288,-3.082234,-1.988987,-1.988987,-1.985603,-1.985603,1.563382,1.563382,1.554848,1.476567,1.486006,0,0,0,0,0
356,0,0,0,0,0,0,0,0,0,0,0,0,0,0,0,0,0,0,0,0,0,0,0,0,0,0,0,0,0,0,0,0,0,0,0,0,2.156978,2.141325,0.989261,0.978028,-2.869648,-2.869522,-2.251791,-2.251791,-2.246041,-2.246041,1.388052,1.388052,1.380266,1.665054,1.674648,0,0,0,0,0
360,0,0,0,0,0,0,0,0,0,0,0,0,0,0,0,0,0,0,0,0,0,0,0,0,0,0,0,0,0,0,0,0,0,0,0,0,1.9464,1.93374,1.182289,1.172042,-2.578174,-2.580138,-2.565321,-2.565321,-2.559196,-2.559196,1.192695,1.192695,1.186406,1.91193,1.921409,0,0,0,0,0
364,0,0,0,0,0,0,0,0,0,0,0,0,0,0,0,0,0,0,0,0,0,0,0,0,0,0,0,0,0,0,0,0,0,0,0,0,1.693682,1.68329,1.38372,1.376451,-2.266777,-2.271733,-2.858902,-2.858902,-2.851859,-2.851859,1.006586,1.006586,1.001518,2.116382,2.124443,0,0,0,0,0
368,0,0,0,0,0,0,0,0,0,0,0,0,0,0,0,0,0,0,0,0,0,0,0,0,0,0,0,0,0,0,0,0,0,0,0,0,1.409925,1.401642,1.587787,1.583917,-1.943959,-1.951454,-3.125274,-3.125274,-3.117642,-3.117642,0.828096,0.828096,0.82425,2.277852,2.283658,0,0,0,0,0
371,0,0,0,0,0,0,0,0,0,0,0,0,0,0,0,0,0,0,0,0,0,0,0,0,0,0,0,0,0,0,0,0,0,0,0,0,1.202927,1.196095,1.763733,1.762357,-1.678951,-1.688096,-3.314644,-3.314644,-3.30679,-3.30679,0.66828,0.66828,0.665467,2.349203,2.353008,0,0,0,0,0
375,0,0,0,0,0,0,0,0,0,0,0,0,0,0,0,0,0,0,0,0,0,0,0,0,0,0,0,0,0,0,0,0,0,0,0,0,0.900996,0.895965,1.955958,1.955303,-1.35344,-1.363644,-3.517529,-3.517529,-3.507742,-3.507742,0.494786,0.494786,0.4919,2.438837,2.439993,0,0,0,0,0
379,0,0,0,0,0,0,0,0,0,0,0,0,0,0,0,0,0,0,0,0,0,0,0,0,0,0,0,0,0,0,0,0,0,0,0,0,0.608865,0.605584,2.12837,2.133585,-1.034889,-1.046804,-3.676881,-3.676881,-3.668668,-3.668668,0.317865,0.317865,0.317307,2.495811,2.493415,0,0,0,0,0
383,0,0,0,0,0,0,0,0,0,0,0,0,0,0,0,0,0,0,0,0,0,0,0,0,0,0,0,0,0,0,0,0,0,0,0,0,0.343288,0.341275,2.278855,2.28586,-0.733675,-0.745546,-3.788305,-3.788305,-3.780521,-3.780521,0.136989,0.136989,0.137094,2.520943,2.515973,0,0,0,0,0
386,0,0,0,0,0,0,0,0,0,0,0,0,0,0,0,0,0,0,0,0,0,0,0,0,0,0,0,0,0,0,0,0,0,0,0,0,0.184934,0.183989,2.39503,2.403061,-0.499293,-0.512037,-3.841561,-3.841561,-3.833169,-3.833169,-0.031685,-0.031685,-0.030504,2.495595,2.488382,0,0,0,0,0
390,0,0,0,0,0,0,0,0,0,0,0,0,0,0,0,0,0,0,0,0,0,0,0,0,0,0,0,0,0,0,0,0,0,0,0,0,0,0,2.485716,2.493663,-0.242575,-0.255158,-3.853615,-3.853615,-3.845151,-3.845151,-0.226934,-0.226934,-0.225349,2.475935,2.46664,0,0,0,0,0
394,0,0,0,0,0,0,0,0,0,0,0,0,0,0,0,0,0,0,0,0,0,0,0,0,0,0,0,0,0,0,0,0,0,0,0,0,0,0,2.509885,2.51612,-0.048242,-0.060046,-3.84319,-3.84319,-3.834184,-3.834184,-0.484458,-0.484458,-0.482667,2.391061,2.380741,0.179947,0.177004,0,0,0
398,0,0,0,0,0,0,0,0,0,0,0,0,0,0,0,0,0,0,0,0,0,0,0,0,0,0,0,0,0,0,0,0,0,0,0,0,0,0,2.511432,2.514856,0.137702,0.127073,-3.776169,-3.776169,-3.766914,-3.766914,-0.771573,-0.771573,-0.769365,2.270995,2.260279,0.411905,0.40534,0,0,0
401,0,0,0,0,0,0,0,0,0,0,0,0,0,0,0,0,0,0,0,0,0,0,0,0,0,0,0,0,0,0,0,0,0,0,0,0,0,0,2.519201,2.519706,0.30177,0.291882,-3.68483,-3.68483,-3.675414,-3.675414,-1.023736,-1.023736,-1.021415,2.13681,2.126424,0.595733,0.586139,0,0,0
405,0,0,0,0,0,0,0,0,0,0,0,0,0,0,0,0,0,0,0,0,0,0,0,0,0,0,0,0,0,0,0,0,0,0,0,0,0,0,2.467317,2.463723,0.478821,0.47036,-3.527575,-3.527575,-3.517907,-3.517907,-1.343255,-1.343255,-1.340903,1.968235,1.958335,0.883157,0.869211,0,0,0
409,0,0,0,0,0,0,0,0,0,0,0,0,0,0,0,0,0,0,0,0,0,0,0,0,0,0,0,0,0,0,0,0,0,0,0,0,0,0,2.379091,2.371275,0.654145,0.646966,-3.325705,-3.325705,-3.315995,-3.315995,-1.670483,-1.670483,-1.668209,1.780419,1.771407,1.182365,1.164136,0,0,0
413,0,0,0,0,0,0,0,0,0,0,0,0,0,0,0,0,0,0,0,0,0,0,0,0,0,0,0,0,0,0,0,0,0,0,0,0,0,0,2.251715,2.24017,0.831039,0.825004,-3.085681,-3.085681,-3.075977,-3.075977,-1.998619,-1.998619,-1.996391,1.580865,1.572267,1.478547,1.457269,0,0,0
416,0,0,0,0,0,0,0,0,0,0,0,0,0,0,0,0,0,0,0,0,0,0,0,0,0,0,0,0,0,0,0,0,0,0,0,0,0,0,2.14925,2.135368,0.993643,0.988355,-2.869417,-2.869417,-2.860394,-2.860394,-2.257464,-2.257464,-2.254799,1.398571,1.391216,1.673289,1.648679,0,0,0
420,0,0,0,0,0,0,0,0,0,0,0,0,0,0,0,0,0,0,0,0,0,0,0,0,0,0,0,0,0,0,0,0,0,0,0,0,0,0,1.944052,1.928363,1.178449,1.173989,-2.573684,-2.573684,-2.565545,-2.565545,-2.565447,-2.565447,-2.562278,1.190681,1.183917,1.930449,1.903271,0,0,0
424,0,0,0,0,0,0,0,0,0,0,0,0,0,0,0,0,0,0,0,0,0,0,0,0,0,0,0,0,0,0,0,0,0,0,0,0,0,0,1.694976,1.679052,1.371278,1.367247,-2.256768,-2.256768,-2.250042,-2.250042,-2.852593,-2.852593,-2.848654,0.987936,0.981382,2.148921,2.120351,0,0,0
428,0,0,0,0,0,0,0,0,0,0,0,0,0,0,0,0,0,0,0,0,0,0,0,0,0,0,0,0,0,0,0,0,0,0,0,0,0,0,1.412983,1.39819,1.566627,1.562618,-1.927388,-1.927388,-1.922553,-1.922553,-3.112309,-3.112309,-3.107605,0.791657,0.78495,2.324966,2.296243,0,0,0
431,0,0,0,0,0,0,0,0,0,0,0,0,0,0,0,0,0,0,0,0,0,0,0,0,0,0,0,0,0,0,0,0,0,0,0,0,0,0,1.206235,1.19296,1.737074,1.732752,-1.658153,-1.658153,-1.654859,-1.654859,-3.297158,-3.297158,-3.291667,0.620401,0.613704,2.405932,2.378032,0,0,0
435,0,0,0,0,0,0,0,0,0,0,0,0,0,0,0,0,0,0,0,0,0,0,0,0,0,0,0,0,0,0,0,0,0,0,0,0,0,0,0.903149,0.892518,1.923649,1.918836,-1.328349,-1.328349,-1.327277,-1.327277,-3.495573,-3.495573,-3.489354,0.435385,0.428545,2.504055,2.478339,0,0,0
439,0,0,0,0,0,0,0,0,0,0,0,0,0,0,0,0,0,0,0,0,0,0,0,0,0,0,0,0,0,0,0,0,0,0,0,0,0,0,0.610075,0.602582,2.098749,2.093102,-1.012135,-1.012135,-1.01321,-1.01321,-3.653909,-3.653909,-3.647531,0.258315,0.25123,2.558245,2.536161,0,0,0
443,0,0,0,0,0,0,0,0,0,0,0,0,0,0,0,0,0,0,0,0,0,0,0,0,0,0,0,0,0,0,0,0,0,0,0,0,0,0,0.343037,0.338705,2.25816,2.251479,-0.717738,-0.717738,-0.720966,-0.720966,-3.767905,-3.767905,-3.761887,0.089483,0.082377,2.568555,2.551485,0,0,0
446,0,0,0,0,0,0,0,0,0,0,0,0,0,0,0,0,0,0,0,0,0,0,0,0,0,0,0,0,0,0,0,0,0,0,0,0,0,0,0.184237,0.181939,2.388164,2.380424,-0.494312,-0.494312,-0.499089,-0.499089,-3.82711,-3.82711,-3.82189,-0.059525,-0.066343,2.522608,2.510368,0,0,0
450,0,0,0,0,0,0,0,0,0,0,0,0,0,0,0,0,0,0,0,0,0,0,0,0,0,0,0,0,0,0,0,0,0,0,0,0,0,0,0,0,2.508248,2.49914,-0.259763,-0.259763,-0.266195,-0.266195,-3.85317,-3.85317,-3.849935,-0.21102,-0.217279,2.458897,2.45429,0,0,0
454,0,0,0,0,0,0,0,0,0,0,0,0,0,0,0,0,0,0,0,0,0,0,0,0,0,0,0,0,0,0,0,0,0,0,0,0,0,0,0,0,2.568231,2.559092,-0.104989,-0.104989,-0.111199,-0.111199,-3.870979,-3.870979,-3.872916,-0.419574,-0.42157,2.293674,2.298371,0.083703,0.074509,0
458,0,0,0,0,0,0,0,0,0,0,0,0,0,0,0,0,0,0,0,0,0,0,0,0,0,0,0,0,0,0,0,0,0,0,0,0,0,0,0,0,2.618136,2.606952,0.035222,0.035222,0.028528,0.028528,-3.850804,-3.850804,-3.851773,-0.643965,-0.645646,2.078097,2.093334,0.191958,0.167387,0
461,0,0,0,0,0,0,0,0,0,0,0,0,0,0,0,0,0,0,0,0,0,0,0,0,0,0,0,0,0,0,0,0,0,0,0,0,0,0,0,0,2.666973,2.654815,0.162923,0.162923,0.156624,0.156624,-3.793713,-3.793713,-3.796696,-0.833163,-0.832721,1.875741,1.898934,0.265383,0.229583,0
465,0,0,0,0,0,0,0,0,0,0,0,0,0,0,0,0,0,0,0,0,0,0,0,0,0,0,0,0,0,0,0,0,0,0,0,0,0,0,0,0,2.672706,2.659614,0.29134,0.29134,0.286051,0.286051,-3.695625,-3.695625,-3.70167,-1.076983,-1.07317,1.60355,1.636495,0.390977,0.340208,0
469,0,0,0,0,0,0,0,0,0,0,0,0,0,0,0,0,0,0,0,0,0,0,0,0,0,0,0,0,0,0,0,0,0,0,0,0,0,0,0,0,2.645291,2.630386,0.424775,0.424775,0.417839,0.417839,-3.562257,-3.562257,-3.571795,-1.327095,-1.316162,1.324161,1.363579,0.514536,0.449727,0
473,0,0,0,0,0,0,0,0,0,0,0,0,0,0,0,0,0,0,0,0,0,0,0,0,0,0,0,0,0,0,0,0,0,0,0,0,0,0,0,0,2.574938,2.560758,0.566866,0.566866,0.563748,0.563748,-3.396254,-3.396254,-3.407749,-1.57576,-1.566649,1.051937,1.098971,0.627341,0.551672,0
476,0,0,0,0,0,0,0,0,0,0,0,0,0,0,0,0,0,0,0,0,0,0,0,0,0,0,0,0,0,0,0,0,0,0,0,0,0,0,0,0,2.515245,2.50096,0.714995,0.714995,0.712981,0.712981,-3.238564,-3.238564,-3.25155,-1.76948,-1.758624,0.8511,0.900593,0.682758,0.601421,0
480,0,0,0,0,0,0,0,0,0,0,0,0,0,0,0,0,0,0,0,0,0,0,0,0,0,0,0,0,0,0,0,0,0,0,0,0,0,0,0,0,2.361068,2.347112,0.896789,0.896789,0.896126,0.896126,-3.031292,-3.031292,-3.045764,-2.01284,-2.000502,0.636105,0.685364,0.757432,0.673217,0
484,0,0,0,0,0,0,0,0,0,0,0,0,0,0,0,0,0,0,0,0,0,0,0,0,0,0,0,0,0,0,0,0,0,0,0,0,0,0,0,0,2.153704,2.140587,1.109944,1.109944,1.110636,1.110636,-2.807414,-2.807414,-2.822347,-2.248424,-2.235667,0.472967,0.517522,0.80172,0.720984,0
488,0,0,0,0,0,0,0,0,0,0,0,0,0,0,0,0,0,0,0,0,0,0,0,0,0,0,0,0,0,0,0,0,0,0,0,0,0,0,0,0,1.898485,1.886672,1.351713,1.351713,1.353461,1.353461,-2.571633,-2.571633,-2.586529,-2.478119,-2.465711,0.358803,0.394476,0.819655,0.747892,0
491,0,0,0,0,0,0,0,0,0,0,0,0,0,0,0,0,0,0,0,0,0,0,0,0,0,0,0,0,0,0,0,0,0,0,0,0,0,0,0,0,1.697552,1.686868,1.574054,1.574054,1.576561,1.576561,-2.367074,-2.367074,-2.38139,-2.647366,-2.635625,0.289225,0.316056,0.800126,0.738542,0
495,0,0,0,0,0,0,0,0,0,0,0,0,0,0,0,0,0,0,0,0,0,0,0,0,0,0,0,0,0,0,0,0,0,0,0,0,0,0,0,0,1.374898,1.366002,1.853583,1.853583,1.857114,1.857114,-2.11421,-2.11421,-2.12728,-2.866362,-2.856216,0.243513,0.255878,0.781615,0.737238,0
499,0,0,0,0,0,0,0,0,0,0,0,0,0,0,0,0,0,0,0,0,0,0,0,0,0,0,0,0,0,0,0,0,0,0,0,0,0,0,0,0,1.024449,1.018062,2.149946,2.149946,2.153411,2.153411,-1.855385,-1.855385,-1.866204,-3.081341,-3.072568,0.227835,0.221707,0.748647,0.724715,0
503,0,0,0,0,0,0,0,0,0,0,0,0,0,0,0,0,0,0,0,0,0,0,0,0,0,0,0,0,0,0,0,0,0,0,0,0,0,0,0,0,0.655147,0.650947,2.458364,2.458364,2.463652,2.463652,-1.591173,-1.591173,-1.600091,-3.295583,-3.290371,0.230828,0.207413,0.706691,0.705037,0
506,0,0,0,0,0,0,0,0,0,0,0,0,0,0,0,0,0,0,0,0,0,0,0,0,0,0,0,0,0,0,0,0,0,0,0,0,0,0,0,0,0.385328,0.382862,2.719221,2.719221,2.725006,2.725006,-1.367584,-1.367584,-1.375191,-3.450864,-3.447651,0.232844,0.194956,0.6526,0.669584,0
510,0,0,0,0,0,0,0,0,0,0,0,0,0,0,0,0,0,0,0,0,0,0,0,0,0,0,0,0,0,0,0,0,0,0,0,0,0,0,0,0,0,0,3.041235,3.041235,3.047692,3.047692,-1.096559,-1.096559,-1.102068,-3.660656,-3.660718,0.255601,0.197249,0.601117,0.642777,0
