position,GenIII_05,GenIII_06,GenIII_07,GenIII_08,GenIII_09,GenIII_10,GenIII_11,GenIII_12,GenIII_13,GenIII_14,GenIII_15,GenIII_50,GenIII_16,GenIII_49,GenIII_17,GenIII_51,GenIII_18,GenIII_59,GenIII_19,GenIII_20,GenIII_21,GenIII_22,GenIII_23,GenIII_24,GenIII_25,GenIII_52,GenIII_26,GenIII_58,GenIII_27,GenIII_28,GenIII_29,GenIII_30,GenIII_31,GenIII_53,GenIII_32,GenIII_57,GenIII_33,GenIII_34,GenIII_35,GenIII_36,GenIII_37,GenIII_38,GenIII_39,GenIII_54,GenIII_40,GenIII_56,GenIII_41,GenIII_55,GenIII_42,GenIII_43,GenIII_44,GenIII_45,GenIII_46,GenIII_47,GenIII_48,GenIII_Shield
-510,0.409092,-0.41227,0.516465,-0.511823,0.87259,-0.873776,0.769835,-0.771208,0.400654,-0.393677,0,0,0,0,0,0,0,0,0,0,0,0,0,0,0,0,0,0,0,0,0,0,0,0,0,0,0,0,0,0,0,0,0,0,0,0,0,0,0,0,0,0,0,0,0,0
-506,0.411213,-0.414572,0.501644,-0.497557,0.860574,-0.859836,0.783444,-0.785159,0.417416,-0.412,0.037398,0.037398,-0.036069,-0.036069,0,0,0,0,0,0,0,0,0,0,0,0,0,0,0,0,0,0,0,0,0,0,0,0,0,0,0,0,0,0,0,0,0,0,0,0,0,0,0,0,0,0
-503,0.411856,-0.415263,0.490436,-0.486934,0.85144,-0.849449,0.793606,-0.79557,0.430072,-0.425765,0.065107,0.065107,-0.062714,-0.062714,0,0,0,0,0,0,0,0,0,0,0,0,0,0,0,0,0,0,0,0,0,0,0,0,0,0,0,0,0,0,0,0,0,0,0,0,0,0,0,0,0,0
-499,0.410699,-0.414477,0.475676,-0.472674,0.839447,-0.835534,0.807255,-0.809175,0.447131,-0.444069,0.101002,0.101002,-0.097552,-0.097552,0,0,0,0,0,0,0,0,0,0,0,0,0,0,0,0,0,0,0,0,0,0,0,0,0,0,0,0,0,0,0,0,0,0,0,0,0,0,0,0,0,0
-495,0.405818,-0.409612,0.461256,-0.458846,0.827306,-0.822623,0.820965,-0.823036,0.464547,-0.46246,0.135279,0.135279,-0.130653,-0.130653,0,0,0,0,0,0,0,0,0,0,0,0,0,0,0,0,0,0,0,0,0,0,0,0,0,0,0,0,0,0,0,0,0,0,0,0,0,0,0,0,0,0
-491,0.395895,-0.399722,0.44734,-0.445296,0.815811,-0.810445,0.834822,-0.837133,0.482534,-0.481071,0.167273,0.167273,-0.161952,-0.161952,0,0,0,0,0,0,0,0,0,0,0,0,0,0,0,0,0,0,0,0,0,0,0,0,0,0,0,0,0,0,0,0,0,0,0,0,0,0,0,0,0,0
-488,0.384415,-0.388421,0.437325,-0.435268,0.807775,-0.801806,0.845641,-0.847655,0.49649,-0.49539,0.189265,0.189265,-0.183894,-0.183894,0,0,0,0,0,0,0,0,0,0,0,0,0,0,0,0,0,0,0,0,0,0,0,0,0,0,0,0,0,0,0,0,0,0,0,0,0,0,0,0,0,0
-484,0.362741,-0.366731,0.424613,-0.422432,0.797381,-0.791378,0.860308,-0.861978,0.515665,-0.514589,0.215631,0.215631,-0.2105,-0.2105,0,0,0,0,0,0,0,0,0,0,0,0,0,0,0,0,0,0,0,0,0,0,0,0,0,0,0,0,0,0,0,0,0,0,0,0,0,0,0,0,0,0
-480,0.332536,-0.336338,0.412828,-0.410192,0.787754,-0.782424,0.875315,-0.876486,0.535792,-0.534317,0.238002,0.238002,-0.233752,-0.233752,0,0,0,0,0,0,0,0,0,0,0,0,0,0,0,0,0,0,0,0,0,0,0,0,0,0,0,0,0,0,0,0,0,0,0,0,0,0,0,0,0,0
-476,0.293153,-0.296685,0.402042,-0.398592,0.779016,-0.774942,0.890943,-0.891275,0.55691,-0.554514,0.255984,0.255984,-0.253359,-0.253359,0,0,0,0,0,0,0,0,0,0,0,0,0,0,0,0,0,0,0,0,0,0,0,0,0,0,0,0,0,0,0,0,0,0,0,0,0,0,0,0,0,0
-473,0.25888,-0.262072,0.394441,-0.390243,0.772545,-0.769773,0.902434,-0.902122,0.57329,-0.570007,0.267052,0.267052,-0.26595,-0.26595,0,0,0,0,0,0,0,0,0,0,0,0,0,0,0,0,0,0,0,0,0,0,0,0,0,0,0,0,0,0,0,0,0,0,0,0,0,0,0,0,0,0
-469,0.209414,-0.211812,0.384851,-0.379419,0.763533,-0.76314,0.91683,-0.916076,0.595755,-0.590924,0.279406,0.279406,-0.280422,-0.280422,0,0,0,0,0,0,0,0,0,0,0,0,0,0,0,0,0,0,0,0,0,0,0,0,0,0,0,0,0,0,0,0,0,0,0,0,0,0,0,0,0,0
-465,0.157969,-0.159911,0.37571,-0.368944,0.754004,-0.755513,0.930221,-0.928424,0.618794,-0.612373,0.289815,0.289815,-0.293351,-0.293351,0,0,0,0,0,0,0,0,0,0,0,0,0,0,0,0,0,0,0,0,0,0,0,0,0,0,0,0,0,0,0,0,0,0,0,0,0,0,0,0,0,0
-461,0.107886,-0.109059,0.366846,-0.358706,0.742805,-0.746672,0.941422,-0.939247,0.642298,-0.634364,0.299565,0.299565,-0.305152,-0.305152,0,0,0,0,0,0,0,0,0,0,0,0,0,0,0,0,0,0,0,0,0,0,0,0,0,0,0,0,0,0,0,0,0,0,0,0,0,0,0,0,0,0
-458,0.072561,-0.073454,0.360188,-0.351092,0.733411,-0.738408,0.948296,-0.945723,0.66023,-0.651031,0.306914,0.306914,-0.314042,-0.314042,0,0,0,0,0,0,0,0,0,0,0,0,0,0,0,0,0,0,0,0,0,0,0,0,0,0,0,0,0,0,0,0,0,0,0,0,0,0,0,0,0,0
-454,0.031687,-0.031882,0.351377,-0.341061,0.718723,-0.725217,0.954317,-0.95259,0.684789,-0.674102,0.317895,0.317895,-0.326154,-0.326154,0,0,0,0,0,0,0,0,0,0,0,0,0,0,0,0,0,0,0,0,0,0,0,0,0,0,0,0,0,0,0,0,0,0,0,0,0,0,0,0,0,0
-450,0,0,0.342268,-0.331183,0.70136,-0.708338,0.957637,-0.955983,0.709315,-0.69796,0.331035,0.331035,-0.339811,-0.339811,0,0,0,0,0,0,0,0,0,0,0,0,0,0,0,0,0,0,0,0,0,0,0,0,0,0,0,0,0,0,0,0,0,0,0,0,0,0,0,0,0,0
-446,0,0,0.331498,-0.319866,0.678197,-0.684952,0.95319,-0.952696,0.731804,-0.719806,0.346045,0.346045,-0.354032,-0.354032,0.018866,0.018866,-0.019741,-0.019741,0,0,0,0,0,0,0,0,0,0,0,0,0,0,0,0,0,0,0,0,0,0,0,0,0,0,0,0,0,0,0,0,0,0,0,0,0,0
-443,0,0,0.323117,-0.311336,0.659564,-0.665708,0.948173,-0.948846,0.74917,-0.737025,0.359463,0.359463,-0.366257,-0.366257,0.036993,0.036993,-0.03872,-0.03872,0,0,0,0,0,0,0,0,0,0,0,0,0,0,0,0,0,0,0,0,0,0,0,0,0,0,0,0,0,0,0,0,0,0,0,0,0,0
-439,0,0,0.310712,-0.299121,0.6331,-0.638074,0.939227,-0.941363,0.772536,-0.760665,0.379637,0.379637,-0.384437,-0.384437,0.06503,0.06503,-0.068055,-0.068055,0,0,0,0,0,0,0,0,0,0,0,0,0,0,0,0,0,0,0,0,0,0,0,0,0,0,0,0,0,0,0,0,0,0,0,0,0,0
-435,0,0,0.296919,-0.285472,0.605233,-0.608622,0.927618,-0.931707,0.795823,-0.784329,0.402052,0.402052,-0.404744,-0.404744,0.09626,0.09626,-0.100303,-0.100303,0,0,0,0,0,0,0,0,0,0,0,0,0,0,0,0,0,0,0,0,0,0,0,0,0,0,0,0,0,0,0,0,0,0,0,0,0,0
-431,0,0,0.280489,-0.269697,0.576306,-0.578168,0.91403,-0.919462,0.818813,-0.808017,0.42617,0.42617,-0.426786,-0.426786,0.128681,0.128681,-0.133798,-0.133798,0,0,0,0,0,0,0,0,0,0,0,0,0,0,0,0,0,0,0,0,0,0,0,0,0,0,0,0,0,0,0,0,0,0,0,0,0,0
-428,0,0,0.266367,-0.25607,0.554394,-0.555137,0.902622,-0.908818,0.835545,-0.825415,0.445168,0.445168,-0.444404,-0.444404,0.153112,0.153112,-0.158665,-0.158665,0,0,0,0,0,0,0,0,0,0,0,0,0,0,0,0,0,0,0,0,0,0,0,0,0,0,0,0,0,0,0,0,0,0,0,0,0,0
-424,0,0,0.244635,-0.235026,0.525124,-0.524686,0.885866,-0.892524,0.856689,-0.84767,0.471353,0.471353,-0.469277,-0.469277,0.184367,0.184367,-0.189893,-0.189893,0,0,0,0,0,0,0,0,0,0,0,0,0,0,0,0,0,0,0,0,0,0,0,0,0,0,0,0,0,0,0,0,0,0,0,0,0,0
-420,0,0,0.219055,-0.210278,0.496363,-0.495588,0.868076,-0.874158,0.876683,-0.868552,0.497893,0.497893,-0.495446,-0.495446,0.21271,0.21271,-0.217578,-0.217578,0,0,0,0,0,0,0,0,0,0,0,0,0,0,0,0,0,0,0,0,0,0,0,0,0,0,0,0,0,0,0,0,0,0,0,0,0,0
-416,0,0,0.189478,-0.18171,0.468892,-0.468628,0.849725,-0.85418,0.895199,-0.887874,0.524631,0.524631,-0.522825,-0.522825,0.236948,0.236948,-0.240276,-0.240276,0,0,0,0,0,0,0,0,0,0,0,0,0,0,0,0,0,0,0,0,0,0,0,0,0,0,0,0,0,0,0,0,0,0,0,0,0,0
-413,0,0,0.165413,-0.158491,0.449094,-0.449671,0.835418,-0.838175,0.907769,-0.901111,0.544772,0.544772,-0.543933,-0.543933,0.252742,0.252742,-0.254333,-0.254333,0,0,0,0,0,0,0,0,0,0,0,0,0,0,0,0,0,0,0,0,0,0,0,0,0,0,0,0,0,0,0,0,0,0,0,0,0,0
-409,0,0,0.132026,-0.126348,0.424191,-0.426465,0.815798,-0.815758,0.922837,-0.916758,0.571594,0.571594,-0.572497,-0.572497,0.271133,0.271133,-0.270125,-0.270125,0,0,0,0,0,0,0,0,0,0,0,0,0,0,0,0,0,0,0,0,0,0,0,0,0,0,0,0,0,0,0,0,0,0,0,0,0,0
-405,0,0,0.098582,-0.094204,0.400936,-0.405236,0.795394,-0.792222,0.935548,-0.930127,0.598382,0.598382,-0.601391,-0.601391,0.287367,0.287367,-0.283291,-0.283291,0,0,0,0,0,0,0,0,0,0,0,0,0,0,0,0,0,0,0,0,0,0,0,0,0,0,0,0,0,0,0,0,0,0,0,0,0,0
-401,0,0,0.066652,-0.063747,0.379315,-0.385534,0.774008,-0.767979,0.946081,-0.941399,0.624864,0.624864,-0.629907,-0.629907,0.301905,0.301905,-0.295002,-0.295002,0,0,0,0,0,0,0,0,0,0,0,0,0,0,0,0,0,0,0,0,0,0,0,0,0,0,0,0,0,0,0,0,0,0,0,0,0,0
-398,0,0,0.044757,-0.042684,0.364795,-0.372306,0.756965,-0.749252,0.951506,-0.947442,0.645281,0.645281,-0.651621,-0.651621,0.312719,0.312719,-0.303814,-0.303814,0,0,0,0,0,0,0,0,0,0,0,0,0,0,0,0,0,0,0,0,0,0,0,0,0,0,0,0,0,0,0,0,0,0,0,0,0,0
-394,0,0,0.019351,-0.018472,0.347064,-0.35597,0.733647,-0.723946,0.956862,-0.953327,0.671945,0.671945,-0.679806,-0.679806,0.32709,0.32709,-0.316023,-0.316023,0,0,0,0,0,0,0,0,0,0,0,0,0,0,0,0,0,0,0,0,0,0,0,0,0,0,0,0,0,0,0,0,0,0,0,0,0,0
-390,0,0,0,0,0.331702,-0.340954,0.709145,-0.698325,0.958753,-0.956263,0.698747,0.698747,-0.707349,-0.707349,0.342323,0.342323,-0.329835,-0.329835,0,0,0,0,0,0,0,0,0,0,0,0,0,0,0,0,0,0,0,0,0,0,0,0,0,0,0,0,0,0,0,0,0,0,0,0,0,0
-386,0,0,0,0,0.317968,-0.326541,0.681893,-0.671172,0.955119,-0.954028,0.724036,0.724036,-0.732405,-0.732405,0.358495,0.358495,-0.345546,-0.345546,0.019603,-0.0195,0,0,0,0,0,0,0,0,0,0,0,0,0,0,0,0,0,0,0,0,0,0,0,0,0,0,0,0,0,0,0,0,0,0,0,0
-383,0,0,0,0,0.308724,-0.316172,0.66062,-0.650601,0.950484,-0.950155,0.743262,0.743262,-0.750729,-0.750729,0.371645,0.371645,-0.359008,-0.359008,0.037906,-0.038187,0,0,0,0,0,0,0,0,0,0,0,0,0,0,0,0,0,0,0,0,0,0,0,0,0,0,0,0,0,0,0,0,0,0,0,0
-379,0,0,0,0,0.296671,-0.302176,0.632054,-0.623338,0.941839,-0.942531,0.767663,0.767663,-0.77386,-0.77386,0.390536,0.390536,-0.378964,-0.378964,0.066787,-0.066908,0,0,0,0,0,0,0,0,0,0,0,0,0,0,0,0,0,0,0,0,0,0,0,0,0,0,0,0,0,0,0,0,0,0,0,0
-375,0,0,0,0,0.284608,-0.287185,0.60298,-0.595908,0.930295,-0.932241,0.791663,0.791663,-0.796161,-0.796161,0.411074,0.411074,-0.400798,-0.400798,0.098524,-0.098563,0,0,0,0,0,0,0,0,0,0,0,0,0,0,0,0,0,0,0,0,0,0,0,0,0,0,0,0,0,0,0,0,0,0,0,0
-371,0,0,0,0,0.270834,-0.270825,0.573745,-0.568651,0.916648,-0.919228,0.815103,0.815103,-0.817306,-0.817306,0.432784,0.432784,-0.424516,-0.424516,0.131462,-0.131643,0,0,0,0,0,0,0,0,0,0,0,0,0,0,0,0,0,0,0,0,0,0,0,0,0,0,0,0,0,0,0,0,0,0,0,0
-368,0,0,0,0,0.259144,-0.256856,0.552038,-0.548447,0.904974,-0.908193,0.832027,0.832027,-0.832586,-0.832586,0.449986,0.449986,-0.443192,-0.443192,0.156072,-0.156237,0,0,0,0,0,0,0,0,0,0,0,0,0,0,0,0,0,0,0,0,0,0,0,0,0,0,0,0,0,0,0,0,0,0,0,0
-364,0,0,0,0,0.24046,-0.23591,0.523443,-0.52149,0.888036,-0.891668,0.853351,0.853351,-0.852064,-0.852064,0.474128,0.474128,-0.468975,-0.468975,0.187393,-0.187487,0,0,0,0,0,0,0,0,0,0,0,0,0,0,0,0,0,0,0,0,0,0,0,0,0,0,0,0,0,0,0,0,0,0,0,0
-360,0,0,0,0,0.217604,-0.211262,0.495772,-0.495178,0.869707,-0.873523,0.873444,0.873444,-0.870569,-0.870569,0.499386,0.499386,-0.495644,-0.495644,0.215428,-0.215425,0,0,0,0,0,0,0,0,0,0,0,0,0,0,0,0,0,0,0,0,0,0,0,0,0,0,0,0,0,0,0,0,0,0,0,0
-356,0,0,0,0,0.189821,-0.182857,0.469316,-0.469773,0.850699,-0.854109,0.892313,0.892313,-0.888141,-0.888141,0.525736,0.525736,-0.523045,-0.523045,0.238921,-0.238942,0,0,0,0,0,0,0,0,0,0,0,0,0,0,0,0,0,0,0,0,0,0,0,0,0,0,0,0,0,0,0,0,0,0,0,0
-353,0,0,0,0,0.166608,-0.159619,0.450398,-0.451189,0.835669,-0.838807,0.905144,0.905144,-0.900533,-0.900533,0.546089,0.546089,-0.543835,-0.543835,0.253968,-0.253887,0,0,0,0,0,0,0,0,0,0,0,0,0,0,0,0,0,0,0,0,0,0,0,0,0,0,0,0,0,0,0,0,0,0,0,0
-349,0,0,0,0,0.133746,-0.127253,0.426427,-0.427503,0.814938,-0.817578,0.92072,0.92072,-0.915462,-0.915462,0.573612,0.573612,-0.571807,-0.571807,0.271164,-0.270941,0,0,0,0,0,0,0,0,0,0,0,0,0,0,0,0,0,0,0,0,0,0,0,0,0,0,0,0,0,0,0,0,0,0,0,0
-345,0,0,0,0,0.100404,-0.095105,0.404087,-0.405095,0.793251,-0.794798,0.93371,0.93371,-0.92897,-0.92897,0.601711,0.601711,-0.599715,-0.599715,0.286133,-0.285587,0,0,0,0,0,0,0,0,0,0,0,0,0,0,0,0,0,0,0,0,0,0,0,0,0,0,0,0,0,0,0,0,0,0,0,0
-341,0,0,0,0,0.068213,-0.064326,0.383391,-0.384162,0.770898,-0.771707,0.944201,0.944201,-0.939716,-0.939716,0.629774,0.629774,-0.627682,-0.627682,0.299502,-0.298855,0,0,0,0,0,0,0,0,0,0,0,0,0,0,0,0,0,0,0,0,0,0,0,0,0,0,0,0,0,0,0,0,0,0,0,0
-338,0,0,0,0,0.045779,-0.043202,0.368911,-0.3696,0.753481,-0.753492,0.950312,0.950312,-0.946077,-0.946077,0.650763,0.650763,-0.648379,-0.648379,0.309218,-0.308513,0,0,0,0,0,0,0,0,0,0,0,0,0,0,0,0,0,0,0,0,0,0,0,0,0,0,0,0,0,0,0,0,0,0,0,0
-334,0,0,0,0,0.019876,-0.018726,0.351516,-0.351725,0.729436,-0.728731,0.955686,0.955686,-0.952298,-0.952298,0.678616,0.678616,-0.675935,-0.675935,0.322638,-0.321583,0,0,0,0,0,0,0,0,0,0,0,0,0,0,0,0,0,0,0,0,0,0,0,0,0,0,0,0,0,0,0,0,0,0,0,0
-330,0,0,0,0,0,0,0.336078,-0.335748,0.70472,-0.703407,0.957858,0.957858,-0.955332,-0.955332,0.705934,0.705934,-0.702972,-0.702972,0.337325,-0.335939,0,0,0,0,0,0,0,0,0,0,0,0,0,0,0,0,0,0,0,0,0,0,0,0,0,0,0,0,0,0,0,0,0,0,0,0
-326,0,0,0,0,0,0,0.32184,-0.321084,0.677561,-0.676137,0.954648,0.954648,-0.953144,-0.953144,0.731033,0.731033,-0.727866,-0.727866,0.353594,-0.351543,0.019453,-0.019591,0,0,0,0,0,0,0,0,0,0,0,0,0,0,0,0,0,0,0,0,0,0,0,0,0,0,0,0,0,0,0,0,0,0
-323,0,0,0,0,0,0,0.312071,-0.311128,0.657017,-0.655254,0.950021,0.950021,-0.949359,-0.949359,0.749708,0.749708,-0.746307,-0.746307,0.366931,-0.364613,0.038026,-0.038191,0,0,0,0,0,0,0,0,0,0,0,0,0,0,0,0,0,0,0,0,0,0,0,0,0,0,0,0,0,0,0,0,0,0
-319,0,0,0,0,0,0,0.299246,-0.298126,0.629156,-0.627218,0.941599,0.941599,-0.941432,-0.941432,0.773665,0.773665,-0.770026,-0.770026,0.386426,-0.383811,0.066636,-0.06712,0,0,0,0,0,0,0,0,0,0,0,0,0,0,0,0,0,0,0,0,0,0,0,0,0,0,0,0,0,0,0,0,0,0
-315,0,0,0,0,0,0,0.286149,-0.284563,0.6012,-0.599172,0.930438,0.930438,-0.930921,-0.930921,0.796656,0.796656,-0.792613,-0.792613,0.407575,-0.404819,0.098276,-0.098885,0,0,0,0,0,0,0,0,0,0,0,0,0,0,0,0,0,0,0,0,0,0,0,0,0,0,0,0,0,0,0,0,0,0
-311,0,0,0,0,0,0,0.271394,-0.269611,0.572953,-0.570923,0.916992,0.916992,-0.917806,-0.917806,0.818729,0.818729,-0.815017,-0.815017,0.430347,-0.427151,0.131288,-0.13187,0,0,0,0,0,0,0,0,0,0,0,0,0,0,0,0,0,0,0,0,0,0,0,0,0,0,0,0,0,0,0,0,0,0
-308,0,0,0,0,0,0,0.258928,-0.256855,0.552012,-0.550039,0.9056,0.9056,-0.906542,-0.906542,0.834694,0.834694,-0.831001,-0.831001,0.448223,-0.444954,0.155915,-0.156434,0,0,0,0,0,0,0,0,0,0,0,0,0,0,0,0,0,0,0,0,0,0,0,0,0,0,0,0,0,0,0,0,0,0
-304,0,0,0,0,0,0,0.239497,-0.237133,0.524351,-0.522594,0.88894,0.88894,-0.889888,-0.889888,0.854843,0.854843,-0.85133,-0.85133,0.47301,-0.469761,0.187346,-0.187487,0,0,0,0,0,0,0,0,0,0,0,0,0,0,0,0,0,0,0,0,0,0,0,0,0,0,0,0,0,0,0,0,0,0
-300,0,0,0,0,0,0,0.216004,-0.213572,0.497249,-0.495982,0.871065,0.871065,-0.871406,-0.871406,0.874051,0.874051,-0.870533,-0.870533,0.498672,-0.495803,0.215489,-0.215212,0,0,0,0,0,0,0,0,0,0,0,0,0,0,0,0,0,0,0,0,0,0,0,0,0,0,0,0,0,0,0,0,0,0
-296,0,0,0,0,0,0,0.187955,-0.185655,0.471028,-0.470465,0.852374,0.852374,-0.851837,-0.851837,0.892185,0.892185,-0.888669,-0.888669,0.525147,-0.522853,0.239295,-0.238271,0,0,0,0,0,0,0,0,0,0,0,0,0,0,0,0,0,0,0,0,0,0,0,0,0,0,0,0,0,0,0,0,0,0
-293,0,0,0,0,0,0,0.164636,-0.162543,0.451996,-0.452083,0.837715,0.837715,-0.836352,-0.836352,0.904833,0.904833,-0.901268,-0.901268,0.545353,-0.54365,0.254503,-0.252867,0,0,0,0,0,0,0,0,0,0,0,0,0,0,0,0,0,0,0,0,0,0,0,0,0,0,0,0,0,0,0,0,0,0
-289,0,0,0,0,0,0,0.132007,-0.130089,0.427795,-0.428707,0.8173,0.8173,-0.814879,-0.814879,0.919973,0.919973,-0.916693,-0.916693,0.572627,-0.571623,0.272124,-0.269296,0,0,0,0,0,0,0,0,0,0,0,0,0,0,0,0,0,0,0,0,0,0,0,0,0,0,0,0,0,0,0,0,0,0
-285,0,0,0,0,0,0,0.098882,-0.097277,0.404796,-0.406786,0.79606,0.79606,-0.792321,-0.792321,0.933151,0.933151,-0.929972,-0.929972,0.600107,-0.599896,0.287348,-0.283437,0,0,0,0,0,0,0,0,0,0,0,0,0,0,0,0,0,0,0,0,0,0,0,0,0,0,0,0,0,0,0,0,0,0
-281,0,0,0,0,0,0,0.067082,-0.065977,0.383849,-0.386248,0.773696,0.773696,-0.769159,-0.769159,0.943621,0.943621,-0.940852,-0.940852,0.627707,-0.628164,0.301197,-0.296221,0,0,0,0,0,0,0,0,0,0,0,0,0,0,0,0,0,0,0,0,0,0,0,0,0,0,0,0,0,0,0,0,0,0
-278,0,0,0,0,0,0,0.045107,-0.044332,0.368917,-0.371932,0.756206,0.756206,-0.751004,-0.751004,0.94991,0.94991,-0.947178,-0.947178,0.648395,-0.649276,0.311142,-0.305561,0,0,0,0,0,0,0,0,0,0,0,0,0,0,0,0,0,0,0,0,0,0,0,0,0,0,0,0,0,0,0,0,0,0
-274,0,0,0,0,0,0,0.019525,-0.019267,0.351009,-0.354416,0.732193,0.732193,-0.726441,-0.726441,0.955797,0.955797,-0.953013,-0.953013,0.675756,-0.677074,0.324659,-0.31852,0,0,0,0,0,0,0,0,0,0,0,0,0,0,0,0,0,0,0,0,0,0,0,0,0,0,0,0,0,0,0,0,0,0
-270,0,0,0,0,0,0,0,0,0.335305,-0.338553,0.707132,0.707132,-0.701265,-0.701265,0.958258,0.958258,-0.955876,-0.955876,0.703014,-0.704402,0.339381,-0.332934,0,0,0,0,0,0,0,0,0,0,0,0,0,0,0,0,0,0,0,0,0,0,0,0,0,0,0,0,0,0,0,0,0,0
-266,0,0,0,0,0,0,0,0,0.321062,-0.323783,0.679593,0.679593,-0.674166,-0.674166,0.955311,0.955311,-0.953225,-0.953225,0.728456,-0.729571,0.355279,-0.348981,0.019713,-0.019449,0,0,0,0,0,0,0,0,0,0,0,0,0,0,0,0,0,0,0,0,0,0,0,0,0,0,0,0,0,0,0,0
-263,0,0,0,0,0,0,0,0,0.311419,-0.313351,0.658539,0.658539,-0.653666,-0.653666,0.950977,0.950977,-0.9493,-0.9493,0.74716,-0.747893,0.368503,-0.362553,0.038466,-0.037975,0,0,0,0,0,0,0,0,0,0,0,0,0,0,0,0,0,0,0,0,0,0,0,0,0,0,0,0,0,0,0,0
-259,0,0,0,0,0,0,0,0,0.298955,-0.299727,0.629962,0.629962,-0.626073,-0.626073,0.942527,0.942527,-0.941236,-0.941236,0.771475,-0.771512,0.387651,-0.382396,0.067393,-0.06664,0,0,0,0,0,0,0,0,0,0,0,0,0,0,0,0,0,0,0,0,0,0,0,0,0,0,0,0,0,0,0,0
-255,0,0,0,0,0,0,0,0,0.286198,-0.285407,0.601178,0.601178,-0.598257,-0.598257,0.931311,0.931311,-0.930608,-0.930608,0.794969,-0.794193,0.408505,-0.40397,0.099211,-0.0982,0,0,0,0,0,0,0,0,0,0,0,0,0,0,0,0,0,0,0,0,0,0,0,0,0,0,0,0,0,0,0,0
-251,0,0,0,0,0,0,0,0,0.271876,-0.269844,0.572452,0.572452,-0.570476,-0.570476,0.917738,0.917738,-0.917475,-0.917475,0.817772,-0.815872,0.430819,-0.42707,0.13227,-0.131311,0,0,0,0,0,0,0,0,0,0,0,0,0,0,0,0,0,0,0,0,0,0,0,0,0,0,0,0,0,0,0,0
-248,0,0,0,0,0,0,0,0,0.259701,-0.25663,0.551143,0.551143,-0.54967,-0.54967,0.906098,0.906098,-0.906429,-0.906429,0.834146,-0.831571,0.448573,-0.445228,0.156833,-0.155945,0,0,0,0,0,0,0,0,0,0,0,0,0,0,0,0,0,0,0,0,0,0,0,0,0,0,0,0,0,0,0,0
-244,0,0,0,0,0,0,0,0,0.240533,-0.236416,0.523212,0.523212,-0.522201,-0.522201,0.888963,0.888963,-0.889999,-0.889999,0.854925,-0.851511,0.473309,-0.470295,0.187946,-0.187372,0,0,0,0,0,0,0,0,0,0,0,0,0,0,0,0,0,0,0,0,0,0,0,0,0,0,0,0,0,0,0,0
-240,0,0,0,0,0,0,0,0,0.217245,-0.21243,0.496295,0.496295,-0.495235,-0.495235,0.870351,0.870351,-0.872247,-0.872247,0.874516,-0.870347,0.499238,-0.496085,0.21554,-0.215634,0,0,0,0,0,0,0,0,0,0,0,0,0,0,0,0,0,0,0,0,0,0,0,0,0,0,0,0,0,0,0,0
-236,0,0,0,0,0,0,0,0,0.189266,-0.184321,0.470717,0.470717,-0.469087,-0.469087,0.850774,0.850774,-0.853616,-0.853616,0.89292,-0.888198,0.526248,-0.52247,0.238443,-0.239534,0,0,0,0,0,0,0,0,0,0,0,0,0,0,0,0,0,0,0,0,0,0,0,0,0,0,0,0,0,0,0,0
-233,0,0,0,0,0,0,0,0,0.165952,-0.161151,0.452459,0.452459,-0.450056,-0.450056,0.83534,0.83534,-0.838998,-0.838998,0.905617,-0.900709,0.547037,-0.542526,0.252839,-0.254875,0,0,0,0,0,0,0,0,0,0,0,0,0,0,0,0,0,0,0,0,0,0,0,0,0,0,0,0,0,0,0,0
-229,0,0,0,0,0,0,0,0,0.133086,-0.128892,0.429455,0.429455,-0.425532,-0.425532,0.813913,0.813913,-0.818817,-0.818817,0.92104,-0.91579,0.57519,-0.569388,0.269033,-0.272544,0,0,0,0,0,0,0,0,0,0,0,0,0,0,0,0,0,0,0,0,0,0,0,0,0,0,0,0,0,0,0,0
-225,0,0,0,0,0,0,0,0,0.099765,-0.096353,0.407876,0.407876,-0.40266,-0.40266,0.791827,0.791827,-0.797324,-0.797324,0.934075,-0.928875,0.603617,-0.596463,0.283038,-0.287792,0,0,0,0,0,0,0,0,0,0,0,0,0,0,0,0,0,0,0,0,0,0,0,0,0,0,0,0,0,0,0,0
-221,0,0,0,0,0,0,0,0,0.067686,-0.06523,0.387903,0.387903,-0.381203,-0.381203,0.768605,0.768605,-0.77503,-0.77503,0.945047,-0.939844,0.631651,-0.623533,0.295756,-0.301432,0,0,0,0,0,0,0,0,0,0,0,0,0,0,0,0,0,0,0,0,0,0,0,0,0,0,0,0,0,0,0,0
-218,0,0,0,0,0,0,0,0,0.045541,-0.043804,0.374091,0.374091,-0.366222,-0.366222,0.7508,0.7508,-0.757697,-0.757697,0.950712,-0.946139,0.653326,-0.643875,0.304907,-0.31148,0,0,0,0,0,0,0,0,0,0,0,0,0,0,0,0,0,0,0,0,0,0,0,0,0,0,0,0,0,0,0,0
-214,0,0,0,0,0,0,0,0,0.019773,-0.019006,0.357075,0.357075,-0.347982,-0.347982,0.726395,0.726395,-0.733704,-0.733704,0.956417,-0.952305,0.681257,-0.670759,0.317775,-0.324918,0,0,0,0,0,0,0,0,0,0,0,0,0,0,0,0,0,0,0,0,0,0,0,0,0,0,0,0,0,0,0,0
-210,0,0,0,0,0,0,0,0,0,0,0.34184,0.34184,-0.331916,-0.331916,0.701563,0.701563,-0.708763,-0.708763,0.958552,-0.955293,0.708757,-0.697602,0.332185,-0.339414,0,0,0,0,0,0,0,0,0,0,0,0,0,0,0,0,0,0,0,0,0,0,0,0,0,0,0,0,0,0,0,0
-206,0,0,0,0,0,0,0,0,0,0,0.327497,0.327497,-0.317334,-0.317334,0.674469,0.674469,-0.681402,-0.681402,0.955348,-0.953101,0.733969,-0.722769,0.348431,-0.354952,0.019459,0.019459,-0.0195,-0.0195,0,0,0,0,0,0,0,0,0,0,0,0,0,0,0,0,0,0,0,0,0,0,0,0,0,0,0,0
-203,0,0,0,0,0,0,0,0,0,0,0.317562,0.317562,-0.30732,-0.30732,0.654054,0.654054,-0.660451,-0.660451,0.950834,-0.94939,0.752356,-0.741313,0.362156,-0.367865,0.038108,0.038108,-0.038132,-0.038132,0,0,0,0,0,0,0,0,0,0,0,0,0,0,0,0,0,0,0,0,0,0,0,0,0,0,0,0
-199,0,0,0,0,0,0,0,0,0,0,0.304282,0.304282,-0.294517,-0.294517,0.626408,0.626408,-0.631859,-0.631859,0.942213,-0.941742,0.776049,-0.765633,0.382259,-0.386584,0.066696,0.066696,-0.066955,-0.066955,0,0,0,0,0,0,0,0,0,0,0,0,0,0,0,0,0,0,0,0,0,0,0,0,0,0,0,0
-195,0,0,0,0,0,0,0,0,0,0,0.29053,0.29053,-0.281194,-0.281194,0.598591,0.598591,-0.602952,-0.602952,0.930949,-0.931463,0.798662,-0.789136,0.404271,-0.406953,0.098244,0.098244,-0.098775,-0.098775,0,0,0,0,0,0,0,0,0,0,0,0,0,0,0,0,0,0,0,0,0,0,0,0,0,0,0,0
-191,0,0,0,0,0,0,0,0,0,0,0.275106,0.275106,-0.266685,-0.266685,0.57102,0.57102,-0.573853,-0.573853,0.917216,-0.91856,0.820411,-0.812083,0.427817,-0.428817,0.131179,0.131179,-0.13183,-0.13183,0,0,0,0,0,0,0,0,0,0,0,0,0,0,0,0,0,0,0,0,0,0,0,0,0,0,0,0
-188,0,0,0,0,0,0,0,0,0,0,0.262064,0.262064,-0.25426,-0.25426,0.550521,0.550521,-0.552239,-0.552239,0.905568,-0.907511,0.836113,-0.828608,0.446399,-0.446186,0.155635,0.155635,-0.156563,-0.156563,0,0,0,0,0,0,0,0,0,0,0,0,0,0,0,0,0,0,0,0,0,0,0,0,0,0,0,0
-184,0,0,0,0,0,0,0,0,0,0,0.241867,0.241867,-0.23499,-0.23499,0.52347,0.52347,-0.523745,-0.523745,0.888506,-0.891038,0.855873,-0.849661,0.472131,-0.470339,0.186723,0.186723,-0.187938,-0.187938,0,0,0,0,0,0,0,0,0,0,0,0,0,0,0,0,0,0,0,0,0,0,0,0,0,0,0,0
-180,0,0,0,0,0,0,0,0,0,0,0.217768,0.217768,-0.21179,-0.21179,0.497,0.497,-0.496077,-0.496077,0.87018,-0.872981,0.874693,-0.869462,0.498729,-0.495692,0.214526,0.214526,-0.216054,-0.216054,0,0,0,0,0,0,0,0,0,0,0,0,0,0,0,0,0,0,0,0,0,0,0,0,0,0,0,0
-176,0,0,0,0,0,0,0,0,0,0,0.189205,0.189205,-0.184244,-0.184244,0.471395,0.471395,-0.469649,-0.469649,0.851023,-0.853715,0.892632,-0.887974,0.526036,-0.522145,0.237854,0.237854,-0.239718,-0.239718,0,0,0,0,0,0,0,0,0,0,0,0,0,0,0,0,0,0,0,0,0,0,0,0,0,0,0,0
-173,0,0,0,0,0,0,0,0,0,0,0.165581,0.165581,-0.161366,-0.161366,0.45282,0.45282,-0.450641,-0.450641,0.836026,-0.838396,0.905177,-0.900728,0.546784,-0.542547,0.252717,0.252717,-0.254791,-0.254791,0,0,0,0,0,0,0,0,0,0,0,0,0,0,0,0,0,0,0,0,0,0,0,0,0,0,0,0
-169,0,0,0,0,0,0,0,0,0,0,0.132591,0.132591,-0.129192,-0.129192,0.429094,0.429094,-0.426526,-0.426526,0.815157,-0.817244,0.920383,-0.916082,0.574761,-0.570127,0.269704,0.269704,-0.271987,-0.271987,0,0,0,0,0,0,0,0,0,0,0,0,0,0,0,0,0,0,0,0,0,0,0,0,0,0,0,0
-165,0,0,0,0,0,0,0,0,0,0,0.099335,0.099335,-0.096713,-0.096713,0.406757,0.406757,-0.403969,-0.403969,0.79339,-0.794949,0.933469,-0.929464,0.602769,-0.598005,0.284492,0.284492,-0.286684,-0.286684,0,0,0,0,0,0,0,0,0,0,0,0,0,0,0,0,0,0,0,0,0,0,0,0,0,0,0,0
-161,0,0,0,0,0,0,0,0,0,0,0.067251,0.067251,-0.06551,-0.06551,0.385755,0.385755,-0.383307,-0.383307,0.771031,-0.771964,0.944373,-0.939797,0.630757,-0.626167,0.297534,0.297534,-0.299839,-0.299839,0,0,0,0,0,0,0,0,0,0,0,0,0,0,0,0,0,0,0,0,0,0,0,0,0,0,0,0
-158,0,0,0,0,0,0,0,0,0,0,0.045308,0.045308,-0.044045,-0.044045,0.370871,0.370871,-0.368877,-0.368877,0.753425,-0.753709,0.950632,-0.946073,0.6516,-0.647098,0.307637,0.307637,-0.309573,-0.309573,0,0,0,0,0,0,0,0,0,0,0,0,0,0,0,0,0,0,0,0,0,0,0,0,0,0,0,0
-154,0,0,0,0,0,0,0,0,0,0,0.019652,0.019652,-0.019137,-0.019137,0.352863,0.352863,-0.351446,-0.351446,0.729344,-0.728915,0.956787,-0.951786,0.678915,-0.674946,0.321116,0.321116,-0.322568,-0.322568,0,0,0,0,0,0,0,0,0,0,0,0,0,0,0,0,0,0,0,0,0,0,0,0,0,0,0,0
-150,0,0,0,0,0,0,0,0,0,0,0,0,0,0,0.336726,0.336726,-0.336111,-0.336111,0.704609,-0.703445,0.959638,-0.954168,0.705855,-0.702477,0.335968,0.335968,-0.336774,-0.336774,0,0,0,0,0,0,0,0,0,0,0,0,0,0,0,0,0,0,0,0,0,0,0,0,0,0,0,0
-146,0,0,0,0,0,0,0,0,0,0,0,0,0,0,0.321828,0.321828,-0.32211,-0.32211,0.677655,-0.675912,0.956899,-0.95139,0.730493,-0.728207,0.352205,0.352205,-0.352267,-0.352267,0.019988,-0.019009,0,0,0,0,0,0,0,0,0,0,0,0,0,0,0,0,0,0,0,0,0,0,0,0,0,0
-143,0,0,0,0,0,0,0,0,0,0,0,0,0,0,0.311519,0.311519,-0.312432,-0.312432,0.657123,-0.654975,0.952722,-0.947282,0.748518,-0.747157,0.365783,0.365783,-0.365321,-0.365321,0.039027,-0.037152,0,0,0,0,0,0,0,0,0,0,0,0,0,0,0,0,0,0,0,0,0,0,0,0,0,0
-139,0,0,0,0,0,0,0,0,0,0,0,0,0,0,0.297923,0.297923,-0.299948,-0.299948,0.629307,-0.626825,0.945047,-0.938938,0.771635,-0.771455,0.385283,0.385283,-0.3844,-0.3844,0.068404,-0.065445,0,0,0,0,0,0,0,0,0,0,0,0,0,0,0,0,0,0,0,0,0,0,0,0,0,0
-135,0,0,0,0,0,0,0,0,0,0,0,0,0,0,0.284231,0.284231,-0.286919,-0.286919,0.601443,-0.598289,0.933842,-0.928005,0.794118,-0.795378,0.406759,0.406759,-0.405225,-0.405225,0.100643,-0.09624,0,0,0,0,0,0,0,0,0,0,0,0,0,0,0,0,0,0,0,0,0,0,0,0,0,0
-131,0,0,0,0,0,0,0,0,0,0,0,0,0,0,0.269039,0.269039,-0.272358,-0.272358,0.573376,-0.569966,0.920661,-0.914668,0.815558,-0.818095,0.429666,0.429666,-0.427797,-0.427797,0.134229,-0.128626,0,0,0,0,0,0,0,0,0,0,0,0,0,0,0,0,0,0,0,0,0,0,0,0,0,0
-128,0,0,0,0,0,0,0,0,0,0,0,0,0,0,0.256266,0.256266,-0.259922,-0.259922,0.552487,-0.549017,0.909379,-0.903233,0.831214,-0.83452,0.447489,0.447489,-0.445601,-0.445601,0.159207,-0.152781,0,0,0,0,0,0,0,0,0,0,0,0,0,0,0,0,0,0,0,0,0,0,0,0,0,0
-124,0,0,0,0,0,0,0,0,0,0,0,0,0,0,0.236608,0.236608,-0.240355,-0.240355,0.524917,-0.521368,0.892618,-0.886502,0.851088,-0.855195,0.472318,0.472318,-0.470554,-0.470554,0.190957,-0.183451,0,0,0,0,0,0,0,0,0,0,0,0,0,0,0,0,0,0,0,0,0,0,0,0,0,0
-120,0,0,0,0,0,0,0,0,0,0,0,0,0,0,0.212987,0.212987,-0.21681,-0.21681,0.497672,-0.494717,0.874737,-0.867926,0.870274,-0.874542,0.497919,0.497919,-0.496723,-0.496723,0.219202,-0.211102,0,0,0,0,0,0,0,0,0,0,0,0,0,0,0,0,0,0,0,0,0,0,0,0,0,0
-116,0,0,0,0,0,0,0,0,0,0,0,0,0,0,0.18512,0.18512,-0.188671,-0.188671,0.471327,-0.469253,0.855822,-0.848469,0.888656,-0.89253,0.524363,0.524363,-0.523991,-0.523991,0.242868,-0.234394,0,0,0,0,0,0,0,0,0,0,0,0,0,0,0,0,0,0,0,0,0,0,0,0,0,0
-113,0,0,0,0,0,0,0,0,0,0,0,0,0,0,0.162,0.162,-0.16528,-0.16528,0.452095,-0.450991,0.840912,-0.833048,0.901692,-0.904836,0.544513,0.544513,-0.544925,-0.544925,0.257792,-0.24929,0,0,0,0,0,0,0,0,0,0,0,0,0,0,0,0,0,0,0,0,0,0,0,0,0,0
-109,0,0,0,0,0,0,0,0,0,0,0,0,0,0,0.129812,0.129812,-0.132457,-0.132457,0.427592,-0.427792,0.820108,-0.811869,0.917495,-0.919575,0.571726,0.571726,-0.573113,-0.573113,0.274939,-0.266407,0,0,0,0,0,0,0,0,0,0,0,0,0,0,0,0,0,0,0,0,0,0,0,0,0,0
-105,0,0,0,0,0,0,0,0,0,0,0,0,0,0,0.097188,0.097188,-0.099165,-0.099165,0.404406,-0.406038,0.798316,-0.789647,0.931356,-0.932054,0.599364,0.599364,-0.601628,-0.601628,0.28957,-0.281219,0,0,0,0,0,0,0,0,0,0,0,0,0,0,0,0,0,0,0,0,0,0,0,0,0,0
-101,0,0,0,0,0,0,0,0,0,0,0,0,0,0,0.065911,0.065911,-0.067251,-0.067251,0.382812,-0.385875,0.775556,-0.766692,0.942775,-0.942107,0.627013,0.627013,-0.630036,-0.630036,0.302802,-0.294672,0,0,0,0,0,0,0,0,0,0,0,0,0,0,0,0,0,0,0,0,0,0,0,0,0,0
-98,0,0,0,0,0,0,0,0,0,0,0,0,0,0,0.044279,0.044279,-0.045241,-0.045241,0.367753,-0.371805,0.757784,-0.749005,0.949586,-0.94759,0.647707,0.647707,-0.651215,-0.651215,0.312286,-0.304552,0,0,0,0,0,0,0,0,0,0,0,0,0,0,0,0,0,0,0,0,0,0,0,0,0,0
-94,0,0,0,0,0,0,0,0,0,0,0,0,0,0,0.019083,0.019083,-0.019699,-0.019699,0.34935,-0.354561,0.733222,-0.724576,0.95634,-0.952831,0.675192,0.675192,-0.679027,-0.679027,0.325275,-0.318168,0,0,0,0,0,0,0,0,0,0,0,0,0,0,0,0,0,0,0,0,0,0,0,0,0,0
-90,0,0,0,0,0,0,0,0,0,0,0,0,0,0,0,0,0,0,0.333454,-0.338931,0.707747,-0.699763,0.959189,-0.955102,0.702709,0.702709,-0.706126,-0.706126,0.339477,-0.333164,0,0,0,0,0,0,0,0,0,0,0,0,0,0,0,0,0,0,0,0,0,0,0,0,0,0
-86,0,0,0,0,0,0,0,0,0,0,0,0,0,0,0,0,0,0,0.319176,-0.324217,0.680006,-0.672769,0.9564,-0.952259,0.728407,0.728407,-0.731033,-0.731033,0.355095,-0.349581,0.019593,-0.019626,0,0,0,0,0,0,0,0,0,0,0,0,0,0,0,0,0,0,0,0,0,0,0,0
-83,0,0,0,0,0,0,0,0,0,0,0,0,0,0,0,0,0,0,0.309342,-0.313941,0.658998,-0.652543,0.952358,-0.947847,0.747249,0.747249,-0.749158,-0.749158,0.368023,-0.363302,0.038251,-0.038462,0,0,0,0,0,0,0,0,0,0,0,0,0,0,0,0,0,0,0,0,0,0,0,0
-79,0,0,0,0,0,0,0,0,0,0,0,0,0,0,0,0,0,0,0.296927,-0.300374,0.630148,-0.624923,0.94407,-0.939712,0.771875,0.771875,-0.772515,-0.772515,0.387083,-0.383271,0.066837,-0.067471,0,0,0,0,0,0,0,0,0,0,0,0,0,0,0,0,0,0,0,0,0,0,0,0
-75,0,0,0,0,0,0,0,0,0,0,0,0,0,0,0,0,0,0,0.2841,-0.286205,0.601261,-0.59724,0.932837,-0.928931,0.795727,0.795727,-0.794953,-0.794953,0.407778,-0.404977,0.09851,-0.099452,0,0,0,0,0,0,0,0,0,0,0,0,0,0,0,0,0,0,0,0,0,0,0,0
-71,0,0,0,0,0,0,0,0,0,0,0,0,0,0,0,0,0,0,0.269874,-0.270633,0.57238,-0.569591,0.91927,-0.915786,0.81862,0.81862,-0.816386,-0.816386,0.43005,-0.428202,0.131437,-0.132798,0,0,0,0,0,0,0,0,0,0,0,0,0,0,0,0,0,0,0,0,0,0,0,0
-68,0,0,0,0,0,0,0,0,0,0,0,0,0,0,0,0,0,0,0.257766,-0.257424,0.550994,-0.548907,0.907524,-0.9047,0.835116,0.835116,-0.831945,-0.831945,0.447784,-0.446435,0.155991,-0.157583,0,0,0,0,0,0,0,0,0,0,0,0,0,0,0,0,0,0,0,0,0,0,0,0
-64,0,0,0,0,0,0,0,0,0,0,0,0,0,0,0,0,0,0,0.238774,-0.237176,0.522896,-0.521689,0.890298,-0.888161,0.856015,0.856015,-0.851727,-0.851727,0.472396,-0.471617,0.18724,-0.189122,0,0,0,0,0,0,0,0,0,0,0,0,0,0,0,0,0,0,0,0,0,0,0,0
-60,0,0,0,0,0,0,0,0,0,0,0,0,0,0,0,0,0,0,0.215589,-0.213211,0.495687,-0.494998,0.871761,-0.870247,0.875646,0.875646,-0.870503,-0.870503,0.498168,-0.497664,0.215166,-0.217296,0,0,0,0,0,0,0,0,0,0,0,0,0,0,0,0,0,0,0,0,0,0,0,0
-56,0,0,0,0,0,0,0,0,0,0,0,0,0,0,0,0,0,0,0.187837,-0.185035,0.469776,-0.46917,0.852282,-0.851331,0.893849,0.893849,-0.88851,-0.88851,0.524967,-0.524432,0.238665,-0.24089,0,0,0,0,0,0,0,0,0,0,0,0,0,0,0,0,0,0,0,0,0,0,0,0
-53,0,0,0,0,0,0,0,0,0,0,0,0,0,0,0,0,0,0,0.1647,-0.161812,0.451174,-0.450403,0.836951,-0.836441,0.906359,0.906359,-0.901128,-0.901128,0.545549,-0.544771,0.253631,-0.255846,0,0,0,0,0,0,0,0,0,0,0,0,0,0,0,0,0,0,0,0,0,0,0,0
-49,0,0,0,0,0,0,0,0,0,0,0,0,0,0,0,0,0,0,0.132003,-0.129456,0.427601,-0.426529,0.815933,-0.815602,0.921363,0.921363,-0.916456,-0.916456,0.573367,-0.572258,0.270698,-0.272951,0,0,0,0,0,0,0,0,0,0,0,0,0,0,0,0,0,0,0,0,0,0,0,0
-45,0,0,0,0,0,0,0,0,0,0,0,0,0,0,0,0,0,0,0.098978,-0.096842,0.405587,-0.404011,0.793935,-0.793769,0.934318,0.934318,-0.929721,-0.929721,0.601308,-0.599974,0.285484,-0.287582,0,0,0,0,0,0,0,0,0,0,0,0,0,0,0,0,0,0,0,0,0,0,0,0
-41,0,0,0,0,0,0,0,0,0,0,0,0,0,0,0,0,0,0,0.067167,-0.065606,0.384993,-0.383038,0.771286,-0.771012,0.944565,0.944565,-0.94077,-0.94077,0.629367,-0.627666,0.298857,-0.300891,0,0,0,0,0,0,0,0,0,0,0,0,0,0,0,0,0,0,0,0,0,0,0,0
-38,0,0,0,0,0,0,0,0,0,0,0,0,0,0,0,0,0,0,0.045134,-0.044072,0.370661,-0.36854,0.753657,-0.753281,0.950571,0.950571,-0.947138,-0.947138,0.650196,-0.6484,0.30859,-0.310419,0,0,0,0,0,0,0,0,0,0,0,0,0,0,0,0,0,0,0,0,0,0,0,0
-34,0,0,0,0,0,0,0,0,0,0,0,0,0,0,0,0,0,0,0.019587,-0.019153,0.353035,-0.350992,0.729718,-0.728914,0.956146,0.956146,-0.953095,-0.953095,0.677665,-0.675917,0.321919,-0.323481,0,0,0,0,0,0,0,0,0,0,0,0,0,0,0,0,0,0,0,0,0,0,0,0
-30,0,0,0,0,0,0,0,0,0,0,0,0,0,0,0,0,0,0,0,0,0.337177,-0.335583,0.704944,-0.703664,0.958789,0.958789,-0.955689,-0.955689,0.70451,-0.703352,0.336659,-0.337757,0,0,0,0,0,0,0,0,0,0,0,0,0,0,0,0,0,0,0,0,0,0,0,0
-26,0,0,0,0,0,0,0,0,0,0,0,0,0,0,0,0,0,0,0,0,0.322264,-0.321744,0.678182,-0.676203,0.95614,0.95614,-0.952751,-0.952751,0.729098,-0.729015,0.352759,-0.353438,0.019975,0.019975,-0.019159,-0.019159,0,0,0,0,0,0,0,0,0,0,0,0,0,0,0,0,0,0,0,0
-23,0,0,0,0,0,0,0,0,0,0,0,0,0,0,0,0,0,0,0,0,0.311806,-0.312344,0.657723,-0.65524,0.952335,0.952335,-0.948408,-0.948408,0.746929,-0.747936,0.366139,-0.366599,0.038997,0.038997,-0.037387,-0.037387,0,0,0,0,0,0,0,0,0,0,0,0,0,0,0,0,0,0,0,0
-19,0,0,0,0,0,0,0,0,0,0,0,0,0,0,0,0,0,0,0,0,0.298018,-0.300273,0.630165,-0.626957,0.944546,0.944546,-0.93979,-0.93979,0.769965,-0.77266,0.385649,-0.385836,0.068374,0.068374,-0.065541,-0.065541,0,0,0,0,0,0,0,0,0,0,0,0,0,0,0,0,0,0,0,0
-15,0,0,0,0,0,0,0,0,0,0,0,0,0,0,0,0,0,0,0,0,0.283679,-0.287762,0.602337,-0.598449,0.934283,0.934283,-0.928328,-0.928328,0.792019,-0.796538,0.406743,-0.406794,0.100781,0.100781,-0.096596,-0.096596,0,0,0,0,0,0,0,0,0,0,0,0,0,0,0,0,0,0,0,0
-11,0,0,0,0,0,0,0,0,0,0,0,0,0,0,0,0,0,0,0,0,0.267939,-0.273776,0.574366,-0.570203,0.921701,0.921701,-0.914433,-0.914433,0.813259,-0.819414,0.429285,-0.429491,0.134541,0.134541,-0.129021,-0.129021,0,0,0,0,0,0,0,0,0,0,0,0,0,0,0,0,0,0,0,0
-8,0,0,0,0,0,0,0,0,0,0,0,0,0,0,0,0,0,0,0,0,0.254713,-0.261729,0.55343,-0.549146,0.910908,0.910908,-0.902697,-0.902697,0.828614,-0.835943,0.447113,-0.447501,0.159686,0.159686,-0.153111,-0.153111,0,0,0,0,0,0,0,0,0,0,0,0,0,0,0,0,0,0,0,0
-4,0,0,0,0,0,0,0,0,0,0,0,0,0,0,0,0,0,0,0,0,0.234566,-0.242666,0.525783,-0.521705,0.894768,0.894768,-0.885311,-0.885311,0.848161,-0.856952,0.471734,-0.472638,0.191728,0.191728,-0.183699,-0.183699,0,0,0,0,0,0,0,0,0,0,0,0,0,0,0,0,0,0,0,0
0,0,0,0,0,0,0,0,0,0,0,0,0,0,0,0,0,0,0,0,0,0.21066,-0.219375,0.498504,-0.495175,0.877281,0.877281,-0.866483,-0.866483,0.866944,-0.876499,0.497138,-0.499011,0.220354,0.220354,-0.211125,-0.211125,0,0,0,0,0,0,0,0,0,0,0,0,0,0,0,0,0,0,0,0
4,0,0,0,0,0,0,0,0,0,0,0,0,0,0,0,0,0,0,0,0,0.182701,-0.191289,0.471982,-0.469882,0.858643,0.858643,-0.846788,-0.846788,0.884971,-0.894722,0.523303,-0.526464,0.244467,0.244467,-0.2341,-0.2341,0,0,0,0,0,0,0,0,0,0,0,0,0,0,0,0,0,0,0,0
8,0,0,0,0,0,0,0,0,0,0,0,0,0,0,0,0,0,0,0,0,0.151876,-0.159638,0.44642,-0.446043,0.838969,0.838969,-0.826198,-0.826198,0.901726,-0.911182,0.549926,-0.554649,0.26444,0.26444,-0.253224,-0.253224,0,0,0,0,0,0,0,0,0,0,0,0,0,0,0,0,0,0,0,0
11,0,0,0,0,0,0,0,0,0,0,0,0,0,0,0,0,0,0,0,0,0.127658,-0.134703,0.427795,-0.428987,0.823368,0.823368,-0.80996,-0.80996,0.91333,-0.922028,0.570062,-0.576175,0.277209,0.277209,-0.265574,-0.265574,0,0,0,0,0,0,0,0,0,0,0,0,0,0,0,0,0,0,0,0
15,0,0,0,0,0,0,0,0,0,0,0,0,0,0,0,0,0,0,0,0,0.095517,-0.100963,0.404494,-0.407568,0.801631,0.801631,-0.787947,-0.787947,0.926798,-0.934759,0.597173,-0.604906,0.29221,0.29221,-0.279999,-0.279999,0,0,0,0,0,0,0,0,0,0,0,0,0,0,0,0,0,0,0,0
19,0,0,0,0,0,0,0,0,0,0,0,0,0,0,0,0,0,0,0,0,0.064371,-0.068359,0.382345,-0.387717,0.779118,0.779118,-0.765351,-0.765351,0.938925,-0.944513,0.623951,-0.63334,0.305053,0.305053,-0.293318,-0.293318,0,0,0,0,0,0,0,0,0,0,0,0,0,0,0,0,0,0,0,0
23,0,0,0,0,0,0,0,0,0,0,0,0,0,0,0,0,0,0,0,0,0.036765,-0.039147,0.362484,-0.369565,0.755335,0.755335,-0.741642,-0.741642,0.947094,-0.95188,0.651348,-0.662048,0.318357,0.318357,-0.306242,-0.306242,0,0,0,0,0,0,0,0,0,0,0,0,0,0,0,0,0,0,0,0
26,0,0,0,0,0,0,0,0,0,0,0,0,0,0,0,0,0,0,0,0,0.0188,-0.020066,0.348878,-0.35706,0.736728,0.736728,-0.723344,-0.723344,0.95176,-0.955499,0.671554,-0.682974,0.328058,0.328058,-0.316268,-0.316268,0,0,0,0,0,0,0,0,0,0,0,0,0,0,0,0,0,0,0,0
30,0,0,0,0,0,0,0,0,0,0,0,0,0,0,0,0,0,0,0,0,0,0,0.332711,-0.341799,0.711236,0.711236,-0.698861,-0.698861,0.95531,-0.957171,0.69829,-0.710381,0.341942,0.341942,-0.331062,-0.331062,0,0,0,0,0,0,0,0,0,0,0,0,0,0,0,0,0,0,0,0
34,0,0,0,0,0,0,0,0,0,0,0,0,0,0,0,0,0,0,0,0,0,0,0.318259,-0.327443,0.683592,0.683592,-0.672277,-0.672277,0.953521,-0.953691,0.723143,-0.73551,0.356827,0.356827,-0.347557,-0.347557,0.019875,-0.01898,0,0,0,0,0,0,0,0,0,0,0,0,0,0,0,0,0,0
38,0,0,0,0,0,0,0,0,0,0,0,0,0,0,0,0,0,0,0,0,0,0,0.305222,-0.31407,0.655437,0.655437,-0.645447,-0.645447,0.948332,-0.947197,0.747468,-0.759702,0.373461,0.373461,-0.366157,-0.366157,0.045672,-0.043661,0,0,0,0,0,0,0,0,0,0,0,0,0,0,0,0,0,0
41,0,0,0,0,0,0,0,0,0,0,0,0,0,0,0,0,0,0,0,0,0,0,0.295781,-0.304165,0.633955,0.633955,-0.625183,-0.625183,0.942608,-0.940481,0.765382,-0.777303,0.387117,0.387117,-0.3815,-0.3815,0.067936,-0.065085,0,0,0,0,0,0,0,0,0,0,0,0,0,0,0,0,0,0
45,0,0,0,0,0,0,0,0,0,0,0,0,0,0,0,0,0,0,0,0,0,0,0.282865,-0.290336,0.60503,0.60503,-0.597942,-0.597942,0.932331,-0.929293,0.788555,-0.799859,0.406814,0.406814,-0.403355,-0.403355,0.099987,-0.096079,0,0,0,0,0,0,0,0,0,0,0,0,0,0,0,0,0,0
49,0,0,0,0,0,0,0,0,0,0,0,0,0,0,0,0,0,0,0,0,0,0,0.268516,-0.275029,0.576189,0.576189,-0.570808,-0.570808,0.919506,-0.915887,0.811006,-0.821333,0.428142,0.428142,-0.426843,-0.426843,0.133285,-0.128507,0,0,0,0,0,0,0,0,0,0,0,0,0,0,0,0,0,0
53,0,0,0,0,0,0,0,0,0,0,0,0,0,0,0,0,0,0,0,0,0,0,0.251835,-0.257278,0.547642,0.547642,-0.543709,-0.543709,0.904384,-0.900487,0.832568,-0.841837,0.451026,0.451026,-0.451544,-0.451544,0.166063,-0.16076,0,0,0,0,0,0,0,0,0,0,0,0,0,0,0,0,0,0
56,0,0,0,0,0,0,0,0,0,0,0,0,0,0,0,0,0,0,0,0,0,0,0.237212,-0.241829,0.526558,0.526558,-0.523514,-0.523514,0.891745,-0.88799,0.84807,-0.856576,0.469189,0.469189,-0.470716,-0.470716,0.189313,-0.183906,0,0,0,0,0,0,0,0,0,0,0,0,0,0,0,0,0,0
60,0,0,0,0,0,0,0,0,0,0,0,0,0,0,0,0,0,0,0,0,0,0,0.214135,-0.217706,0.499358,0.499358,-0.496904,-0.496904,0.87321,-0.870247,0.867773,-0.875326,0.494648,0.494648,-0.496996,-0.496996,0.217089,-0.212047,0,0,0,0,0,0,0,0,0,0,0,0,0,0,0,0,0,0
64,0,0,0,0,0,0,0,0,0,0,0,0,0,0,0,0,0,0,0,0,0,0,0.186451,-0.189217,0.473323,0.473323,-0.470899,-0.470899,0.853404,-0.851615,0.886452,-0.893044,0.521481,0.521481,-0.523912,-0.523912,0.240083,-0.236115,0,0,0,0,0,0,0,0,0,0,0,0,0,0,0,0,0,0
68,0,0,0,0,0,0,0,0,0,0,0,0,0,0,0,0,0,0,0,0,0,0,0.155458,-0.157508,0.448711,0.448711,-0.445662,-0.445662,0.832256,-0.832115,0.903609,-0.909493,0.549331,0.549331,-0.551234,-0.551234,0.258874,-0.25648,0,0,0,0,0,0,0,0,0,0,0,0,0,0,0,0,0,0
71,0,0,0,0,0,0,0,0,0,0,0,0,0,0,0,0,0,0,0,0,0,0,0.130997,-0.132556,0.431086,0.431086,-0.427272,-0.427272,0.81558,-0.816821,0.915105,-0.920552,0.570756,0.570756,-0.571821,-0.571821,0.270736,-0.26987,0,0,0,0,0,0,0,0,0,0,0,0,0,0,0,0,0,0
75,0,0,0,0,0,0,0,0,0,0,0,0,0,0,0,0,0,0,0,0,0,0,0.098177,-0.099255,0.409022,0.409022,-0.404014,-0.404014,0.792513,-0.795581,0.928753,-0.933626,0.599406,0.599406,-0.599319,-0.599319,0.284605,-0.285662,0,0,0,0,0,0,0,0,0,0,0,0,0,0,0,0,0,0
79,0,0,0,0,0,0,0,0,0,0,0,0,0,0,0,0,0,0,0,0,0,0,0.066632,-0.067319,0.388582,0.388582,-0.382139,-0.382139,0.768472,-0.773429,0.939757,-0.944375,0.628268,0.628268,-0.626829,-0.626829,0.297004,-0.300114,0,0,0,0,0,0,0,0,0,0,0,0,0,0,0,0,0,0
83,0,0,0,0,0,0,0,0,0,0,0,0,0,0,0,0,0,0,0,0,0,0,0.037998,-0.038376,0.36987,0.36987,-0.361985,-0.361985,0.743698,-0.750374,0.947911,-0.952577,0.656994,0.656994,-0.654095,-0.654095,0.309069,-0.313995,0,0,0,0,0,0,0,0,0,0,0,0,0,0,0,0,0,0
86,0,0,0,0,0,0,0,0,0,0,0,0,0,0,0,0,0,0,0,0,0,0,0.019441,-0.019669,0.356995,0.356995,-0.348193,-0.348193,0.724671,-0.732371,0.9521,-0.95664,0.678122,0.678122,-0.67435,-0.67435,0.31846,-0.324637,0,0,0,0,0,0,0,0,0,0,0,0,0,0,0,0,0,0
90,0,0,0,0,0,0,0,0,0,0,0,0,0,0,0,0,0,0,0,0,0,0,0,0,0.341677,0.341677,-0.331638,-0.331638,0.698977,-0.707665,0.954605,-0.959557,0.705883,0.705883,-0.701139,-0.701139,0.332357,-0.339604,0,0,0,0,0,0,0,0,0,0,0,0,0,0,0,0,0,0
94,0,0,0,0,0,0,0,0,0,0,0,0,0,0,0,0,0,0,0,0,0,0,0,0,0.327465,0.327465,-0.316741,-0.316741,0.671529,-0.680612,0.951869,-0.957,0.731289,0.731289,-0.725873,-0.725873,0.347876,-0.355596,0.01917,-0.019695,0,0,0,0,0,0,0,0,0,0,0,0,0,0,0,0
98,0,0,0,0,0,0,0,0,0,0,0,0,0,0,0,0,0,0,0,0,0,0,0,0,0.314305,0.314305,-0.303221,-0.303221,0.644038,-0.652961,0.945638,-0.951388,0.755775,0.755775,-0.750017,-0.750017,0.365759,-0.373298,0.044134,-0.045333,0,0,0,0,0,0,0,0,0,0,0,0,0,0,0,0
101,0,0,0,0,0,0,0,0,0,0,0,0,0,0,0,0,0,0,0,0,0,0,0,0,0.304701,0.304701,-0.293551,-0.293551,0.623206,-0.6318,0.939053,-0.945395,0.773554,0.773554,-0.767968,-0.767968,0.380621,-0.387481,0.065632,-0.06745,0,0,0,0,0,0,0,0,0,0,0,0,0,0,0,0
105,0,0,0,0,0,0,0,0,0,0,0,0,0,0,0,0,0,0,0,0,0,0,0,0,0.291137,0.291137,-0.280312,-0.280312,0.595659,-0.603315,0.92792,-0.934917,0.796255,0.796255,-0.790978,-0.790978,0.402008,-0.407874,0.096723,-0.099481,0,0,0,0,0,0,0,0,0,0,0,0,0,0,0,0
109,0,0,0,0,0,0,0,0,0,0,0,0,0,0,0,0,0,0,0,0,0,0,0,0,0.276017,0.276017,-0.265859,-0.265859,0.568277,-0.574811,0.914369,-0.92198,0.817882,0.817882,-0.813216,-0.813216,0.425185,-0.429688,0.129068,-0.132849,0,0,0,0,0,0,0,0,0,0,0,0,0,0,0,0
113,0,0,0,0,0,0,0,0,0,0,0,0,0,0,0,0,0,0,0,0,0,0,0,0,0.25849,0.25849,-0.249158,-0.249158,0.541268,-0.54623,0.898602,-0.907169,0.838575,0.838575,-0.834597,-0.834597,0.449731,-0.452641,0.161083,-0.16594,0,0,0,0,0,0,0,0,0,0,0,0,0,0,0,0
116,0,0,0,0,0,0,0,0,0,0,0,0,0,0,0,0,0,0,0,0,0,0,0,0,0.243194,0.243194,-0.234504,-0.234504,0.52138,-0.525034,0.885588,-0.894885,0.853294,0.853294,-0.850121,-0.850121,0.469154,-0.470702,0.183878,-0.189506,0,0,0,0,0,0,0,0,0,0,0,0,0,0,0,0
120,0,0,0,0,0,0,0,0,0,0,0,0,0,0,0,0,0,0,0,0,0,0,0,0,0.219173,0.219173,-0.211481,-0.211481,0.495533,-0.497214,0.866944,-0.877133,0.871898,0.871898,-0.869876,-0.869876,0.495914,-0.49567,0.211308,-0.217972,0,0,0,0,0,0,0,0,0,0,0,0,0,0,0,0
124,0,0,0,0,0,0,0,0,0,0,0,0,0,0,0,0,0,0,0,0,0,0,0,0,0.190569,0.190569,-0.184101,-0.184101,0.47063,-0.470293,0.847277,-0.858335,0.889483,0.889483,-0.888624,-0.888624,0.52365,-0.521704,0.234298,-0.24199,0,0,0,0,0,0,0,0,0,0,0,0,0,0,0,0
128,0,0,0,0,0,0,0,0,0,0,0,0,0,0,0,0,0,0,0,0,0,0,0,0,0.158741,0.158741,-0.153422,-0.153422,0.446887,-0.444402,0.826608,-0.838417,0.90564,0.90564,-0.906085,-0.906085,0.551978,-0.548444,0.253392,-0.262004,0,0,0,0,0,0,0,0,0,0,0,0,0,0,0,0
131,0,0,0,0,0,0,0,0,0,0,0,0,0,0,0,0,0,0,0,0,0,0,0,0,0.133662,0.133662,-0.129272,-0.129272,0.429772,-0.425744,0.810422,-0.822669,0.916451,0.916451,-0.917848,-0.917848,0.573452,-0.568815,0.265681,-0.274903,0,0,0,0,0,0,0,0,0,0,0,0,0,0,0,0
135,0,0,0,0,0,0,0,0,0,0,0,0,0,0,0,0,0,0,0,0,0,0,0,0,0.100208,0.100208,-0.096716,-0.096716,0.408146,-0.402085,0.787918,-0.800786,0.929159,0.929159,-0.93188,-0.93188,0.60241,-0.596175,0.279916,-0.290117,0,0,0,0,0,0,0,0,0,0,0,0,0,0,0,0
139,0,0,0,0,0,0,0,0,0,0,0,0,0,0,0,0,0,0,0,0,0,0,0,0,0.067885,0.067885,-0.065728,-0.065728,0.387992,-0.380227,0.764978,-0.777895,0.939328,0.939328,-0.943322,-0.943322,0.630754,-0.623908,0.293365,-0.303545,0,0,0,0,0,0,0,0,0,0,0,0,0,0,0,0
143,0,0,0,0,0,0,0,0,0,0,0,0,0,0,0,0,0,0,0,0,0,0,0,0,0.03869,0.03869,-0.03751,-0.03751,0.369321,-0.360247,0.741216,-0.753988,0.946892,0.946892,-0.951983,-0.951983,0.659074,-0.651638,0.306248,-0.316627,0,0,0,0,0,0,0,0,0,0,0,0,0,0,0,0
146,0,0,0,0,0,0,0,0,0,0,0,0,0,0,0,0,0,0,0,0,0,0,0,0,0.019726,0.019726,-0.019298,-0.019298,0.356409,-0.346565,0.722989,-0.735295,0.9506,0.9506,-0.95669,-0.95669,0.679743,-0.672221,0.31637,-0.326439,0,0,0,0,0,0,0,0,0,0,0,0,0,0,0,0
150,0,0,0,0,0,0,0,0,0,0,0,0,0,0,0,0,0,0,0,0,0,0,0,0,0,0,0,0,0.340946,-0.33037,0.698069,-0.709846,0.952783,0.952783,-0.959869,-0.959869,0.706863,-0.699632,0.331139,-0.340576,0,0,0,0,0,0,0,0,0,0,0,0,0,0,0,0
154,0,0,0,0,0,0,0,0,0,0,0,0,0,0,0,0,0,0,0,0,0,0,0,0,0,0,0,0,0.326264,-0.315979,0.671351,-0.682119,0.949818,0.949818,-0.957501,-0.957501,0.731618,-0.725119,0.347402,-0.355863,0.019286,-0.019559,0,0,0,0,0,0,0,0,0,0,0,0,0,0
158,0,0,0,0,0,0,0,0,0,0,0,0,0,0,0,0,0,0,0,0,0,0,0,0,0,0,0,0,0.31276,-0.303033,0.644308,-0.653715,0.943626,0.943626,-0.952,-0.952,0.75539,-0.750105,0.365938,-0.372952,0.044491,-0.044953,0,0,0,0,0,0,0,0,0,0,0,0,0,0
161,0,0,0,0,0,0,0,0,0,0,0,0,0,0,0,0,0,0,0,0,0,0,0,0,0,0,0,0,0.302812,-0.293637,0.624,-0.632152,0.937099,0.937099,-0.945969,-0.945969,0.772669,-0.768493,0.381112,-0.386949,0.066299,-0.066885,0,0,0,0,0,0,0,0,0,0,0,0,0,0
165,0,0,0,0,0,0,0,0,0,0,0,0,0,0,0,0,0,0,0,0,0,0,0,0,0,0,0,0,0.288919,-0.280906,0.596822,-0.603207,0.926132,0.926132,-0.935312,-0.935312,0.794823,-0.792191,0.402859,-0.407104,0.097696,-0.09859,0,0,0,0,0,0,0,0,0,0,0,0,0,0
169,0,0,0,0,0,0,0,0,0,0,0,0,0,0,0,0,0,0,0,0,0,0,0,0,0,0,0,0,0.273467,-0.266849,0.569621,-0.574384,0.912946,0.912946,-0.922053,-0.922053,0.81596,-0.81498,0.426118,-0.42893,0.130417,-0.131722,0,0,0,0,0,0,0,0,0,0,0,0,0,0
173,0,0,0,0,0,0,0,0,0,0,0,0,0,0,0,0,0,0,0,0,0,0,0,0,0,0,0,0,0.255722,-0.250377,0.542632,-0.545699,0.897652,0.897652,-0.906777,-0.906777,0.836198,-0.836944,0.450711,-0.452035,0.162754,-0.164427,0,0,0,0,0,0,0,0,0,0,0,0,0,0
176,0,0,0,0,0,0,0,0,0,0,0,0,0,0,0,0,0,0,0,0,0,0,0,0,0,0,0,0,0.240352,-0.235911,0.522585,-0.524538,0.885063,0.885063,-0.894047,-0.894047,0.850891,-0.852604,0.469827,-0.470392,0.185801,-0.187809,0,0,0,0,0,0,0,0,0,0,0,0,0,0
180,0,0,0,0,0,0,0,0,0,0,0,0,0,0,0,0,0,0,0,0,0,0,0,0,0,0,0,0,0.216382,-0.212942,0.496288,-0.497093,0.867045,0.867045,-0.87569,-0.87569,0.869498,-0.872378,0.496138,-0.495911,0.213629,-0.215921,0,0,0,0,0,0,0,0,0,0,0,0,0,0
184,0,0,0,0,0,0,0,0,0,0,0,0,0,0,0,0,0,0,0,0,0,0,0,0,0,0,0,0,0.187991,-0.185519,0.470651,-0.470884,0.848161,0.848161,-0.856149,-0.856149,0.88748,-0.890791,0.523179,-0.52272,0.236982,-0.239686,0,0,0,0,0,0,0,0,0,0,0,0,0,0
188,0,0,0,0,0,0,0,0,0,0,0,0,0,0,0,0,0,0,0,0,0,0,0,0,0,0,0,0,0.156511,-0.154675,0.445978,-0.445882,0.828176,0.828176,-0.835478,-0.835478,0.904058,-0.907618,0.550684,-0.550339,0.256436,-0.259357,0,0,0,0,0,0,0,0,0,0,0,0,0,0
191,0,0,0,0,0,0,0,0,0,0,0,0,0,0,0,0,0,0,0,0,0,0,0,0,0,0,0,0,0.131766,-0.13033,0.428024,-0.428018,0.812536,0.812536,-0.819173,-0.819173,0.915405,-0.918835,0.571502,-0.571394,0.268942,-0.272093,0,0,0,0,0,0,0,0,0,0,0,0,0,0
195,0,0,0,0,0,0,0,0,0,0,0,0,0,0,0,0,0,0,0,0,0,0,0,0,0,0,0,0,0.098682,-0.097613,0.405455,-0.405518,0.790742,0.790742,-0.796763,-0.796763,0.928705,-0.932054,0.599436,-0.59975,0.283776,-0.286907,0,0,0,0,0,0,0,0,0,0,0,0,0,0
199,0,0,0,0,0,0,0,0,0,0,0,0,0,0,0,0,0,0,0,0,0,0,0,0,0,0,0,0,0.066953,-0.066279,0.384094,-0.38464,0.768064,0.768064,-0.773186,-0.773186,0.939766,-0.942877,0.627376,-0.628057,0.297223,-0.300323,0,0,0,0,0,0,0,0,0,0,0,0,0,0
203,0,0,0,0,0,0,0,0,0,0,0,0,0,0,0,0,0,0,0,0,0,0,0,0,0,0,0,0,0.038226,-0.037767,0.364713,-0.365513,0.744611,0.744611,-0.749192,-0.749192,0.947771,-0.950807,0.655139,-0.656244,0.310369,-0.313133,0,0,0,0,0,0,0,0,0,0,0,0,0,0
206,0,0,0,0,0,0,0,0,0,0,0,0,0,0,0,0,0,0,0,0,0,0,0,0,0,0,0,0,0.019551,-0.019343,0.351451,-0.352248,0.726372,0.726372,-0.73053,-0.73053,0.951826,-0.955179,0.675708,-0.676908,0.320388,-0.322944,0,0,0,0,0,0,0,0,0,0,0,0,0,0
210,0,0,0,0,0,0,0,0,0,0,0,0,0,0,0,0,0,0,0,0,0,0,0,0,0,0,0,0,0,0,0.335742,-0.336325,0.701534,0.701534,-0.70516,-0.70516,0.954133,-0.95819,0.702919,-0.704188,0.335044,-0.337211,0,0,0,0,0,0,0,0,0,0,0,0,0,0
214,0,0,0,0,0,0,0,0,0,0,0,0,0,0,0,0,0,0,0,0,0,0,0,0,0,0,0,0,0,0,0.32151,-0.321599,0.674437,0.674437,-0.677841,-0.677841,0.951018,-0.956034,0.728163,-0.7291,0.351096,-0.352618,0.018896,0.018896,-0.019973,-0.019973,0,0,0,0,0,0,0,0,0,0
218,0,0,0,0,0,0,0,0,0,0,0,0,0,0,0,0,0,0,0,0,0,0,0,0,0,0,0,0,0,0,0.308963,-0.307814,0.647036,0.647036,-0.650151,-0.650151,0.944224,-0.951115,0.752813,-0.753063,0.36925,-0.369852,0.043588,0.043588,-0.045893,-0.045893,0,0,0,0,0,0,0,0,0,0
221,0,0,0,0,0,0,0,0,0,0,0,0,0,0,0,0,0,0,0,0,0,0,0,0,0,0,0,0,0,0,0.299653,-0.297712,0.626262,0.626262,-0.629151,-0.629151,0.937476,-0.945395,0.77095,-0.770495,0.383986,-0.384225,0.064815,0.064815,-0.068279,-0.068279,0,0,0,0,0,0,0,0,0,0
225,0,0,0,0,0,0,0,0,0,0,0,0,0,0,0,0,0,0,0,0,0,0,0,0,0,0,0,0,0,0,0.287092,-0.283577,0.598422,0.598422,-0.601024,-0.601024,0.925711,-0.935561,0.794184,-0.793032,0.405195,-0.404676,0.095739,0.095739,-0.100558,-0.100558,0,0,0,0,0,0,0,0,0,0
229,0,0,0,0,0,0,0,0,0,0,0,0,0,0,0,0,0,0,0,0,0,0,0,0,0,0,0,0,0,0,0.273033,-0.268181,0.570552,0.570552,-0.573034,-0.573034,0.911901,-0.923008,0.816593,-0.814564,0.427849,-0.426872,0.127947,0.127947,-0.134146,-0.134146,0,0,0,0,0,0,0,0,0,0
233,0,0,0,0,0,0,0,0,0,0,0,0,0,0,0,0,0,0,0,0,0,0,0,0,0,0,0,0,0,0,0.256647,-0.250517,0.54279,0.54279,-0.545149,-0.545149,0.896091,-0.908294,0.837815,-0.835332,0.451857,-0.450567,0.160121,0.160121,-0.167206,-0.167206,0,0,0,0,0,0,0,0,0,0
236,0,0,0,0,0,0,0,0,0,0,0,0,0,0,0,0,0,0,0,0,0,0,0,0,0,0,0,0,0,0,0.241999,-0.235157,0.522311,0.522311,-0.524733,-0.524733,0.883334,-0.895782,0.85312,-0.850247,0.47058,-0.469302,0.183044,0.183044,-0.190694,-0.190694,0,0,0,0,0,0,0,0,0,0
240,0,0,0,0,0,0,0,0,0,0,0,0,0,0,0,0,0,0,0,0,0,0,0,0,0,0,0,0,0,0,0.218851,-0.211321,0.495393,0.495393,-0.49794,-0.49794,0.865174,-0.877615,0.872311,-0.869416,0.496394,-0.495311,0.21103,0.21103,-0.218738,-0.218738,0,0,0,0,0,0,0,0,0,0
244,0,0,0,0,0,0,0,0,0,0,0,0,0,0,0,0,0,0,0,0,0,0,0,0,0,0,0,0,0,0,0.190833,-0.183413,0.469247,0.469247,-0.472191,-0.472191,0.846425,-0.857807,0.890412,-0.887633,0.523051,-0.522521,0.234922,0.234922,-0.242053,-0.242053,0,0,0,0,0,0,0,0,0,0
248,0,0,0,0,0,0,0,0,0,0,0,0,0,0,0,0,0,0,0,0,0,0,0,0,0,0,0,0,0,0,0.159325,-0.152463,0.444115,0.444115,-0.447566,-0.447566,0.826939,-0.836651,0.906864,-0.904681,0.550302,-0.55063,0.255157,0.255157,-0.261115,-0.261115,0,0,0,0,0,0,0,0,0,0
251,0,0,0,0,0,0,0,0,0,0,0,0,0,0,0,0,0,0,0,0,0,0,0,0,0,0,0,0,0,0,0.134435,-0.128275,0.425892,0.425892,-0.429847,-0.429847,0.81176,-0.819866,0.91781,-0.916231,0.570962,-0.572013,0.268445,0.268445,-0.273149,-0.273149,0,0,0,0,0,0,0,0,0,0
255,0,0,0,0,0,0,0,0,0,0,0,0,0,0,0,0,0,0,0,0,0,0,0,0,0,0,0,0,0,0,0.100862,-0.095932,0.402931,0.402931,-0.407602,-0.407602,0.790698,-0.796508,0.930718,-0.929956,0.598599,-0.600744,0.284224,0.284224,-0.2872,-0.2872,0,0,0,0,0,0,0,0,0,0
259,0,0,0,0,0,0,0,0,0,0,0,0,0,0,0,0,0,0,0,0,0,0,0,0,0,0,0,0,0,0,0.068528,-0.064973,0.381416,0.381416,-0.386913,-0.386913,0.768785,-0.772268,0.941064,-0.941322,0.626265,-0.629534,0.298624,0.298624,-0.299708,-0.299708,0,0,0,0,0,0,0,0,0,0
263,0,0,0,0,0,0,0,0,0,0,0,0,0,0,0,0,0,0,0,0,0,0,0,0,0,0,0,0,0,0,0.039147,-0.036989,0.361538,0.361538,-0.367968,-0.367968,0.746181,-0.747371,0.948624,-0.949797,0.653759,-0.658018,0.312424,0.312424,-0.311919,-0.311919,0,0,0,0,0,0,0,0,0,0
266,0,0,0,0,0,0,0,0,0,0,0,0,0,0,0,0,0,0,0,0,0,0,0,0,0,0,0,0,0,0,0.019904,-0.018917,0.348051,0.348051,-0.354891,-0.354891,0.728314,-0.728199,0.952766,-0.954138,0.673857,-0.679155,0.322934,0.322934,-0.321176,-0.321176,0,0,0,0,0,0,0,0,0,0
270,0,0,0,0,0,0,0,0,0,0,0,0,0,0,0,0,0,0,0,0,0,0,0,0,0,0,0,0,0,0,0,0,0.33184,0.33184,-0.339453,-0.339453,0.703962,-0.702022,0.955005,-0.957245,0.700856,-0.70673,0.338046,0.338046,-0.335239,-0.335239,0,0,0,0,0,0,0,0,0,0
274,0,0,0,0,0,0,0,0,0,0,0,0,0,0,0,0,0,0,0,0,0,0,0,0,0,0,0,0,0,0,0,0,0.317038,0.317038,-0.325281,-0.325281,0.677243,-0.674431,0.952091,-0.954811,0.725656,-0.732012,0.354036,0.354036,-0.350664,-0.350664,0.019408,0.019408,-0.019429,0,0,0,0,0,0,0
278,0,0,0,0,0,0,0,0,0,0,0,0,0,0,0,0,0,0,0,0,0,0,0,0,0,0,0,0,0,0,0,0,0.303814,0.303814,-0.31227,-0.31227,0.64989,-0.646817,0.94618,-0.948957,0.749727,-0.75629,0.371833,0.371833,-0.368378,-0.368378,0.044685,0.044685,-0.044657,0,0,0,0,0,0,0
281,0,0,0,0,0,0,0,0,0,0,0,0,0,0,0,0,0,0,0,0,0,0,0,0,0,0,0,0,0,0,0,0,0.294287,0.294287,-0.302732,-0.302732,0.628559,-0.625928,0.940649,-0.942781,0.767156,-0.773674,0.386252,0.386252,-0.383038,-0.383038,0.066101,0.066101,-0.066424,0,0,0,0,0,0,0
285,0,0,0,0,0,0,0,0,0,0,0,0,0,0,0,0,0,0,0,0,0,0,0,0,0,0,0,0,0,0,0,0,0.281068,0.281068,-0.289271,-0.289271,0.601007,-0.598266,0.929379,-0.931787,0.790199,-0.796636,0.406706,0.406706,-0.40411,-0.40411,0.098165,0.098165,-0.097821,0,0,0,0,0,0,0
289,0,0,0,0,0,0,0,0,0,0,0,0,0,0,0,0,0,0,0,0,0,0,0,0,0,0,0,0,0,0,0,0,0.266505,0.266505,-0.274538,-0.274538,0.572761,-0.570902,0.916709,-0.91818,0.81233,-0.818146,0.428491,0.428491,-0.4271,-0.4271,0.131113,0.131113,-0.130563,0,0,0,0,0,0,0
293,0,0,0,0,0,0,0,0,0,0,0,0,0,0,0,0,0,0,0,0,0,0,0,0,0,0,0,0,0,0,0,0,0.249831,0.249831,-0.257247,-0.257247,0.544523,-0.543923,0.901942,-0.902558,0.833536,-0.838707,0.45155,0.45155,-0.451478,-0.451478,0.163823,0.163823,-0.162854,0,0,0,0,0,0,0
296,0,0,0,0,0,0,0,0,0,0,0,0,0,0,0,0,0,0,0,0,0,0,0,0,0,0,0,0,0,0,0,0,0.235177,0.235177,-0.242141,-0.242141,0.523523,-0.52411,0.889805,-0.889563,0.848891,-0.853418,0.469575,0.469575,-0.470755,-0.470755,0.187199,0.187199,-0.185791,0,0,0,0,0,0,0
300,0,0,0,0,0,0,0,0,0,0,0,0,0,0,0,0,0,0,0,0,0,0,0,0,0,0,0,0,0,0,0,0,0.212159,0.212159,-0.218298,-0.218298,0.49587,-0.498329,0.872403,-0.870823,0.868479,-0.871997,0.494441,0.494441,-0.497415,-0.497415,0.215484,0.215484,-0.213295,0,0,0,0,0,0,0
304,0,0,0,0,0,0,0,0,0,0,0,0,0,0,0,0,0,0,0,0,0,0,0,0,0,0,0,0,0,0,0,0,0.184753,0.184753,-0.189854,-0.189854,0.469012,-0.4736,0.853895,-0.851102,0.887012,-0.889642,0.520245,0.520245,-0.525093,-0.525093,0.239483,0.239483,-0.236199,0,0,0,0,0,0,0
308,0,0,0,0,0,0,0,0,0,0,0,0,0,0,0,0,0,0,0,0,0,0,0,0,0,0,0,0,0,0,0,0,0.154094,0.154094,-0.158101,-0.158101,0.443163,-0.449937,0.83431,-0.830278,0.904231,-0.905919,0.546721,0.546721,-0.553541,-0.553541,0.259579,0.259579,-0.255076,0,0,0,0,0,0,0
311,0,0,0,0,0,0,0,0,0,0,0,0,0,0,0,0,0,0,0,0,0,0,0,0,0,0,0,0,0,0,0,0,0.129855,0.129855,-0.133148,-0.133148,0.424434,-0.432966,0.818939,-0.813948,0.915904,-0.916784,0.566896,0.566896,-0.575073,-0.575073,0.27258,0.27258,-0.267155,0,0,0,0,0,0,0
315,0,0,0,0,0,0,0,0,0,0,0,0,0,0,0,0,0,0,0,0,0,0,0,0,0,0,0,0,0,0,0,0,0.097386,0.097386,-0.099701,-0.099701,0.400841,-0.411461,0.797502,-0.79148,0.929608,-0.929682,0.594084,0.594084,-0.603893,-0.603893,0.287878,0.287878,-0.281294,0,0,0,0,0,0,0
319,0,0,0,0,0,0,0,0,0,0,0,0,0,0,0,0,0,0,0,0,0,0,0,0,0,0,0,0,0,0,0,0,0.066132,0.066132,-0.067557,-0.067557,0.379012,-0.391232,0.774887,-0.768211,0.940676,-0.940424,0.621552,0.621552,-0.632567,-0.632567,0.301763,0.301763,-0.294014,0,0,0,0,0,0,0
323,0,0,0,0,0,0,0,0,0,0,0,0,0,0,0,0,0,0,0,0,0,0,0,0,0,0,0,0,0,0,0,0,0.037672,0.037672,-0.038626,-0.038626,0.358976,-0.372537,0.751451,-0.744223,0.949314,-0.948347,0.648969,0.648969,-0.66071,-0.66071,0.314822,0.314822,-0.306639,0,0,0,0,0,0,0
326,0,0,0,0,0,0,0,0,0,0,0,0,0,0,0,0,0,0,0,0,0,0,0,0,0,0,0,0,0,0,0,0,0.019355,0.019355,-0.019682,-0.019682,0.34584,-0.359267,0.732805,-0.725932,0.95292,-0.952943,0.66968,0.66968,-0.681556,-0.681556,0.325156,0.325156,-0.316146,0,0,0,0,0,0,0
330,0,0,0,0,0,0,0,0,0,0,0,0,0,0,0,0,0,0,0,0,0,0,0,0,0,0,0,0,0,0,0,0,0,0,0,0,0.330333,-0.343004,0.707476,-0.701129,0.955308,-0.956165,0.697092,0.697092,-0.708536,-0.708536,0.339495,0.339495,-0.330487,0,0,0,0,0,0,0
334,0,0,0,0,0,0,0,0,0,0,0,0,0,0,0,0,0,0,0,0,0,0,0,0,0,0,0,0,0,0,0,0,0,0,0,0,0.316843,-0.327402,0.679717,-0.674426,0.951922,-0.954397,0.722901,0.722901,-0.732952,-0.732952,0.35504,0.35504,-0.346244,0.018887,-0.019698,0,0,0,0,0
338,0,0,0,0,0,0,0,0,0,0,0,0,0,0,0,0,0,0,0,0,0,0,0,0,0,0,0,0,0,0,0,0,0,0,0,0,0.305108,-0.312593,0.651301,-0.647505,0.945136,-0.949611,0.748345,0.748345,-0.756309,-0.756309,0.372366,0.372366,-0.364263,0.043495,-0.045376,0,0,0,0,0
341,0,0,0,0,0,0,0,0,0,0,0,0,0,0,0,0,0,0,0,0,0,0,0,0,0,0,0,0,0,0,0,0,0,0,0,0,0.296871,-0.301383,0.629815,-0.627264,0.937868,-0.944322,0.767143,0.767143,-0.773343,-0.773343,0.386611,0.386611,-0.379159,0.064836,-0.067531,0,0,0,0,0
345,0,0,0,0,0,0,0,0,0,0,0,0,0,0,0,0,0,0,0,0,0,0,0,0,0,0,0,0,0,0,0,0,0,0,0,0,0.285474,-0.285985,0.600979,-0.59977,0.925899,-0.935069,0.791349,0.791349,-0.79502,-0.79502,0.406946,0.406946,-0.400401,0.095513,-0.099598,0,0,0,0,0
349,0,0,0,0,0,0,0,0,0,0,0,0,0,0,0,0,0,0,0,0,0,0,0,0,0,0,0,0,0,0,0,0,0,0,0,0,0.27276,-0.269188,0.572028,-0.572642,0.911816,-0.922926,0.814605,0.814605,-0.815763,-0.815763,0.428802,0.428802,-0.423474,0.127612,-0.132985,0,0,0,0,0
353,0,0,0,0,0,0,0,0,0,0,0,0,0,0,0,0,0,0,0,0,0,0,0,0,0,0,0,0,0,0,0,0,0,0,0,0,0.257386,-0.250271,0.543623,-0.545328,0.895514,-0.908666,0.836908,0.836908,-0.83578,-0.83578,0.452123,0.452123,-0.447799,0.159451,-0.166114,0,0,0,0,0
356,0,0,0,0,0,0,0,0,0,0,0,0,0,0,0,0,0,0,0,0,0,0,0,0,0,0,0,0,0,0,0,0,0,0,0,0,0.243546,-0.234146,0.522702,-0.524979,0.882298,-0.896606,0.852774,0.852774,-0.850302,-0.850302,0.470575,0.470575,-0.466824,0.182266,-0.189698,0,0,0,0,0
360,0,0,0,0,0,0,0,0,0,0,0,0,0,0,0,0,0,0,0,0,0,0,0,0,0,0,0,0,0,0,0,0,0,0,0,0,0.221106,-0.209521,0.495617,-0.498117,0.863519,-0.878989,0.872575,0.872575,-0.869034,-0.869034,0.496369,0.496369,-0.49304,0.20994,-0.218127,0,0,0,0,0
364,0,0,0,0,0,0,0,0,0,0,0,0,0,0,0,0,0,0,0,0,0,0,0,0,0,0,0,0,0,0,0,0,0,0,0,0,0.19337,-0.181267,0.469623,-0.471949,0.844177,-0.859801,0.891051,0.891051,-0.887047,-0.887047,0.523428,0.523428,-0.520123,0.233344,-0.242178,0,0,0,0,0
368,0,0,0,0,0,0,0,0,0,0,0,0,0,0,0,0,0,0,0,0,0,0,0,0,0,0,0,0,0,0,0,0,0,0,0,0,0.161746,-0.150352,0.445015,-0.446567,0.824076,-0.839084,0.907616,0.907616,-0.904027,-0.904027,0.551163,0.551163,-0.547702,0.253018,-0.262117,0,0,0,0,0
371,0,0,0,0,0,0,0,0,0,0,0,0,0,0,0,0,0,0,0,0,0,0,0,0,0,0,0,0,0,0,0,0,0,0,0,0,0.136666,-0.1262,0.427476,-0.428145,0.808174,-0.82265,0.918641,0.918641,-0.915698,-0.915698,0.572422,0.572422,-0.568635,0.265811,-0.274955,0,0,0,0,0
375,0,0,0,0,0,0,0,0,0,0,0,0,0,0,0,0,0,0,0,0,0,0,0,0,0,0,0,0,0,0,0,0,0,0,0,0,0.1027,-0.094268,0.405406,-0.404767,0.786557,-0.799865,0.931248,0.931248,-0.929455,-0.929455,0.601034,0.601034,-0.5967,0.280937,-0.290073,0,0,0,0,0
379,0,0,0,0,0,0,0,0,0,0,0,0,0,0,0,0,0,0,0,0,0,0,0,0,0,0,0,0,0,0,0,0,0,0,0,0,0.069881,-0.063827,0.384828,-0.383067,0.764151,-0.775762,0.941379,0.941379,-0.941223,-0.941223,0.629626,0.629626,-0.624696,0.294645,-0.303444,0,0,0,0,0
383,0,0,0,0,0,0,0,0,0,0,0,0,0,0,0,0,0,0,0,0,0,0,0,0,0,0,0,0,0,0,0,0,0,0,0,0,0.039856,-0.036315,0.365991,-0.362935,0.7409,-0.750991,0.948867,0.948867,-0.950216,-0.950216,0.657866,0.657866,-0.652566,0.307896,-0.316189,0,0,0,0,0
386,0,0,0,0,0,0,0,0,0,0,0,0,0,0,0,0,0,0,0,0,0,0,0,0,0,0,0,0,0,0,0,0,0,0,0,0,0.020451,-0.018442,0.352911,-0.349211,0.723037,-0.731846,0.952313,0.952313,-0.954925,-0.954925,0.678935,0.678935,-0.673265,0.317905,-0.325913,0,0,0,0,0
390,0,0,0,0,0,0,0,0,0,0,0,0,0,0,0,0,0,0,0,0,0,0,0,0,0,0,0,0,0,0,0,0,0,0,0,0,0,0,0.337234,-0.333043,0.698482,-0.705888,0.954836,0.954836,-0.958143,-0.958143,0.705957,0.705957,-0.700575,0.332395,-0.339861,0,0,0,0,0
394,0,0,0,0,0,0,0,0,0,0,0,0,0,0,0,0,0,0,0,0,0,0,0,0,0,0,0,0,0,0,0,0,0,0,0,0,0,0,0.322454,-0.318697,0.671787,-0.678246,0.952178,0.952178,-0.955978,-0.955978,0.730827,0.730827,-0.725878,0.347947,-0.354834,0.019046,-0.018961,0,0,0
398,0,0,0,0,0,0,0,0,0,0,0,0,0,0,0,0,0,0,0,0,0,0,0,0,0,0,0,0,0,0,0,0,0,0,0,0,0,0,0.309021,-0.305753,0.644677,-0.650284,0.946354,0.946354,-0.950461,-0.950461,0.754784,0.754784,-0.750684,0.365492,-0.371682,0.043979,-0.04369,0,0,0
401,0,0,0,0,0,0,0,0,0,0,0,0,0,0,0,0,0,0,0,0,0,0,0,0,0,0,0,0,0,0,0,0,0,0,0,0,0,0,0.29907,-0.29648,0.624244,-0.629192,0.940372,0.940372,-0.94421,-0.94421,0.77225,0.77225,-0.768804,0.379861,-0.385629,0.065499,-0.065187,0,0,0
405,0,0,0,0,0,0,0,0,0,0,0,0,0,0,0,0,0,0,0,0,0,0,0,0,0,0,0,0,0,0,0,0,0,0,0,0,0,0,0.285283,-0.283657,0.596806,-0.600871,0.929955,0.929955,-0.933419,-0.933419,0.79449,0.79449,-0.792328,0.400713,-0.405695,0.096811,-0.096393,0,0,0
409,0,0,0,0,0,0,0,0,0,0,0,0,0,0,0,0,0,0,0,0,0,0,0,0,0,0,0,0,0,0,0,0,0,0,0,0,0,0,0.270001,-0.269588,0.569304,-0.572604,0.917169,0.917169,-0.919948,-0.919948,0.815891,0.815891,-0.814904,0.423443,-0.427648,0.129616,-0.129231,0,0,0
413,0,0,0,0,0,0,0,0,0,0,0,0,0,0,0,0,0,0,0,0,0,0,0,0,0,0,0,0,0,0,0,0,0,0,0,0,0,0,0.252455,-0.253146,0.542008,-0.544477,0.901963,0.901963,-0.904361,-0.904361,0.836233,0.836233,-0.836577,0.448028,-0.451277,0.162378,-0.162097,0,0,0
416,0,0,0,0,0,0,0,0,0,0,0,0,0,0,0,0,0,0,0,0,0,0,0,0,0,0,0,0,0,0,0,0,0,0,0,0,0,0,0.23719,-0.238654,0.521799,-0.523514,0.88911,0.88911,-0.891367,-0.891367,0.850842,0.850842,-0.85217,0.467732,-0.470185,0.186018,-0.185813,0,0,0
420,0,0,0,0,0,0,0,0,0,0,0,0,0,0,0,0,0,0,0,0,0,0,0,0,0,0,0,0,0,0,0,0,0,0,0,0,0,0,0.213411,-0.2156,0.495324,-0.495895,0.870166,0.870166,-0.872554,-0.872554,0.869348,0.869348,-0.871883,0.495452,-0.496779,0.214898,-0.215027,0,0,0
424,0,0,0,0,0,0,0,0,0,0,0,0,0,0,0,0,0,0,0,0,0,0,0,0,0,0,0,0,0,0,0,0,0,0,0,0,0,0,0.185276,-0.187905,0.469647,-0.468924,0.8495,0.8495,-0.852524,-0.852524,0.886738,0.886738,-0.890386,0.524819,-0.524943,0.239739,-0.240377,0,0,0
428,0,0,0,0,0,0,0,0,0,0,0,0,0,0,0,0,0,0,0,0,0,0,0,0,0,0,0,0,0,0,0,0,0,0,0,0,0,0,0.154027,-0.156758,0.445058,-0.442924,0.827452,0.827452,-0.831426,-0.831426,0.902605,0.902605,-0.90721,0.555032,-0.554043,0.260713,-0.262129,0,0,0
431,0,0,0,0,0,0,0,0,0,0,0,0,0,0,0,0,0,0,0,0,0,0,0,0,0,0,0,0,0,0,0,0,0,0,0,0,0,0,0.12962,-0.132386,0.427304,-0.424381,0.810401,0.810401,-0.814516,-0.814516,0.913117,0.913117,-0.918604,0.577814,-0.575909,0.274089,-0.276158,0,0,0
435,0,0,0,0,0,0,0,0,0,0,0,0,0,0,0,0,0,0,0,0,0,0,0,0,0,0,0,0,0,0,0,0,0,0,0,0,0,0,0.096852,-0.099007,0.405102,-0.40037,0.786391,0.786391,-0.792305,-0.792305,0.925922,0.925922,-0.93166,0.607642,-0.604837,0.289724,-0.292675,0,0,0
439,0,0,0,0,0,0,0,0,0,0,0,0,0,0,0,0,0,0,0,0,0,0,0,0,0,0,0,0,0,0,0,0,0,0,0,0,0,0,0.065478,-0.067137,0.384588,-0.378629,0.762419,0.762419,-0.769468,-0.769468,0.936309,0.936309,-0.942402,0.63643,-0.632898,0.303052,-0.306825,0,0,0
443,0,0,0,0,0,0,0,0,0,0,0,0,0,0,0,0,0,0,0,0,0,0,0,0,0,0,0,0,0,0,0,0,0,0,0,0,0,0,0.037189,-0.038197,0.365936,-0.359142,0.738728,0.738728,-0.746642,-0.746642,0.944411,0.944411,-0.950564,0.663764,-0.659492,0.31464,-0.31947,0,0,0
446,0,0,0,0,0,0,0,0,0,0,0,0,0,0,0,0,0,0,0,0,0,0,0,0,0,0,0,0,0,0,0,0,0,0,0,0,0,0,0.01898,-0.019549,0.353476,-0.34628,0.721281,0.721281,-0.729662,-0.729662,0.949058,0.949058,-0.954775,0.682433,-0.67831,0.322955,-0.328105,0,0,0
450,0,0,0,0,0,0,0,0,0,0,0,0,0,0,0,0,0,0,0,0,0,0,0,0,0,0,0,0,0,0,0,0,0,0,0,0,0,0,0,0,0.339006,-0.33175,0.69909,0.69909,-0.707774,-0.707774,0.953117,0.953117,-0.958384,0.705535,-0.701595,0.333739,-0.339272,0,0,0
454,0,0,0,0,0,0,0,0,0,0,0,0,0,0,0,0,0,0,0,0,0,0,0,0,0,0,0,0,0,0,0,0,0,0,0,0,0,0,0,0,0.32527,-0.31882,0.67493,0.67493,-0.683362,-0.683362,0.950276,0.950276,-0.954525,0.722156,-0.719089,0.342938,-0.349059,0.032291,-0.031857,0
458,0,0,0,0,0,0,0,0,0,0,0,0,0,0,0,0,0,0,0,0,0,0,0,0,0,0,0,0,0,0,0,0,0,0,0,0,0,0,0,0,0.313067,-0.30784,0.651512,0.651512,-0.659317,-0.659317,0.944066,0.944066,-0.947506,0.735325,-0.733838,0.352134,-0.358628,0.07417,-0.072966,0
461,0,0,0,0,0,0,0,0,0,0,0,0,0,0,0,0,0,0,0,0,0,0,0,0,0,0,0,0,0,0,0,0,0,0,0,0,0,0,0,0,0.30424,-0.300379,0.634521,0.634521,-0.641471,-0.641471,0.937724,0.937724,-0.940584,0.743525,-0.743192,0.359181,-0.365761,0.110025,-0.108295,0
465,0,0,0,0,0,0,0,0,0,0,0,0,0,0,0,0,0,0,0,0,0,0,0,0,0,0,0,0,0,0,0,0,0,0,0,0,0,0,0,0,0.292462,-0.290466,0.611987,0.611987,-0.618129,-0.618129,0.927224,0.927224,-0.928931,0.752491,-0.754286,0.368662,-0.375408,0.161175,-0.158588,0
469,0,0,0,0,0,0,0,0,0,0,0,0,0,0,0,0,0,0,0,0,0,0,0,0,0,0,0,0,0,0,0,0,0,0,0,0,0,0,0,0,0.279643,-0.279823,0.590179,0.590179,-0.595274,-0.595274,0.914732,0.914732,-0.915342,0.760187,-0.763803,0.378505,-0.385181,0.213486,-0.210275,0
473,0,0,0,0,0,0,0,0,0,0,0,0,0,0,0,0,0,0,0,0,0,0,0,0,0,0,0,0,0,0,0,0,0,0,0,0,0,0,0,0,0.265054,-0.267313,0.56884,0.56884,-0.572854,-0.572854,0.900956,0.900956,-0.900594,0.767241,-0.772541,0.388772,-0.395164,0.263764,-0.260107,0
476,0,0,0,0,0,0,0,0,0,0,0,0,0,0,0,0,0,0,0,0,0,0,0,0,0,0,0,0,0,0,0,0,0,0,0,0,0,0,0,0,0.25256,-0.256128,0.553235,0.553235,-0.556425,-0.556425,0.889904,0.889904,-0.889167,0.772429,-0.778863,0.396919,-0.402937,0.298458,-0.294547,0
480,0,0,0,0,0,0,0,0,0,0,0,0,0,0,0,0,0,0,0,0,0,0,0,0,0,0,0,0,0,0,0,0,0,0,0,0,0,0,0,0,0.23304,-0.23792,0.532978,0.532978,-0.535114,-0.535114,0.874832,0.874832,-0.873733,0.779859,-0.787514,0.408375,-0.413684,0.338143,-0.334145,0
484,0,0,0,0,0,0,0,0,0,0,0,0,0,0,0,0,0,0,0,0,0,0,0,0,0,0,0,0,0,0,0,0,0,0,0,0,0,0,0,0,0.209754,-0.215585,0.513367,0.513367,-0.514788,-0.514788,0.860159,0.860159,-0.858806,0.788999,-0.796764,0.420734,-0.42507,0.368191,-0.36467,0
488,0,0,0,0,0,0,0,0,0,0,0,0,0,0,0,0,0,0,0,0,0,0,0,0,0,0,0,0,0,0,0,0,0,0,0,0,0,0,0,0,0.183235,-0.189096,0.49457,0.49457,-0.495202,-0.495202,0.845522,0.845522,-0.844645,0.799177,-0.807295,0.433929,-0.43713,0.389626,-0.386548,0
491,0,0,0,0,0,0,0,0,0,0,0,0,0,0,0,0,0,0,0,0,0,0,0,0,0,0,0,0,0,0,0,0,0,0,0,0,0,0,0,0,0.161476,-0.166943,0.480853,0.480853,-0.480845,-0.480845,0.834569,0.834569,-0.834351,0.807335,-0.815685,0.444284,-0.446532,0.400699,-0.397997,0
495,0,0,0,0,0,0,0,0,0,0,0,0,0,0,0,0,0,0,0,0,0,0,0,0,0,0,0,0,0,0,0,0,0,0,0,0,0,0,0,0,0.130301,-0.135007,0.462949,0.462949,-0.46235,-0.46235,0.820356,0.820356,-0.820919,0.819267,-0.827395,0.458595,-0.459364,0.409844,-0.407886,0
499,0,0,0,0,0,0,0,0,0,0,0,0,0,0,0,0,0,0,0,0,0,0,0,0,0,0,0,0,0,0,0,0,0,0,0,0,0,0,0,0,0.097163,-0.100816,0.445379,0.445379,-0.444235,-0.444235,0.806091,0.806091,-0.807849,0.832239,-0.839367,0.47334,-0.47259,0.414052,-0.413012,0
503,0,0,0,0,0,0,0,0,0,0,0,0,0,0,0,0,0,0,0,0,0,0,0,0,0,0,0,0,0,0,0,0,0,0,0,0,0,0,0,0,0.062503,-0.065077,0.427997,0.427997,-0.426679,-0.426679,0.792138,0.792138,-0.795072,0.845812,-0.851483,0.488771,-0.485956,0.414348,-0.414383,0
506,0,0,0,0,0,0,0,0,0,0,0,0,0,0,0,0,0,0,0,0,0,0,0,0,0,0,0,0,0,0,0,0,0,0,0,0,0,0,0,0,0.035953,-0.037306,0.415138,0.415138,-0.413309,-0.413309,0.781346,0.781346,-0.785455,0.855597,-0.86105,0.49996,-0.496272,0.413242,-0.413742,0
510,0,0,0,0,0,0,0,0,0,0,0,0,0,0,0,0,0,0,0,0,0,0,0,0,0,0,0,0,0,0,0,0,0,0,0,0,0,0,0,0,0,0,0.397907,0.397907,-0.395842,-0.395842,0.767117,0.767117,-0.772589,0.869248,-0.873333,0.515324,-0.509673,0.410299,-0.411757,0
